--专家
--区域地基给一个专家槽位
UPDATE Districts SET CitizenSlots = 1 
 WHERE DistrictType = 'DISTRICT_CAMPUS'
 	OR DistrictType = 'DISTRICT_COMMERCIAL_HUB'
 	OR DistrictType = 'DISTRICT_ENCAMPMENT'
 	OR DistrictType = 'DISTRICT_HARBOR'
 	OR DistrictType = 'DISTRICT_HOLY_SITE'
 	OR DistrictType = 'DISTRICT_INDUSTRIAL_ZONE'
 	OR DistrictType = 'DISTRICT_ACROPOLIS'
    OR DistrictType = 'DISTRICT_THEATER'
    OR DistrictType = 'DISTRICT_HANSA'
    OR DistrictType = 'DISTRICT_OPPIDUM'
    OR DistrictType = 'DISTRICT_LAVRA'
    OR DistrictType = 'DISTRICT_ROYAL_NAVY_DOCKYARD'
    OR DistrictType = 'DISTRICT_IKANDA'
    OR DistrictType = 'DISTRICT_SEOWON'
    OR DistrictType = 'DISTRICT_COTHON'
    OR DistrictType = 'DISTRICT_SUGUBA'
    OR DistrictType = 'DISTRICT_THANH'
    OR DistrictType = 'DISTRICT_OBSERVATORY';
--奥皮杜姆加一专家槽位
UPDATE Districts SET CitizenSlots=2 WHERE DistrictType='DISTRICT_OPPIDUM';
/* --专家产出伟人点数 奇怪的翻倍bug
INSERT INTO District_CitizenGreatPersonPoints (DistrictType, GreatPersonClassType, PointsPerTurn) VALUES
    ('DISTRICT_HOLY_SITE',				'GREAT_PERSON_CLASS_PROPHET',		1),
    ('DISTRICT_LAVRA',		            'GREAT_PERSON_CLASS_PROPHET',		1),
	('DISTRICT_CAMPUS',					'GREAT_PERSON_CLASS_SCIENTIST',		1),
    ('DISTRICT_SEOWON',		            'GREAT_PERSON_CLASS_SCIENTIST',		1),
    ('DISTRICT_OBSERVATORY',	        'GREAT_PERSON_CLASS_SCIENTIST',		1),
	('DISTRICT_COMMERCIAL_HUB',			'GREAT_PERSON_CLASS_MERCHANT',		1),
    ('DISTRICT_SUGUBA',		            'GREAT_PERSON_CLASS_MERCHANT',		1),
	('DISTRICT_ENCAMPMENT',				'GREAT_PERSON_CLASS_GENERAL',		1),
    ('DISTRICT_IKANDA',				    'GREAT_PERSON_CLASS_GENERAL',		1),
    ('DISTRICT_THANH',				    'GREAT_PERSON_CLASS_GENERAL',		1),
	('DISTRICT_HARBOR',					'GREAT_PERSON_CLASS_ADMIRAL',		1),
    ('DISTRICT_ROYAL_NAVY_DOCKYARD',	'GREAT_PERSON_CLASS_ADMIRAL',		1),
    ('DISTRICT_COTHON',					'GREAT_PERSON_CLASS_ADMIRAL',		1),
	('DISTRICT_HANSA',		            'GREAT_PERSON_CLASS_ENGINEER',		1),
    ('DISTRICT_INDUSTRIAL_ZONE',		'GREAT_PERSON_CLASS_ENGINEER',		1),
    ('DISTRICT_OPPIDUM',		        'GREAT_PERSON_CLASS_ENGINEER',		1),
    ('DISTRICT_ACROPOLIS',				'GREAT_PERSON_CLASS_WRITER',		1),
	('DISTRICT_ACROPOLIS',				'GREAT_PERSON_CLASS_ARTIST',		1),
	('DISTRICT_ACROPOLIS',				'GREAT_PERSON_CLASS_MUSICIAN',		1),
	('DISTRICT_THEATER',				'GREAT_PERSON_CLASS_WRITER',		1),
	('DISTRICT_THEATER',				'GREAT_PERSON_CLASS_ARTIST',		1),
	('DISTRICT_THEATER',				'GREAT_PERSON_CLASS_MUSICIAN',		1); */
--市政专家
UPDATE Districts SET CitizenSlots = 1 WHERE DistrictType = 'DISTRICT_GOVERNMENT';
INSERT INTO District_CitizenYieldChanges (DistrictType, YieldType, YieldChange) VALUES
('DISTRICT_GOVERNMENT', 'YIELD_CULTURE', 2);
UPDATE Buildings SET CitizenSlots = 1 
 WHERE BuildingType = 'BUILDING_GOV_CITYSTATES'
    OR BuildingType = 'BUILDING_GOV_TALL'
    OR BuildingType = 'BUILDING_GOV_WIDE'
    OR BuildingType = 'BUILDING_GOV_CONQUEST'
    OR BuildingType = 'BUILDING_GOV_SPIES'
    OR BuildingType = 'BUILDING_GOV_FAITH'
    OR BuildingType = 'BUILDING_GOV_MILITARY'
    OR BuildingType = 'BUILDING_GOV_CULTURE'
    OR BuildingType = 'BUILDING_GOV_SCIENCE'
    OR BuildingType = 'BUILDING_QUEENS_BIBLIOTHEQUE';
INSERT INTO Building_CitizenYieldChanges (BuildingType, YieldType, YieldChange) VALUES
('BUILDING_GOV_TALL', 'YIELD_CULTURE', 1),
('BUILDING_GOV_WIDE', 'YIELD_CULTURE', 1),
('BUILDING_GOV_CONQUEST', 'YIELD_CULTURE', 1),
('BUILDING_GOV_CITYSTATES', 'YIELD_CULTURE', 1),
('BUILDING_GOV_SPIES', 'YIELD_CULTURE', 1),
('BUILDING_GOV_FAITH', 'YIELD_CULTURE', 1),
('BUILDING_GOV_MILITARY', 'YIELD_CULTURE', 1),
('BUILDING_GOV_CULTURE', 'YIELD_CULTURE', 1),
('BUILDING_GOV_SCIENCE', 'YIELD_CULTURE', 1),
('BUILDING_QUEENS_BIBLIOTHEQUE', 'YIELD_CULTURE', 1);
--外交专家
UPDATE Districts SET CitizenSlots = 1 WHERE DistrictType = 'DISTRICT_DIPLOMATIC_QUARTER';
UPDATE Buildings SET CitizenSlots = 1 
 WHERE BuildingType = 'BUILDING_CONSULATE'
    OR BuildingType = 'BUILDING_CHANCERY';
INSERT INTO District_CitizenYieldChanges (DistrictType, YieldType, YieldChange) VALUES
('DISTRICT_DIPLOMATIC_QUARTER', 'YIELD_CULTURE', 2);
INSERT INTO Building_CitizenYieldChanges (BuildingType, YieldType, YieldChange) VALUES
('BUILDING_CONSULATE', 'YIELD_CULTURE', 1),
('BUILDING_CHANCERY', 'YIELD_CULTURE', 2);
--航空港专家
UPDATE Districts SET CitizenSlots = 1 WHERE DistrictType = 'DISTRICT_AERODROME';
UPDATE Buildings SET CitizenSlots = 1 
 WHERE BuildingType = 'BUILDING_HANGAR'
    OR BuildingType = 'BUILDING_AIRPORT';
INSERT INTO District_CitizenYieldChanges (DistrictType, YieldType, YieldChange) VALUES
('DISTRICT_AERODROME', 'YIELD_PRODUCTION', 1),
('DISTRICT_AERODROME', 'YIELD_GOLD', 2);
INSERT INTO Building_CitizenYieldChanges (BuildingType, YieldType, YieldChange) VALUES
('BUILDING_HANGAR', 'YIELD_PRODUCTION', 1),
('BUILDING_AIRPORT', 'YIELD_GOLD', 4);
/* INSERT INTO District_CitizenGreatPersonPoints (DistrictType, GreatPersonClassType, PointsPerTurn) VALUES
('DISTRICT_AERODROME', 'GREAT_PERSON_CLASS_GENERAL', 1); */
--保护区专家
UPDATE Districts SET CitizenSlots = 1 WHERE DistrictType = 'DISTRICT_PRESERVE';
UPDATE Buildings SET CitizenSlots = 1 
 WHERE BuildingType = 'BUILDING_GROVE'
    OR BuildingType = 'BUILDING_SANCTUARY';
INSERT INTO District_CitizenYieldChanges (DistrictType, YieldType, YieldChange) VALUES
('DISTRICT_PRESERVE', 'YIELD_CULTURE', 1),
('DISTRICT_PRESERVE', 'YIELD_FAITH', 1);
INSERT INTO Building_CitizenYieldChanges (BuildingType, YieldType, YieldChange) VALUES
('BUILDING_GROVE', 'YIELD_FAITH', 1),
('BUILDING_SANCTUARY', 'YIELD_SCIENCE', 1),
('BUILDING_SANCTUARY', 'YIELD_PRODUCTION', 1);
/* INSERT INTO District_CitizenGreatPersonPoints (DistrictType, GreatPersonClassType, PointsPerTurn) VALUES
('DISTRICT_PRESERVE', 'GREAT_PERSON_CLASS_PROPHET', 1); */
--学院专家
INSERT INTO Building_CitizenYieldChanges (BuildingType, YieldType, YieldChange) VALUES
('BUILDING_LIBRARY', 'YIELD_SCIENCE', 1),
('BUILDING_UNIVERSITY', 'YIELD_SCIENCE', 1),
('BUILDING_MADRASA', 'YIELD_SCIENCE', 1),
('BUILDING_NAVIGATION_SCHOOL', 'YIELD_SCIENCE', 1);
--圣地专家
INSERT INTO Building_CitizenYieldChanges (BuildingType, YieldType, YieldChange) VALUES
('BUILDING_SHRINE', 'YIELD_FAITH', 1),
('BUILDING_TEMPLE', 'YIELD_FAITH', 1),
('BUILDING_STAVE_CHURCH', 'YIELD_FAITH', 1),
('BUILDING_PRASAT', 'YIELD_FAITH', 1);
--商业专家
INSERT INTO Building_CitizenYieldChanges (BuildingType, YieldType, YieldChange) VALUES
('BUILDING_MARKET', 'YIELD_GOLD', 2),
('BUILDING_BANK', 'YIELD_GOLD', 2),
('BUILDING_SUKIENNICE', 'YIELD_GOLD', 2),
('BUILDING_GRAND_BAZAAR', 'YIELD_GOLD', 2);
--港口专家
INSERT INTO Building_CitizenYieldChanges (BuildingType, YieldType, YieldChange) VALUES
('BUILDING_LIGHTHOUSE', 'YIELD_GOLD', 2),
('BUILDING_SHIPYARD', 'YIELD_PRODUCTION', 1);
--剧院专家
INSERT INTO Building_CitizenYieldChanges (BuildingType, YieldType, YieldChange) VALUES
('BUILDING_AMPHITHEATER', 'YIELD_CULTURE', 1),
('BUILDING_MARAE', 'YIELD_CULTURE', 1),
('BUILDING_MUSEUM_ART', 'YIELD_CULTURE', 1),
('BUILDING_MUSEUM_ARTIFACT', 'YIELD_CULTURE', 1);
--军营专家
INSERT INTO Building_CitizenYieldChanges (BuildingType, YieldType, YieldChange) VALUES
('BUILDING_BARRACKS', 'YIELD_GOLD', 1),
('BUILDING_STABLE', 'YIELD_GOLD', 1),
('BUILDING_BASILIKOI_PAIDES', 'YIELD_GOLD', 1),
('BUILDING_ORDU', 'YIELD_GOLD', 1),
('BUILDING_ARMORY', 'YIELD_PRODUCTION', 1);
--工业专家
INSERT INTO Building_CitizenYieldChanges (BuildingType, YieldType, YieldChange) VALUES
('BUILDING_WORKSHOP', 'YIELD_PRODUCTION', 1),
('BUILDING_FACTORY', 'YIELD_PRODUCTION', 2),
('BUILDING_ELECTRONICS_FACTORY', 'YIELD_PRODUCTION', 2);
UPDATE Building_CitizenYieldChanges SET YieldChange=2 WHERE BuildingType='BUILDING_COAL_POWER_PLANT';
UPDATE Building_CitizenYieldChanges SET YieldChange=2 WHERE BuildingType='BUILDING_FOSSIL_FUEL_POWER_PLANT';
UPDATE Building_CitizenYieldChanges SET YieldChange=2 WHERE BuildingType='BUILDING_POWER_PLANT';
UPDATE Buildings SET CitizenSlots = 2 WHERE BuildingType = 'BUILDING_WORKSHOP';
UPDATE Buildings SET CitizenSlots = 2 WHERE BuildingType = 'BUILDING_FACTORY';
UPDATE Buildings SET CitizenSlots = 2 WHERE BuildingType = 'BUILDING_ELECTRONICS_FACTORY';
--宇航专家--
UPDATE Districts SET CitizenSlots = 3 WHERE DistrictType = 'DISTRICT_SPACEPORT';
INSERT INTO District_CitizenYieldChanges (DistrictType, YieldType, YieldChange) VALUES
('DISTRICT_SPACEPORT', 'YIELD_SCIENCE', 5);
--娱乐、水上乐园专家--
UPDATE Districts SET CitizenSlots = 2 WHERE DistrictType = 'DISTRICT_ENTERTAINMENT_COMPLEX';
UPDATE Districts SET CitizenSlots = 2 WHERE DistrictType = 'DISTRICT_STREET_CARNIVAL';
UPDATE Districts SET CitizenSlots = 2 WHERE DistrictType = 'DISTRICT_HIPPODROME';
UPDATE Districts SET CitizenSlots = 2 WHERE DistrictType = 'DISTRICT_WATER_ENTERTAINMENT_COMPLEX';
UPDATE Districts SET CitizenSlots = 2 WHERE DistrictType = 'DISTRICT_WATER_STREET_CARNIVAL';
UPDATE Buildings SET CitizenSlots = 2 
 WHERE BuildingType = 'BUILDING_ARENA'
    OR BuildingType = 'BUILDING_ZOO'
    OR BuildingType = 'BUILDING_STADIUM'
    OR BuildingType = 'BUILDING_TLACHTLI'
    OR BuildingType = 'BUILDING_FERRIS_WHEEL'
    OR BuildingType = 'BUILDING_AQUARIUM'
    OR BuildingType = 'BUILDING_AQUATICS_CENTER'
    OR BuildingType = 'BUILDING_THERMAL_BATH';
INSERT INTO District_CitizenYieldChanges (DistrictType, YieldType, YieldChange) VALUES
('DISTRICT_ENTERTAINMENT_COMPLEX', 'YIELD_FOOD', 2),
('DISTRICT_STREET_CARNIVAL', 'YIELD_FOOD', 2),
('DISTRICT_HIPPODROME', 'YIELD_FOOD', 2),
('DISTRICT_WATER_ENTERTAINMENT_COMPLEX', 'YIELD_FOOD', 2),
('DISTRICT_WATER_STREET_CARNIVAL', 'YIELD_FOOD', 2),
('DISTRICT_ENTERTAINMENT_COMPLEX', 'YIELD_GOLD', -1),
('DISTRICT_STREET_CARNIVAL', 'YIELD_GOLD', -1),
('DISTRICT_HIPPODROME', 'YIELD_GOLD', -1),
('DISTRICT_WATER_ENTERTAINMENT_COMPLEX', 'YIELD_GOLD', -1),
('DISTRICT_WATER_STREET_CARNIVAL', 'YIELD_GOLD', -1);
INSERT INTO Building_CitizenYieldChanges (BuildingType, YieldType, YieldChange) VALUES
('BUILDING_ARENA', 'YIELD_CULTURE', 1),
('BUILDING_ARENA', 'YIELD_FOOD', 1),
('BUILDING_ARENA', 'YIELD_GOLD', -1),
('BUILDING_ZOO', 'YIELD_SCIENCE', 1),
('BUILDING_ZOO', 'YIELD_FOOD', 1),
('BUILDING_ZOO', 'YIELD_GOLD', -1),
('BUILDING_STADIUM', 'YIELD_FOOD', 2),
('BUILDING_STADIUM', 'YIELD_GOLD', -2),
('BUILDING_FERRIS_WHEEL', 'YIELD_CULTURE', 1),
('BUILDING_FERRIS_WHEEL', 'YIELD_FOOD', 1),
('BUILDING_FERRIS_WHEEL', 'YIELD_GOLD', -1),
('BUILDING_AQUARIUM', 'YIELD_SCIENCE', 1),
('BUILDING_AQUARIUM', 'YIELD_FOOD', 1),
('BUILDING_AQUARIUM', 'YIELD_GOLD', -1),
('BUILDING_AQUATICS_CENTER', 'YIELD_FOOD', 2),
('BUILDING_AQUATICS_CENTER', 'YIELD_GOLD', -2),
('BUILDING_THERMAL_BATH', 'YIELD_SCIENCE', 1),
('BUILDING_THERMAL_BATH', 'YIELD_FOOD', 1),
('BUILDING_THERMAL_BATH', 'YIELD_GOLD', -1),
('BUILDING_TLACHTLI', 'YIELD_CULTURE', 1),
('BUILDING_TLACHTLI', 'YIELD_FOOD', 2),
('BUILDING_TLACHTLI', 'YIELD_GOLD', -1);

--军工加速25%
UPDATE District_BuildChargeProductions SET PercentProductionPerCharge = 25;
UPDATE Building_BuildChargeProductions SET PercentProductionPerCharge = 25;
--运河--
--基础造价降低
UPDATE Districts SET Cost = 54 WHERE DistrictType = 'DISTRICT_CANAL';
--每有一个运河，所有运河+3金币
INSERT INTO DistrictModifiers (DistrictType, ModifierId) VALUES
('DISTRICT_CANAL', 'CANAL_CANALS_GOLD_Cos');
INSERT INTO Modifiers (ModifierId, ModifierType, SubjectRequirementSetId) VALUES
('CANAL_CANALS_GOLD_Cos', 'MODIFIER_PLAYER_DISTRICTS_ADJUST_BASE_YIELD_CHANGE_Cos', 'DISTRICT_IS_CANAL');
INSERT INTO Types (Type,Kind) VALUES
('MODIFIER_PLAYER_DISTRICTS_ADJUST_BASE_YIELD_CHANGE_Cos', 'KIND_MODIFIER');
INSERT INTO DynamicModifiers (ModifierType, CollectionType, EffectType) VALUES
('MODIFIER_PLAYER_DISTRICTS_ADJUST_BASE_YIELD_CHANGE_Cos', 'COLLECTION_PLAYER_DISTRICTS', 'EFFECT_ADJUST_DISTRICT_BASE_YIELD_CHANGE');
INSERT INTO ModifierArguments (ModifierId, Name, Value) VALUES
('CANAL_CANALS_GOLD_Cos', 'Amount', 3),
('CANAL_CANALS_GOLD_Cos', 'YieldType', 'YIELD_GOLD');
--运河给商业相邻加成
INSERT INTO Adjacency_YieldChanges (ID, Description, YieldType, YieldChange, TilesRequired, AdjacentDistrict) VALUES
('Canal_Gold_Cos', 'LOC_DISTRICT_CANAL_GOLD_Cos', 'YIELD_GOLD', 2, 1,'DISTRICT_CANAL');
INSERT INTO District_Adjacencies (DistrictType, YieldChangeId) VALUES
('DISTRICT_COMMERCIAL_HUB', 'Canal_Gold_Cos'),
('DISTRICT_SUGUBA', 'Canal_Gold_Cos');
--堤坝--   
--基础造价降低
UPDATE Districts SET Cost = 54 WHERE DistrictType = 'DISTRICT_DAM';
--水电站坝
--大浴场效果（金币）
INSERT INTO BuildingModifiers (BuildingType, ModifierId) VALUES
('BUILDING_HYDROELECTRIC_DAM', 'HYDROELECTRIC_DAM_FLOOD_GOLD_Cos');
INSERT INTO Modifiers (ModifierId , ModifierType ,SubjectRequirementSetId) VALUES
('HYDROELECTRIC_DAM_FLOOD_GOLD_Cos', 'MODIFIER_SINGLE_CITY_ADJUST_YIELD_FOR_FLOOD', NULL);
INSERT INTO ModifierArguments (ModifierId , Name , Value) VALUES
('HYDROELECTRIC_DAM_FLOOD_GOLD_Cos', 'YieldType', 'YIELD_GOLD'),
('HYDROELECTRIC_DAM_FLOOD_GOLD_Cos', 'Amount', '1');
--+4金
INSERT INTO Building_YieldChanges (BuildingType, YieldType, YieldChange) VALUES
('BUILDING_HYDROELECTRIC_DAM', 'YIELD_GOLD', 4);

--保护区--
--内外商加成
INSERT INTO District_TradeRouteYields (DistrictType, YieldType, YieldChangeAsDomesticDestination, YieldChangeAsInternationalDestination) VALUES
('DISTRICT_PRESERVE', 'YIELD_FOOD', 1, 0),
('DISTRICT_PRESERVE', 'YIELD_FAITH', 0, 1);
--树林山脉信仰加成
INSERT INTO District_Adjacencies (DistrictType, YieldChangeId) VALUES
('DISTRICT_PRESERVE', 'Mountain_Faith1'),
('DISTRICT_PRESERVE', 'Mountain_Faith2'),
('DISTRICT_PRESERVE', 'Mountain_Faith3'),
('DISTRICT_PRESERVE', 'Mountain_Faith4'),
('DISTRICT_PRESERVE', 'Mountain_Faith5'),
('DISTRICT_PRESERVE', 'Forest_Faith');
--绿洲、自然奇观文化加成
INSERT INTO District_Adjacencies (DistrictType, YieldChangeId) VALUES
('DISTRICT_PRESERVE', 'Oasis_Culture_Cos'),
('DISTRICT_PRESERVE', 'NaturalWonder_Culture_Cos');
INSERT INTO Adjacency_YieldChanges (ID, Description, YieldType, YieldChange, TilesRequired, AdjacentFeature) VALUES
('Oasis_Culture_Cos', 'LOC_OASIS_CULTURE_Cos', 'YIELD_CULTURE', 1, 1,'FEATURE_OASIS');
INSERT INTO Adjacency_YieldChanges (ID, Description, YieldType, YieldChange, TilesRequired, AdjacentNaturalWonder) VALUES
('NaturalWonder_Culture_Cos', 'LOC_NATURALWONDER_CULTURE_Cos', 'YIELD_CULTURE', 1, 1, 1);
--海岸雨林沼泽科技加成
INSERT INTO District_Adjacencies (DistrictType, YieldChangeId) VALUES
('DISTRICT_PRESERVE', 'Jungle_Science'),
('DISTRICT_PRESERVE', 'Coast_Science_Cos'),
('DISTRICT_PRESERVE', 'Marsh_Science_Cos');
INSERT INTO Adjacency_YieldChanges (ID, Description, YieldType, YieldChange, TilesRequired, AdjacentFeature) VALUES
('Marsh_Science_Cos', 'LOC_MARSH_SCIENCE_Cos', 'YIELD_SCIENCE', 1, 1,'FEATURE_MARSH');
INSERT INTO Adjacency_YieldChanges (ID, Description, YieldType, YieldChange, TilesRequired, AdjacentTerrain) VALUES
('Coast_Science_Cos', 'LOC_COAST_SCIENCE_Cos', 'YIELD_SCIENCE', 1, 2,'TERRAIN_COAST');

--社区--
--为学院、圣地、剧院、商业提供大量相邻加成
INSERT INTO Adjacency_YieldChanges (ID, Description, YieldType, YieldChange, TilesRequired, AdjacentDistrict) VALUES
('NEIGHBORHOOD_SCIENCE_Cos', 'LOC_DISTRICT_NEIGHBORHOOD_SCIENCE_Cos', 'YIELD_SCIENCE', 2, 1,'DISTRICT_NEIGHBORHOOD'),
('NEIGHBORHOOD_FAITH_Cos', 'LOC_DISTRICT_NEIGHBORHOOD_FAITH_Cos', 'YIELD_FAITH', 2, 1,'DISTRICT_NEIGHBORHOOD'),
('NEIGHBORHOOD_CULTURE_Cos', 'LOC_DISTRICT_NEIGHBORHOOD_CULTURE_Cos', 'YIELD_CULTURE', 2, 1,'DISTRICT_NEIGHBORHOOD'),
('NEIGHBORHOOD_GOLD_Cos', 'LOC_DISTRICT_NEIGHBORHOOD_GOLD_Cos', 'YIELD_GOLD', 2, 1,'DISTRICT_NEIGHBORHOOD');
INSERT INTO District_Adjacencies (DistrictType, YieldChangeId) VALUES
('DISTRICT_OBSERVATORY', 'NEIGHBORHOOD_SCIENCE_Cos'),
('DISTRICT_CAMPUS', 'NEIGHBORHOOD_SCIENCE_Cos'),
('DISTRICT_COMMERCIAL_HUB', 'NEIGHBORHOOD_GOLD_Cos'),
('DISTRICT_SUGUBA', 'NEIGHBORHOOD_GOLD_Cos'),
('DISTRICT_THEATER', 'NEIGHBORHOOD_CULTURE_Cos'),
('DISTRICT_ACROPOLIS', 'NEIGHBORHOOD_CULTURE_Cos'),
('DISTRICT_LAVRA', 'NEIGHBORHOOD_FAITH_Cos'),
('DISTRICT_HOLY_SITE', 'NEIGHBORHOOD_FAITH_Cos');
--食品市场
--和购物不排斥
DELETE FROM MutuallyExclusiveBuildings WHERE Building='BUILDING_FOOD_MARKET';
DELETE FROM MutuallyExclusiveBuildings WHERE Building='BUILDING_SHOPPING_MALL';
--到本城内商+2粮
INSERT INTO BuildingModifiers (BuildingType, ModifierId) VALUES
('BUILDING_FOOD_MARKET', 'FOOD_MARKET_TRADE_ROUTE_FOOD_Cos');
INSERT INTO Modifiers (ModifierId , ModifierType ,SubjectRequirementSetId) VALUES
('FOOD_MARKET_TRADE_ROUTE_FOOD_Cos', 'MODIFIER_SINGLE_CITY_ADJUST_TRADE_ROUTE_YIELD_TO_OTHERS', NULL);
INSERT INTO ModifierArguments (ModifierId , Name , Value) VALUES
('FOOD_MARKET_TRADE_ROUTE_FOOD_Cos', 'YieldType', 'YIELD_FOOD'),
('FOOD_MARKET_TRADE_ROUTE_FOOD_Cos', 'Amount', '2'),
('FOOD_MARKET_TRADE_ROUTE_FOOD_Cos', 'Domestic', '1');
--本城农场牧场渔船种植园加成资源+2金币
INSERT INTO BuildingModifiers (BuildingType, ModifierId) VALUES
('BUILDING_FOOD_MARKET', 'FOOD_MARKET_RESOURCE_FOOD_Cos');
INSERT INTO Modifiers (ModifierId , ModifierType ,SubjectRequirementSetId) VALUES
('FOOD_MARKET_RESOURCE_FOOD_Cos', 'MODIFIER_CITY_PLOT_YIELDS_ADJUST_PLOT_YIELD', 'RESOURCE_IS_FOOD_Cos');
INSERT INTO ModifierArguments (ModifierId , Name , Value) VALUES
('FOOD_MARKET_RESOURCE_FOOD_Cos', 'YieldType', 'YIELD_GOLD'),
('FOOD_MARKET_RESOURCE_FOOD_Cos', 'Amount', '2');
INSERT INTO RequirementSets (RequirementSetId , RequirementSetType) VALUES
('RESOURCE_IS_FOOD_Cos' , 'REQUIREMENTSET_TEST_ANY');
INSERT INTO RequirementSetRequirements (RequirementSetId , RequirementId) VALUES
('RESOURCE_IS_FOOD_Cos' , 'REQUIRES_RICE_IN_PLOT'),
('RESOURCE_IS_FOOD_Cos' , 'REQUIRES_WHEAT_IN_PLOT'),
('RESOURCE_IS_FOOD_Cos' , 'REQUIRES_MAIZE_IN_PLOT'),
('RESOURCE_IS_FOOD_Cos' , 'REQUIRES_BANANAS_IN_PLOT'),
('RESOURCE_IS_FOOD_Cos' , 'REQUIRES_CATTLE_IN_PLOT'),
('RESOURCE_IS_FOOD_Cos' , 'REQUIRES_CRABS_IN_PLOT'),
('RESOURCE_IS_FOOD_Cos' , 'REQUIRES_FISH_IN_PLOT'),
('RESOURCE_IS_FOOD_Cos' , 'REQUIRES_SHEEP_IN_PLOT');
INSERT INTO Requirements (RequirementId , RequirementType) VALUES
('REQUIRES_BANANAS_IN_PLOT' , 'REQUIREMENT_PLOT_RESOURCE_TYPE_MATCHES'),
('REQUIRES_CATTLE_IN_PLOT' , 'REQUIREMENT_PLOT_RESOURCE_TYPE_MATCHES'),
('REQUIRES_CRABS_IN_PLOT' , 'REQUIREMENT_PLOT_RESOURCE_TYPE_MATCHES'),
('REQUIRES_FISH_IN_PLOT' , 'REQUIREMENT_PLOT_RESOURCE_TYPE_MATCHES'),
('REQUIRES_SHEEP_IN_PLOT' , 'REQUIREMENT_PLOT_RESOURCE_TYPE_MATCHES');
INSERT INTO RequirementArguments (RequirementId , Name , Value) VALUES
('REQUIRES_BANANAS_IN_PLOT' , 'ResourceType' , 'RESOURCE_BANANAS'),
('REQUIRES_CATTLE_IN_PLOT' , 'ResourceType' , 'RESOURCE_CATTLE'),
('REQUIRES_CRABS_IN_PLOT' , 'ResourceType' , 'RESOURCE_CRABS'),
('REQUIRES_FISH_IN_PLOT' , 'ResourceType' , 'RESOURCE_FISH'),
('REQUIRES_SHEEP_IN_PLOT' , 'ResourceType' , 'RESOURCE_SHEEP');
--购物商场--
--每人1金
INSERT INTO BuildingModifiers (BuildingType, ModifierId) VALUES
('BUILDING_SHOPPING_MALL', 'SHOPPING_MALL_POPULATION_GOLD_Cos');
INSERT INTO Modifiers (ModifierId , ModifierType ,SubjectRequirementSetId) VALUES
('SHOPPING_MALL_POPULATION_GOLD_Cos', 'MODIFIER_SINGLE_CITY_ADJUST_CITY_YIELD_PER_POPULATION', NULL);
INSERT INTO ModifierArguments (ModifierId , Name , Value) VALUES
('SHOPPING_MALL_POPULATION_GOLD_Cos', 'YieldType', 'YIELD_GOLD'),
('SHOPPING_MALL_POPULATION_GOLD_Cos', 'Amount', '1');

--市中心--
--下水道--
UPDATE Buildings SET Description='LOC_BUILDING_SEWER_DESCRIPTION_Cos' WHERE BuildingType='BUILDING_SEWER';
--社区和市中心+1宜居
INSERT INTO BuildingModifiers (BuildingType, ModifierId) VALUES
('BUILDING_SEWER', 'SEWER_NEIGHBORHOOD_AMENITY_Cos');
INSERT INTO Modifiers (ModifierId , ModifierType ,SubjectRequirementSetId) VALUES
('SEWER_NEIGHBORHOOD_AMENITY_Cos', 'MODIFIER_CITY_DISTRICTS_ADJUST_DISTRICT_AMENITY', 'DISTRICT_IS_NEIGHBORHOOD');
INSERT INTO ModifierArguments (ModifierId , Name , Value) VALUES
('SEWER_NEIGHBORHOOD_AMENITY_Cos', 'Amount', '1');
INSERT INTO BuildingModifiers (BuildingType, ModifierId) VALUES
('BUILDING_SEWER', 'SEWER_CITY_CENTER_AMENITY_Cos');
INSERT INTO Modifiers (ModifierId , ModifierType ,SubjectRequirementSetId) VALUES
('SEWER_CITY_CENTER_AMENITY_Cos', 'MODIFIER_CITY_DISTRICTS_ADJUST_DISTRICT_AMENITY', 'DISTRICT_IS_CITY_CENTER_Cos');
INSERT INTO ModifierArguments (ModifierId , Name , Value) VALUES
('SEWER_CITY_CENTER_AMENITY_Cos', 'Amount', '1');

--娱乐中心、水上乐园
--动物园--
--本城+1宜居
INSERT INTO BuildingModifiers (BuildingType, ModifierId) VALUES
('BUILDING_ZOO', 'ZOO_AMENITY_Cos');
INSERT INTO Modifiers (ModifierId , ModifierType ,SubjectRequirementSetId) VALUES
('ZOO_AMENITY_Cos', 'MODIFIER_SINGLE_CITY_ADJUST_ENTERTAINMENT', NULL);
INSERT INTO ModifierArguments (ModifierId , Name , Value) VALUES
('ZOO_AMENITY_Cos', 'Amount', '1');
--水族馆--
--本城+1宜居
INSERT INTO BuildingModifiers (BuildingType, ModifierId) VALUES
('BUILDING_AQUARIUM', 'AQUARIUM_AMENITY_Cos');
INSERT INTO Modifiers (ModifierId , ModifierType ,SubjectRequirementSetId) VALUES
('AQUARIUM_AMENITY_Cos', 'MODIFIER_SINGLE_CITY_ADJUST_ENTERTAINMENT', NULL);
INSERT INTO ModifierArguments (ModifierId , Name , Value) VALUES
('AQUARIUM_AMENITY_Cos', 'Amount', '1');
--体育场--
--本城+1宜居
INSERT INTO BuildingModifiers (BuildingType, ModifierId) VALUES
('BUILDING_STADIUM', 'STADIUM_AMENITY_Cos');
INSERT INTO Modifiers (ModifierId , ModifierType ,SubjectRequirementSetId) VALUES
('STADIUM_AMENITY_Cos', 'MODIFIER_SINGLE_CITY_ADJUST_ENTERTAINMENT', NULL);
INSERT INTO ModifierArguments (ModifierId , Name , Value) VALUES
('STADIUM_AMENITY_Cos', 'Amount', '1');
--人口不小于20+5%全产
INSERT INTO BuildingModifiers (BuildingType, ModifierId) VALUES
('BUILDING_STADIUM', 'STADIUM_YIELDS_Cos');
INSERT INTO Modifiers (ModifierId , ModifierType ,SubjectRequirementSetId) VALUES
('STADIUM_YIELDS_Cos', 'MODIFIER_SINGLE_CITY_ADJUST_CITY_YIELD_MODIFIER', 'STADIUM_20_POPULATION_REQUIREMENTS');
INSERT INTO ModifierArguments (ModifierId , Name , Value) VALUES
('STADIUM_YIELDS_Cos', 'YieldType', 'YIELD_PRODUCTION, YIELD_FOOD, YIELD_SCIENCE, YIELD_CULTURE, YIELD_GOLD, YIELD_FAITH'),
('STADIUM_YIELDS_Cos', 'Amount', '5, 5, 5, 5, 5, 5');
--水上运动场--
--本城+1宜居
INSERT INTO BuildingModifiers (BuildingType, ModifierId) VALUES
('BUILDING_AQUATICS_CENTER', 'AQUATICS_CENTER_AMENITY_Cos');
INSERT INTO Modifiers (ModifierId , ModifierType ,SubjectRequirementSetId) VALUES
('AQUATICS_CENTER_AMENITY_Cos', 'MODIFIER_SINGLE_CITY_ADJUST_ENTERTAINMENT', NULL);
INSERT INTO ModifierArguments (ModifierId , Name , Value) VALUES
('AQUATICS_CENTER_AMENITY_Cos', 'Amount', '1');
--海岸湖泊+0.5锤、1.5金、0.5文
INSERT INTO BuildingModifiers (BuildingType, ModifierId) VALUES
('BUILDING_AQUATICS_CENTER', 'AQUATICS_COAST_PRODUCTION_Cos');
INSERT INTO Modifiers (ModifierId , ModifierType ,SubjectRequirementSetId) VALUES
('AQUATICS_COAST_PRODUCTION_Cos', 'MODIFIER_CITY_ADJUST_CITY_YIELD_PER_TERRAIN_TYPE', NULL);
INSERT INTO ModifierArguments (ModifierId , Name , Value) VALUES
('AQUATICS_COAST_PRODUCTION_Cos', 'TerrainType', 'TERRAIN_COAST'),
('AQUATICS_COAST_PRODUCTION_Cos', 'YieldType', 'YIELD_PRODUCTION'),
('AQUATICS_COAST_PRODUCTION_Cos', 'Amount', '0.5');
INSERT INTO BuildingModifiers (BuildingType, ModifierId) VALUES
('BUILDING_AQUATICS_CENTER', 'AQUATICS_COAST_GOLD_Cos');
INSERT INTO Modifiers (ModifierId , ModifierType ,SubjectRequirementSetId) VALUES
('AQUATICS_COAST_GOLD_Cos', 'MODIFIER_CITY_ADJUST_CITY_YIELD_PER_TERRAIN_TYPE', NULL);
INSERT INTO ModifierArguments (ModifierId , Name , Value) VALUES
('AQUATICS_COAST_GOLD_Cos', 'TerrainType', 'TERRAIN_COAST'),
('AQUATICS_COAST_GOLD_Cos', 'YieldType', 'YIELD_GOLD'),
('AQUATICS_COAST_GOLD_Cos', 'Amount', '1.5');
INSERT INTO BuildingModifiers (BuildingType, ModifierId) VALUES
('BUILDING_AQUATICS_CENTER', 'AQUATICS_COAST_CULTURE_Cos');
INSERT INTO Modifiers (ModifierId , ModifierType ,SubjectRequirementSetId) VALUES
('AQUATICS_COAST_CULTURE_Cos', 'MODIFIER_CITY_ADJUST_CITY_YIELD_PER_TERRAIN_TYPE', NULL);
INSERT INTO ModifierArguments (ModifierId , Name , Value) VALUES
('AQUATICS_COAST_CULTURE_Cos', 'TerrainType', 'TERRAIN_COAST'),
('AQUATICS_COAST_CULTURE_Cos', 'YieldType', 'YIELD_CULTURE'),
('AQUATICS_COAST_CULTURE_Cos', 'Amount', '0.5');

--航空港--
--内外商加成
INSERT INTO District_TradeRouteYields (DistrictType, YieldType, YieldChangeAsDomesticDestination, YieldChangeAsInternationalDestination) VALUES
('DISTRICT_AERODROME', 'YIELD_PRODUCTION', 1, 1);
--机场--
--+1商路
INSERT INTO BuildingModifiers (BuildingType, ModifierId) VALUES
('BUILDING_AIRPORT', 'AIRPORT_TRADE_ROUTE_CAPACITY_Cos');
INSERT INTO Modifiers (ModifierId , ModifierType ,SubjectRequirementSetId) VALUES
('AIRPORT_TRADE_ROUTE_CAPACITY_Cos', 'MODIFIER_PLAYER_ADJUST_TRADE_ROUTE_CAPACITY', NULL);
INSERT INTO ModifierArguments (ModifierId , Name , Value) VALUES
('AIRPORT_TRADE_ROUTE_CAPACITY_Cos', 'Amount', '1');
--本城内外商+2锤
INSERT INTO BuildingModifiers (BuildingType, ModifierId) VALUES
('BUILDING_AIRPORT', 'AIRPORT_INTERNATIONALPRODUCTION_Cos');
INSERT INTO Modifiers (ModifierId , ModifierType ,SubjectRequirementSetId) VALUES
('AIRPORT_INTERNATIONALPRODUCTION_Cos', 'MODIFIER_SINGLE_CITY_ADJUST_TRADE_ROUTE_YIELD_FOR_INTERNATIONAL', NULL);
INSERT INTO ModifierArguments (ModifierId , Name , Value) VALUES
('AIRPORT_INTERNATIONALPRODUCTION_Cos', 'YieldType', 'YIELD_PRODUCTION'),
('AIRPORT_INTERNATIONALPRODUCTION_Cos', 'Amount', '2');
INSERT INTO BuildingModifiers (BuildingType, ModifierId) VALUES
('BUILDING_AIRPORT', 'AIRPORT_DOMESTICPRODUCTION_Cos');
INSERT INTO Modifiers (ModifierId , ModifierType ,SubjectRequirementSetId) VALUES
('AIRPORT_DOMESTICPRODUCTION_Cos', 'MODIFIER_SINGLE_CITY_ADJUST_TRADE_ROUTE_YIELD_FOR_DOMESTIC', NULL);
INSERT INTO ModifierArguments (ModifierId , Name , Value) VALUES
('AIRPORT_DOMESTICPRODUCTION_Cos', 'YieldType', 'YIELD_PRODUCTION'),
('AIRPORT_DOMESTICPRODUCTION_Cos', 'Amount', '2');
--通向本城内商+4金
INSERT INTO BuildingModifiers (BuildingType, ModifierId) VALUES
('BUILDING_AIRPORT', 'AIRPORT_TRADE_ROUTE_GOLD_Cos');
INSERT INTO Modifiers (ModifierId , ModifierType ,SubjectRequirementSetId) VALUES
('AIRPORT_TRADE_ROUTE_GOLD_Cos', 'MODIFIER_SINGLE_CITY_ADJUST_TRADE_ROUTE_YIELD_TO_OTHERS', NULL);
INSERT INTO ModifierArguments (ModifierId , Name , Value) VALUES
('AIRPORT_TRADE_ROUTE_GOLD_Cos', 'YieldType', 'YIELD_GOLD'),
('AIRPORT_TRADE_ROUTE_GOLD_Cos', 'Amount', '4'),
('AIRPORT_TRADE_ROUTE_GOLD_Cos', 'Domestic', '1');

--外交区--
--领事馆--
--+0.25同盟点数
INSERT INTO BuildingModifiers (BuildingType, ModifierId) VALUES
('BUILDING_CONSULATE', 'WISSELBANKEN_ALLIANCEPOINTS');
--外交办--
--+0.25同盟点数
INSERT INTO BuildingModifiers (BuildingType, ModifierId) VALUES
('BUILDING_CHANCERY', 'WISSELBANKEN_ALLIANCEPOINTS');
--市政--
--谒见厅--
--总督城+1宜居3住房
UPDATE ModifierArguments SET Value='1' WHERE ModifierId='GOV_TALL_AMENITY_BUFF' AND Name='Amount';
UPDATE ModifierArguments SET Value='3' WHERE ModifierId='GOV_TALL_HOUSING_BUFF' AND Name='Amount';
--总督每有一次升级+1宜居1住房
INSERT INTO BuildingModifiers (BuildingType, ModifierId) VALUES
('BUILDING_GOV_TALL', 'GOV_TALL_AMENITIES_1_Cos'),
('BUILDING_GOV_TALL', 'GOV_TALL_HOUSE_1_Cos'),
('BUILDING_GOV_TALL', 'GOV_TALL_AMENITIES_2_Cos'),
('BUILDING_GOV_TALL', 'GOV_TALL_HOUSE_2_Cos'),
('BUILDING_GOV_TALL', 'GOV_TALL_AMENITIES_3_Cos'),
('BUILDING_GOV_TALL', 'GOV_TALL_HOUSE_3_Cos'),
('BUILDING_GOV_TALL', 'GOV_TALL_AMENITIES_4_Cos'),
('BUILDING_GOV_TALL', 'GOV_TALL_HOUSE_4_Cos'),
('BUILDING_GOV_TALL', 'GOV_TALL_AMENITIES_5_Cos'),
('BUILDING_GOV_TALL', 'GOV_TALL_HOUSE_5_Cos'),
('BUILDING_GOV_TALL', 'GOV_TALL_AMENITIES_6_Cos'),
('BUILDING_GOV_TALL', 'GOV_TALL_HOUSE_6_Cos');
INSERT INTO Modifiers (ModifierId , ModifierType ,SubjectRequirementSetId) VALUES
('GOV_TALL_AMENITIES_1_Cos', 'MODIFIER_PLAYER_CITIES_ADJUST_AMENITIES_FROM_GOVERNORS', 'CITY_HAS_1_TITLE_GOVERNOR_REQUIREMENTS_Cos'),
('GOV_TALL_HOUSE_1_Cos', 'MODIFIER_PLAYER_CITIES_ADJUST_POLICY_HOUSING', 'CITY_HAS_1_TITLE_GOVERNOR_REQUIREMENTS_Cos'),
('GOV_TALL_AMENITIES_2_Cos', 'MODIFIER_PLAYER_CITIES_ADJUST_AMENITIES_FROM_GOVERNORS', 'CITY_HAS_2_TITLE_GOVERNOR_REQUIREMENTS'),
('GOV_TALL_HOUSE_2_Cos', 'MODIFIER_PLAYER_CITIES_ADJUST_POLICY_HOUSING', 'CITY_HAS_2_TITLE_GOVERNOR_REQUIREMENTS'),
('GOV_TALL_AMENITIES_3_Cos', 'MODIFIER_PLAYER_CITIES_ADJUST_AMENITIES_FROM_GOVERNORS', 'CITY_HAS_3_TITLE_GOVERNOR_REQUIREMENTS_Cos'),
('GOV_TALL_HOUSE_3_Cos', 'MODIFIER_PLAYER_CITIES_ADJUST_POLICY_HOUSING', 'CITY_HAS_3_TITLE_GOVERNOR_REQUIREMENTS_Cos'),
('GOV_TALL_AMENITIES_4_Cos', 'MODIFIER_PLAYER_CITIES_ADJUST_AMENITIES_FROM_GOVERNORS', 'CITY_HAS_4_TITLE_GOVERNOR_REQUIREMENTS_Cos'),
('GOV_TALL_HOUSE_4_Cos', 'MODIFIER_PLAYER_CITIES_ADJUST_POLICY_HOUSING', 'CITY_HAS_4_TITLE_GOVERNOR_REQUIREMENTS_Cos'),
('GOV_TALL_AMENITIES_5_Cos', 'MODIFIER_PLAYER_CITIES_ADJUST_AMENITIES_FROM_GOVERNORS', 'CITY_HAS_5_TITLE_GOVERNOR_REQUIREMENTS_Cos'),
('GOV_TALL_HOUSE_5_Cos', 'MODIFIER_PLAYER_CITIES_ADJUST_POLICY_HOUSING', 'CITY_HAS_5_TITLE_GOVERNOR_REQUIREMENTS_Cos'),
('GOV_TALL_AMENITIES_6_Cos', 'MODIFIER_PLAYER_CITIES_ADJUST_AMENITIES_FROM_GOVERNORS', 'CITY_HAS_6_TITLE_GOVERNOR_REQUIREMENTS_Cos'),
('GOV_TALL_HOUSE_6_Cos', 'MODIFIER_PLAYER_CITIES_ADJUST_POLICY_HOUSING', 'CITY_HAS_6_TITLE_GOVERNOR_REQUIREMENTS_Cos');
INSERT INTO ModifierArguments (ModifierId , Name , Value) VALUES
('GOV_TALL_AMENITIES_1_Cos', 'Amount', '1'),
('GOV_TALL_HOUSE_1_Cos', 'Amount', '1'),
('GOV_TALL_AMENITIES_2_Cos', 'Amount', '1'),
('GOV_TALL_HOUSE_2_Cos', 'Amount', '1'),
('GOV_TALL_AMENITIES_3_Cos', 'Amount', '1'),
('GOV_TALL_HOUSE_3_Cos', 'Amount', '1'),
('GOV_TALL_AMENITIES_4_Cos', 'Amount', '1'),
('GOV_TALL_HOUSE_4_Cos', 'Amount', '1'),
('GOV_TALL_AMENITIES_5_Cos', 'Amount', '1'),
('GOV_TALL_HOUSE_5_Cos', 'Amount', '1'),
('GOV_TALL_AMENITIES_6_Cos', 'Amount', '1'),
('GOV_TALL_HOUSE_6_Cos', 'Amount', '1');
INSERT INTO RequirementSets (RequirementSetId , RequirementSetType) VALUES
('CITY_HAS_1_TITLE_GOVERNOR_REQUIREMENTS_Cos' , 'REQUIREMENTSET_TEST_ALL'),
('CITY_HAS_3_TITLE_GOVERNOR_REQUIREMENTS_Cos' , 'REQUIREMENTSET_TEST_ALL'),
('CITY_HAS_4_TITLE_GOVERNOR_REQUIREMENTS_Cos' , 'REQUIREMENTSET_TEST_ALL'),
('CITY_HAS_5_TITLE_GOVERNOR_REQUIREMENTS_Cos' , 'REQUIREMENTSET_TEST_ALL'),
('CITY_HAS_6_TITLE_GOVERNOR_REQUIREMENTS_Cos' , 'REQUIREMENTSET_TEST_ALL');
INSERT INTO RequirementSetRequirements (RequirementSetId , RequirementId) VALUES
('CITY_HAS_1_TITLE_GOVERNOR_REQUIREMENTS_Cos' , 'REQUIRES_CITY_HAS_1_TITLE_GOVERNOR_Cos'),
('CITY_HAS_3_TITLE_GOVERNOR_REQUIREMENTS_Cos' , 'REQUIRES_CITY_HAS_3_TITLE_GOVERNOR_Cos'),
('CITY_HAS_4_TITLE_GOVERNOR_REQUIREMENTS_Cos' , 'REQUIRES_CITY_HAS_4_TITLE_GOVERNOR_Cos'),
('CITY_HAS_5_TITLE_GOVERNOR_REQUIREMENTS_Cos' , 'REQUIRES_CITY_HAS_5_TITLE_GOVERNOR_Cos'),
('CITY_HAS_6_TITLE_GOVERNOR_REQUIREMENTS_Cos' , 'REQUIRES_CITY_HAS_6_TITLE_GOVERNOR_Cos');
INSERT INTO Requirements (RequirementId , RequirementType) VALUES
('REQUIRES_CITY_HAS_1_TITLE_GOVERNOR_Cos' , 'REQUIREMENT_CITY_HAS_GOVERNOR_WITH_X_TITLES'),
('REQUIRES_CITY_HAS_3_TITLE_GOVERNOR_Cos' , 'REQUIREMENT_CITY_HAS_GOVERNOR_WITH_X_TITLES'),
('REQUIRES_CITY_HAS_4_TITLE_GOVERNOR_Cos' , 'REQUIREMENT_CITY_HAS_GOVERNOR_WITH_X_TITLES'),
('REQUIRES_CITY_HAS_5_TITLE_GOVERNOR_Cos' , 'REQUIREMENT_CITY_HAS_GOVERNOR_WITH_X_TITLES'),
('REQUIRES_CITY_HAS_6_TITLE_GOVERNOR_Cos' , 'REQUIREMENT_CITY_HAS_GOVERNOR_WITH_X_TITLES');
INSERT INTO RequirementArguments (RequirementId , Name , Value) VALUES
('REQUIRES_CITY_HAS_1_TITLE_GOVERNOR_Cos' , 'Established' , '1'),
('REQUIRES_CITY_HAS_1_TITLE_GOVERNOR_Cos' , 'Amount' , '1'),
('REQUIRES_CITY_HAS_3_TITLE_GOVERNOR_Cos' , 'Established' , '1'),
('REQUIRES_CITY_HAS_3_TITLE_GOVERNOR_Cos' , 'Amount' , '3'),
('REQUIRES_CITY_HAS_4_TITLE_GOVERNOR_Cos' , 'Established' , '1'),
('REQUIRES_CITY_HAS_4_TITLE_GOVERNOR_Cos' , 'Amount' , '4'),
('REQUIRES_CITY_HAS_5_TITLE_GOVERNOR_Cos' , 'Established' , '1'),
('REQUIRES_CITY_HAS_5_TITLE_GOVERNOR_Cos' , 'Amount' , '5'),
('REQUIRES_CITY_HAS_6_TITLE_GOVERNOR_Cos' , 'Established' , '1'),
('REQUIRES_CITY_HAS_6_TITLE_GOVERNOR_Cos' , 'Amount' , '6');
--军阀--
--战略储备+40
INSERT INTO BuildingModifiers (BuildingType, ModifierId) VALUES
('BUILDING_GOV_CONQUEST', 'GOV_CONQUEST_ADJUST_RESOURCE_STOCKPILE_CAP_Cos');
INSERT INTO Modifiers (ModifierId , ModifierType ,SubjectRequirementSetId) VALUES
('GOV_CONQUEST_ADJUST_RESOURCE_STOCKPILE_CAP_Cos', 'MODIFIER_PLAYER_ADJUST_RESOURCE_STOCKPILE_CAP', NULL);
INSERT INTO ModifierArguments (ModifierId , Name , Value) VALUES
('GOV_CONQUEST_ADJUST_RESOURCE_STOCKPILE_CAP_Cos', 'Amount', '40');
--忠诚度
INSERT INTO BuildingModifiers (BuildingType, ModifierId) VALUES
('BUILDING_GOV_CONQUEST', 'GOV_CONQUEST_IDENTITY_Cos');
INSERT INTO Modifiers (ModifierId , ModifierType ,SubjectRequirementSetId) VALUES
('GOV_CONQUEST_IDENTITY_Cos', 'MODIFIER_PLAYER_CITIES_ADJUST_IDENTITY_PER_TURN', NULL);
INSERT INTO ModifierArguments (ModifierId , Name , Value) VALUES
('GOV_CONQUEST_IDENTITY_Cos', 'Amount', '4');
--获得已解锁战略
INSERT INTO BuildingModifiers (BuildingType, ModifierId) VALUES
('BUILDING_GOV_CONQUEST', 'GOV_CONQUEST_HORSE_Cos');
INSERT INTO Modifiers (ModifierId , ModifierType ,SubjectRequirementSetId) VALUES
('GOV_CONQUEST_HORSE_Cos', 'MODIFIER_PLAYER_ADJUST_FREE_RESOURCE_IMPORT_EXTRACTION', 'CAN_SEE_HORSES_Cos');
INSERT INTO ModifierArguments (ModifierId , Name , Value) VALUES
('GOV_CONQUEST_HORSE_Cos', 'ResourceType', 'RESOURCE_HORSES'),
('GOV_CONQUEST_HORSE_Cos', 'Amount', '2');
INSERT INTO RequirementSets (RequirementSetId , RequirementSetType) VALUES
('CAN_SEE_HORSES_Cos' , 'REQUIREMENTSET_TEST_ALL');
INSERT INTO RequirementSetRequirements (RequirementSetId , RequirementId) VALUES
('CAN_SEE_HORSES_Cos' , 'REQUIRES_PLAYER_CAN_SEE_HORSES');
INSERT INTO BuildingModifiers (BuildingType, ModifierId) VALUES
('BUILDING_GOV_CONQUEST', 'GOV_CONQUEST_IRON_Cos');
INSERT INTO Modifiers (ModifierId , ModifierType ,SubjectRequirementSetId) VALUES
('GOV_CONQUEST_IRON_Cos', 'MODIFIER_PLAYER_ADJUST_FREE_RESOURCE_IMPORT_EXTRACTION', 'CAN_SEE_IRON_Cos');
INSERT INTO ModifierArguments (ModifierId , Name , Value) VALUES
('GOV_CONQUEST_IRON_Cos', 'ResourceType', 'RESOURCE_IRON'),
('GOV_CONQUEST_IRON_Cos', 'Amount', '2');
INSERT INTO RequirementSets (RequirementSetId , RequirementSetType) VALUES
('CAN_SEE_IRON_Cos' , 'REQUIREMENTSET_TEST_ALL');
INSERT INTO RequirementSetRequirements (RequirementSetId , RequirementId) VALUES
('CAN_SEE_IRON_Cos' , 'REQUIRES_PLAYER_CAN_SEE_IRON');
INSERT INTO BuildingModifiers (BuildingType, ModifierId) VALUES
('BUILDING_GOV_CONQUEST', 'GOV_CONQUEST_NITER_Cos');
INSERT INTO Modifiers (ModifierId , ModifierType ,SubjectRequirementSetId) VALUES
('GOV_CONQUEST_NITER_Cos', 'MODIFIER_PLAYER_ADJUST_FREE_RESOURCE_IMPORT_EXTRACTION', 'CAN_SEE_NITER_Cos');
INSERT INTO ModifierArguments (ModifierId , Name , Value) VALUES
('GOV_CONQUEST_NITER_Cos', 'ResourceType', 'RESOURCE_NITER'),
('GOV_CONQUEST_NITER_Cos', 'Amount', '2');
INSERT INTO RequirementSets (RequirementSetId , RequirementSetType) VALUES
('CAN_SEE_NITER_Cos' , 'REQUIREMENTSET_TEST_ALL');
INSERT INTO RequirementSetRequirements (RequirementSetId , RequirementId) VALUES
('CAN_SEE_NITER_Cos' , 'REQUIRES_PLAYER_CAN_SEE_NITER');
INSERT INTO BuildingModifiers (BuildingType, ModifierId) VALUES
('BUILDING_GOV_CONQUEST', 'GOV_CONQUEST_COAL_Cos');
INSERT INTO Modifiers (ModifierId , ModifierType ,SubjectRequirementSetId) VALUES
('GOV_CONQUEST_COAL_Cos', 'MODIFIER_PLAYER_ADJUST_FREE_RESOURCE_IMPORT_EXTRACTION', 'CAN_SEE_COAL_Cos');
INSERT INTO ModifierArguments (ModifierId , Name , Value) VALUES
('GOV_CONQUEST_COAL_Cos', 'ResourceType', 'RESOURCE_COAL'),
('GOV_CONQUEST_COAL_Cos', 'Amount', '2');
INSERT INTO RequirementSets (RequirementSetId , RequirementSetType) VALUES
('CAN_SEE_COAL_Cos' , 'REQUIREMENTSET_TEST_ALL');
INSERT INTO RequirementSetRequirements (RequirementSetId , RequirementId) VALUES
('CAN_SEE_COAL_Cos' , 'REQUIRES_PLAYER_CAN_SEE_COAL');
INSERT INTO BuildingModifiers (BuildingType, ModifierId) VALUES
('BUILDING_GOV_CONQUEST', 'GOV_CONQUEST_OIL_Cos');
INSERT INTO Modifiers (ModifierId , ModifierType ,SubjectRequirementSetId) VALUES
('GOV_CONQUEST_OIL_Cos', 'MODIFIER_PLAYER_ADJUST_FREE_RESOURCE_IMPORT_EXTRACTION', 'CAN_SEE_OIL_Cos');
INSERT INTO ModifierArguments (ModifierId , Name , Value) VALUES
('GOV_CONQUEST_OIL_Cos', 'ResourceType', 'RESOURCE_OIL'),
('GOV_CONQUEST_OIL_Cos', 'Amount', '2');
INSERT INTO RequirementSets (RequirementSetId , RequirementSetType) VALUES
('CAN_SEE_OIL_Cos' , 'REQUIREMENTSET_TEST_ALL');
INSERT INTO RequirementSetRequirements (RequirementSetId , RequirementId) VALUES
('CAN_SEE_OIL_Cos' , 'REQUIRES_PLAYER_CAN_SEE_OIL');
INSERT INTO BuildingModifiers (BuildingType, ModifierId) VALUES
('BUILDING_GOV_CONQUEST', 'GOV_CONQUEST_ALUMINUM_Cos');
INSERT INTO Modifiers (ModifierId , ModifierType ,SubjectRequirementSetId) VALUES
('GOV_CONQUEST_ALUMINUM_Cos', 'MODIFIER_PLAYER_ADJUST_FREE_RESOURCE_IMPORT_EXTRACTION', 'CAN_SEE_ALUMINUM_Cos');
INSERT INTO ModifierArguments (ModifierId , Name , Value) VALUES
('GOV_CONQUEST_ALUMINUM_Cos', 'ResourceType', 'RESOURCE_ALUMINUM'),
('GOV_CONQUEST_ALUMINUM_Cos', 'Amount', '2');
INSERT INTO RequirementSets (RequirementSetId , RequirementSetType) VALUES
('CAN_SEE_ALUMINUM_Cos' , 'REQUIREMENTSET_TEST_ALL');
INSERT INTO RequirementSetRequirements (RequirementSetId , RequirementId) VALUES
('CAN_SEE_ALUMINUM_Cos' , 'REQUIRES_PLAYER_CAN_SEE_ALUMINUM');
INSERT INTO BuildingModifiers (BuildingType, ModifierId) VALUES
('BUILDING_GOV_CONQUEST', 'GOV_CONQUEST_URANIUM_Cos');
INSERT INTO Modifiers (ModifierId , ModifierType ,SubjectRequirementSetId) VALUES
('GOV_CONQUEST_URANIUM_Cos', 'MODIFIER_PLAYER_ADJUST_FREE_RESOURCE_IMPORT_EXTRACTION', 'CAN_SEE_URANIUM_Cos');
INSERT INTO ModifierArguments (ModifierId , Name , Value) VALUES
('GOV_CONQUEST_URANIUM_Cos', 'ResourceType', 'RESOURCE_URANIUM'),
('GOV_CONQUEST_URANIUM_Cos', 'Amount', '2');
INSERT INTO RequirementSets (RequirementSetId , RequirementSetType) VALUES
('CAN_SEE_URANIUM_Cos' , 'REQUIREMENTSET_TEST_ALL');
INSERT INTO RequirementSetRequirements (RequirementSetId , RequirementId) VALUES
('CAN_SEE_URANIUM_Cos' , 'REQUIRES_PLAYER_CAN_SEE_URANIUM');
--+1大军点、海统点
INSERT INTO Building_GreatPersonPoints (BuildingType, GreatPersonClassType, PointsPerTurn) VALUES
('BUILDING_GOV_CONQUEST', 'GREAT_PERSON_CLASS_ADMIRAL', 1),
('BUILDING_GOV_CONQUEST', 'GREAT_PERSON_CLASS_GENERAL', 1);
--外交部--
--+2影响力
INSERT INTO BuildingModifiers (BuildingType, ModifierId) VALUES
('BUILDING_GOV_CITYSTATES', 'CONSULATE_INFLUENCEPOINTS');
--通向城邦商路+2金
INSERT INTO BuildingModifiers (BuildingType, ModifierId) VALUES
('BUILDING_GOV_CITYSTATES', 'RAJ_CITY_TRADE_ROUTE_GOLD');
--通向宗主城邦商路+2锤
INSERT INTO BuildingModifiers (BuildingType, ModifierId) VALUES
('BUILDING_GOV_CITYSTATES', 'WISSELBANKEN_TRADEROUTEPRODUCTIONFROMSUZERAIN');
--情报局--
--间谍+3视野
INSERT INTO BuildingModifiers (BuildingType, ModifierId) VALUES
('BUILDING_GOV_SPIES', 'GOV_SPIES_SIGHT_Cos');
INSERT INTO Modifiers (ModifierId , ModifierType , Permanent) VALUES
('GOV_SPIES_SIGHT_Cos', 'MODIFIER_PLAYER_UNITS_GRANT_ABILITY', 1);
INSERT INTO ModifierArguments (ModifierId , Name , Value) VALUES
('GOV_SPIES_SIGHT_Cos', 'AbilityType', 'ABILITY_SPY_SIGHT_Cos');
INSERT INTO Modifiers (ModifierId , ModifierType) VALUES
('SPY_EXTRA_SIGHT_Cos', 'MODIFIER_PLAYER_UNIT_ADJUST_SIGHT');
INSERT INTO ModifierArguments (ModifierId , Name , Value) VALUES
('SPY_EXTRA_SIGHT_Cos', 'Amount', '3');
INSERT INTO Types (Type, Kind) VALUES
('ABILITY_SPY_SIGHT_Cos', 'KIND_ABILITY');
INSERT INTO TypeTags (Type, Tag) VALUES
('ABILITY_SPY_SIGHT_Cos', 'CLASS_SPY');
INSERT INTO UnitAbilityModifiers (UnitAbilityType, ModifierId) VALUES
('ABILITY_SPY_SIGHT_Cos', 'SPY_EXTRA_SIGHT_Cos');
INSERT INTO UnitAbilities (UnitAbilityType, Name ,Description ,Inactive) VALUES
('ABILITY_SPY_SIGHT_Cos', 'LOC_ABILITY_SPY_SIGHT_NAME_Cos','LOC_ABILITY_SPY_SIGHT_DESCRIPTION_Cos',1);
--间谍成功得200%金币
INSERT INTO BuildingModifiers (BuildingType, ModifierId) VALUES
('BUILDING_GOV_SPIES', 'GOV_SPIES_GOLD_Cos');
INSERT INTO Modifiers (ModifierId , ModifierType ,SubjectRequirementSetId) VALUES
('GOV_SPIES_GOLD_Cos', 'MODIFIER_PLAYER_ADJUST_TARGET_CITY_SPY_YIELD_PERCENT', NULL);
INSERT INTO ModifierArguments (ModifierId , Name , Value) VALUES
('GOV_SPIES_GOLD_Cos', 'YieldType', 'YIELD_GOLD'),
('GOV_SPIES_GOLD_Cos', 'Amount', '200');
--国家历史博物馆--
--同人不减
UPDATE Building_GreatWorks SET NonUniquePersonYield=6, NonUniquePersonTourism=4 WHERE GreatWorkSlotType='GREATWORKSLOT_PALACE' OR 'GREATWORKSLOT_ART';
UPDATE Building_GreatWorks SET NonUniquePersonYield=6, NonUniquePersonTourism=6 WHERE GreatWorkSlotType='GREATWORKSLOT_ARTIFACT';
--+2伟人点
INSERT INTO Building_GreatPersonPoints (BuildingType, GreatPersonClassType, PointsPerTurn) VALUES
('BUILDING_GOV_CULTURE', 'GREAT_PERSON_CLASS_WRITER', 2),
('BUILDING_GOV_CULTURE', 'GREAT_PERSON_CLASS_ARTIST', 2),
('BUILDING_GOV_CULTURE', 'GREAT_PERSON_CLASS_MUSICIAN', 2);
--作战部--
--建军营、港口、航空港及其中建筑加速30%


--商业--
--相邻奢侈+1金
INSERT INTO Adjacency_YieldChanges (ID, Description, YieldType, YieldChange, TilesRequired, AdjacentResourceClass) VALUES
('LUXURY_GOLD_Cos', 'LOC_DISTRICT_LUXURY_GOLD_Cos', 'YIELD_GOLD', 1, 1,'RESOURCECLASS_LUXURY');
INSERT INTO District_Adjacencies (DistrictType, YieldChangeId) VALUES
('DISTRICT_COMMERCIAL_HUB', 'LUXURY_GOLD_Cos'),
('DISTRICT_SUGUBA', 'LUXURY_GOLD_Cos');
--银行--
UPDATE Buildings SET Description='LOC_BUILDING_BANK_DESCRIPTION_Cos' WHERE BuildingType='BUILDING_BANK';
--相邻金
INSERT INTO Building_YieldDistrictCopies (BuildingType, OldYieldType, NewYieldType)
	VALUES ('BUILDING_BANK', 'YIELD_GOLD', 'YIELD_GOLD');
INSERT INTO Building_YieldDistrictCopies (BuildingType, OldYieldType, NewYieldType)
	VALUES ('BUILDING_GRAND_BAZAAR', 'YIELD_GOLD', 'YIELD_GOLD');
--本城+5%金币
INSERT INTO BuildingModifiers (BuildingType, ModifierId) VALUES
('BUILDING_BANK', 'BANK_GOLD_Cos'),
('BUILDING_GRAND_BAZAAR', 'BANK_GOLD_Cos');
INSERT INTO Modifiers (ModifierId , ModifierType ,SubjectRequirementSetId) VALUES
('BANK_GOLD_Cos', 'MODIFIER_SINGLE_CITY_ADJUST_CITY_YIELD_MODIFIER', NULL);
INSERT INTO ModifierArguments (ModifierId , Name , Value) VALUES
('BANK_GOLD_Cos', 'YieldType', 'YIELD_GOLD'),
('BANK_GOLD_Cos', 'Amount', '5');
--证券--
UPDATE Buildings SET Description='LOC_BUILDING_STOCK_EXCHANGE_DESCRIPTION_Cos' WHERE BuildingType='BUILDING_STOCK_EXCHANGE';
--所有贸易路线+1金币
INSERT INTO BuildingModifiers (BuildingType, ModifierId) VALUES
('BUILDING_STOCK_EXCHANGE', 'STOCK_EXCHANGE_INTERNATIONALGOLD_Cos');
INSERT INTO Modifiers (ModifierId , ModifierType ,SubjectRequirementSetId) VALUES
('STOCK_EXCHANGE_INTERNATIONALGOLD_Cos', 'MODIFIER_PLAYER_ADJUST_TRADE_ROUTE_YIELD_FOR_INTERNATIONAL', NULL);
INSERT INTO ModifierArguments (ModifierId , Name , Value) VALUES
('STOCK_EXCHANGE_INTERNATIONALGOLD_Cos', 'YieldType', 'YIELD_GOLD'),
('STOCK_EXCHANGE_INTERNATIONALGOLD_Cos', 'Amount', '1');
INSERT INTO BuildingModifiers (BuildingType, ModifierId) VALUES
('BUILDING_STOCK_EXCHANGE', 'STOCK_EXCHANGE_DOMESTICGOLD_Cos');
INSERT INTO Modifiers (ModifierId , ModifierType ,SubjectRequirementSetId) VALUES
('STOCK_EXCHANGE_DOMESTICGOLD_Cos', 'MODIFIER_PLAYER_ADJUST_TRADE_ROUTE_YIELD_FOR_DOMESTIC', NULL);
INSERT INTO ModifierArguments (ModifierId , Name , Value) VALUES
('STOCK_EXCHANGE_DOMESTICGOLD_Cos', 'YieldType', 'YIELD_GOLD'),
('STOCK_EXCHANGE_DOMESTICGOLD_Cos', 'Amount', '1');
--所有城市+3%金币
INSERT INTO BuildingModifiers (BuildingType, ModifierId) VALUES
('BUILDING_STOCK_EXCHANGE', 'STOCK_EXCHANGE_GOLD_Cos');
INSERT INTO Modifiers (ModifierId , ModifierType ,SubjectRequirementSetId) VALUES
('STOCK_EXCHANGE_GOLD_Cos', 'MODIFIER_PLAYER_CITIES_ADJUST_CITY_YIELD_MODIFIER', NULL);
INSERT INTO ModifierArguments (ModifierId , Name , Value) VALUES
('STOCK_EXCHANGE_GOLD_Cos', 'YieldType', 'YIELD_GOLD'),
('STOCK_EXCHANGE_GOLD_Cos', 'Amount', '3');

--港口--
--灯塔--
--与市场不排斥
UPDATE Modifiers SET SubjectRequirementSetId=NULL WHERE ModifierId='LIGHTHOUSE_TRADE_ROUTE_CAPACITY';
--码头--
--相邻粮
INSERT INTO Building_YieldDistrictCopies (BuildingType, OldYieldType, NewYieldType)
	VALUES ('BUILDING_SEAPORT', 'YIELD_GOLD', 'YIELD_FOOD');
---本城内外商+4金
INSERT INTO BuildingModifiers (BuildingType, ModifierId) VALUES
('BUILDING_SEAPORT', 'SEAPORT_INTERNATIONALGOLD_Cos');
INSERT INTO Modifiers (ModifierId , ModifierType ,SubjectRequirementSetId) VALUES
('SEAPORT_INTERNATIONALGOLD_Cos', 'MODIFIER_SINGLE_CITY_ADJUST_TRADE_ROUTE_YIELD_FOR_INTERNATIONAL', NULL);
INSERT INTO ModifierArguments (ModifierId , Name , Value) VALUES
('SEAPORT_INTERNATIONALGOLD_Cos', 'YieldType', 'YIELD_GOLD'),
('SEAPORT_INTERNATIONALGOLD_Cos', 'Amount', '4');
INSERT INTO BuildingModifiers (BuildingType, ModifierId) VALUES
('BUILDING_SEAPORT', 'SEAPORT_DOMESTICGOLD_Cos');
INSERT INTO Modifiers (ModifierId , ModifierType ,SubjectRequirementSetId) VALUES
('SEAPORT_DOMESTICGOLD_Cos', 'MODIFIER_SINGLE_CITY_ADJUST_TRADE_ROUTE_YIELD_FOR_DOMESTIC', NULL);
INSERT INTO ModifierArguments (ModifierId , Name , Value) VALUES
('SEAPORT_DOMESTICGOLD_Cos', 'YieldType', 'YIELD_GOLD'),
('SEAPORT_DOMESTICGOLD_Cos', 'Amount', '4');

--工业--
--油井、钻机标准加成
INSERT INTO Adjacency_YieldChanges (ID, Description, YieldType, YieldChange, TilesRequired, AdjacentImprovement) VALUES
('OIL_WELL_PRODUCTION_Cos', 'LOC_DISTRICT_OIL_WELL_PRODUCTION_Cos', 'YIELD_PRODUCTION', 1, 1,'IMPROVEMENT_OIL_WELL'),
('OFFSHORE_OIL_RIG_PRODUCTION_Cos', 'LOC_DISTRICT_OFFSHORE_OIL_RIG_PRODUCTION_Cos', 'YIELD_PRODUCTION', 1, 1,'IMPROVEMENT_OFFSHORE_OIL_RIG');
INSERT INTO District_Adjacencies (DistrictType, YieldChangeId) VALUES
('DISTRICT_INDUSTRIAL_ZONE', 'OIL_WELL_PRODUCTION_Cos'),
('DISTRICT_INDUSTRIAL_ZONE', 'OFFSHORE_OIL_RIG_PRODUCTION_Cos');
--商路收益
UPDATE District_TradeRouteYields SET YieldChangeAsOrigin=1, YieldChangeAsDomesticDestination=2, YieldChangeAsInternationalDestination=2 WHERE DistrictType='DISTRICT_INDUSTRIAL_ZONE' AND YieldType='YIELD_PRODUCTION';
UPDATE District_TradeRouteYields SET YieldChangeAsOrigin=1, YieldChangeAsDomesticDestination=2, YieldChangeAsInternationalDestination=2 WHERE DistrictType='DISTRICT_HANSA' AND YieldType='YIELD_PRODUCTION';
UPDATE District_TradeRouteYields SET YieldChangeAsOrigin=1, YieldChangeAsDomesticDestination=2, YieldChangeAsInternationalDestination=2 WHERE DistrictType='DISTRICT_OPPIDUM' AND YieldType='YIELD_PRODUCTION';
--工作坊--
--+2科
INSERT INTO Building_YieldChanges (BuildingType, YieldType, YieldChange) VALUES
('BUILDING_WORKSHOP', 'YIELD_SCIENCE', 2);
--燃油--
--精炼解锁
UPDATE Buildings SET PrereqTech='TECH_REFINING' WHERE BuildingType='BUILDING_FOSSIL_FUEL_POWER_PLANT';
--本城工业区区域额外标准加成
INSERT INTO BuildingModifiers (BuildingType, ModifierId) VALUES
('BUILDING_FOSSIL_FUEL_POWER_PLANT', 'ADJACENT_DISTRICTS_INDUSTRIAL_ZONE_Cos');
INSERT INTO Modifiers (ModifierId , ModifierType ,SubjectRequirementSetId) VALUES
('ADJACENT_DISTRICTS_INDUSTRIAL_ZONE_Cos', 'MODIFIER_SINGLE_CITY_DISTRICT_ADJACENCY_Cos', NULL);
INSERT INTO ModifierArguments (ModifierId , Name , Value) VALUES
('ADJACENT_DISTRICTS_INDUSTRIAL_ZONE_Cos', 'YieldType', 'YIELD_PRODUCTION'),
('ADJACENT_DISTRICTS_INDUSTRIAL_ZONE_Cos', 'Amount', '1'),
('ADJACENT_DISTRICTS_INDUSTRIAL_ZONE_Cos', 'DistrictType', 'DISTRICT_INDUSTRIAL_ZONE'),
('ADJACENT_DISTRICTS_INDUSTRIAL_ZONE_Cos', 'Description', 'LOC_DISTRICT_DISTRICT_1_PRODUCTION');
INSERT INTO Types (Type,Kind) VALUES
('MODIFIER_SINGLE_CITY_DISTRICT_ADJACENCY_Cos', 'KIND_MODIFIER');
INSERT INTO DynamicModifiers (ModifierType, CollectionType, EffectType) VALUES
('MODIFIER_SINGLE_CITY_DISTRICT_ADJACENCY_Cos', 'COLLECTION_OWNER', 'EFFECT_DISTRICT_ADJACENCY');
--核电--
--工业区相邻锤
INSERT INTO Building_YieldDistrictCopies (BuildingType, OldYieldType, NewYieldType)
	VALUES ('BUILDING_POWER_PLANT', 'YIELD_PRODUCTION', 'YIELD_PRODUCTION');
--事故概率减小
UPDATE RandomEvents SET MinTurnAtRisk=50 WHERE RandomEventType='RANDOM_EVENT_NUCLEAR_ACCIDENT_MINOR';
UPDATE RandomEvents SET MinTurnAtRisk=80 WHERE RandomEventType='RANDOM_EVENT_NUCLEAR_ACCIDENT_MAJOR';
UPDATE RandomEvents SET MinTurnAtRisk=120 WHERE RandomEventType='RANDOM_EVENT_NUCLEAR_ACCIDENT_CATASTROPHIC';

--剧院--
--巨作收益增加
--书4文4箱
UPDATE GreatWork_YieldChanges SET YieldChange=4 WHERE GreatWorkType in (SELECT GreatWorkType FROM GreatWorks WHERE GreatWorkObjectType ='GREATWORKOBJECT_WRITING');
UPDATE GreatWorks SET Tourism=4 WHERE GreatWorkObjectType='GREATWORKOBJECT_WRITING';
--画6文4箱
UPDATE GreatWork_YieldChanges SET YieldChange=6 WHERE GreatWorkType in (SELECT GreatWorkType FROM GreatWorks WHERE GreatWorkObjectType IN ('GREATWORKOBJECT_LANDSCAPE', 'GREATWORKOBJECT_PORTRAIT', 'GREATWORKOBJECT_RELIGIOUS', 'GREATWORKOBJECT_SCULPTURE'));
UPDATE GreatWorks SET Tourism=4 WHERE GreatWorkObjectType='GREATWORKOBJECT_LANDSCAPE';
UPDATE GreatWorks SET Tourism=4 WHERE GreatWorkObjectType='GREATWORKOBJECT_PORTRAIT';
UPDATE GreatWorks SET Tourism=4 WHERE GreatWorkObjectType='GREATWORKOBJECT_RELIGIOUS';
UPDATE GreatWorks SET Tourism=4 WHERE GreatWorkObjectType='GREATWORKOBJECT_SCULPTURE';
--音乐6文6箱
UPDATE GreatWork_YieldChanges SET YieldChange=6 WHERE GreatWorkType in (SELECT GreatWorkType FROM GreatWorks WHERE GreatWorkObjectType ='GREATWORKOBJECT_MUSIC');
UPDATE GreatWorks SET Tourism=6 WHERE GreatWorkObjectType='GREATWORKOBJECT_MUSIC';
--文物6文6箱
UPDATE GreatWork_YieldChanges SET YieldChange=6 WHERE GreatWorkType in (SELECT GreatWorkType FROM GreatWorks WHERE GreatWorkObjectType ='GREATWORKOBJECT_ARTIFACT');
UPDATE GreatWorks SET Tourism=6 WHERE GreatWorkObjectType='GREATWORKOBJECT_ARTIFACT';
--广播--
UPDATE Buildings SET Description='LOC_BUILDING_BROADCAST_CENTER_DESCRIPTION_Cos' WHERE BuildingType='BUILDING_BROADCAST_CENTER';
--6环辐射
UPDATE Buildings SET RegionalRange=6 WHERE BuildingType='BUILDING_BROADCAST_CENTER';
UPDATE Buildings SET RegionalRange=6 WHERE BuildingType='BUILDING_FILM_STUDIO';

--圣地--
--绿洲大量加成
INSERT INTO District_Adjacencies (DistrictType, YieldChangeId) VALUES
('DISTRICT_HOLY_SITE', 'Oasis_Faith_Cos'),
('DISTRICT_LAVRA', 'Oasis_Faith_Cos');
INSERT INTO Adjacency_YieldChanges (ID, Description, YieldType, YieldChange, TilesRequired, AdjacentFeature) VALUES
('Oasis_Faith_Cos', 'LOC_OASIS_FAITH_Cos', 'YIELD_FAITH', 2, 1,'FEATURE_OASIS');
--大教堂--
--艺术巨作槽
UPDATE Building_GreatWorks SET GreatWorkSlotType='GREATWORKSLOT_ART' WHERE BuildingType='BUILDING_CATHEDRAL';
--+1大艺点
INSERT INTO Building_GreatPersonPoints (BuildingType, GreatPersonClassType, PointsPerTurn) VALUES
('BUILDING_CATHEDRAL', 'GREAT_PERSON_CLASS_ARTIST', 1);
--宝塔--
--军事单位经验
INSERT INTO BuildingModifiers (BuildingType, ModifierId) VALUES
('BUILDING_PAGODA', 'PAGODA_TRAINED_UNIT_XP_MODIFIER_Cos');
INSERT INTO Modifiers (ModifierId, ModifierType, Permanent) VALUES
('PAGODA_TRAINED_UNIT_XP_MODIFIER_Cos' , 'MODIFIER_SINGLE_CITY_GRANT_ABILITY_FOR_TRAINED_UNITS', 1),
('PAGODA_TRAINED_UNIT_XP_Cos' , 'MODIFIER_PLAYER_UNIT_ADJUST_UNIT_EXPERIENCE_MODIFIER', 1);
INSERT INTO ModifierArguments (ModifierId, Name, Value) VALUES
('PAGODA_TRAINED_UNIT_XP_MODIFIER_Cos' , 'AbilityType', 'ABILITY_PAGODA_TRAINED_UNIT_XP_Cos'),
('PAGODA_TRAINED_UNIT_XP_Cos' , 'Amount', '25');
INSERT INTO Types (Type, Kind) VALUES
('ABILITY_PAGODA_TRAINED_UNIT_XP_Cos', 'KIND_ABILITY');
INSERT INTO TypeTags (Type, Tag) VALUES
('ABILITY_PAGODA_TRAINED_UNIT_XP_Cos', 'CLASS_ALL_COMBAT_UNITS');
INSERT INTO UnitAbilityModifiers (UnitAbilityType, ModifierId) VALUES
('ABILITY_PAGODA_TRAINED_UNIT_XP_Cos','PAGODA_TRAINED_UNIT_XP_Cos');
INSERT INTO UnitAbilities (UnitAbilityType, Name ,Description ,Inactive) VALUES
('ABILITY_PAGODA_TRAINED_UNIT_XP_Cos', 'LOC_ABILITY_PAGODA_TRAINED_UNIT_XP_NAME_Cos','LOC_ABILITY_PAGODA_TRAINED_UNIT_XP_DESCRIPTION_Cos',1);
--拜火庙--
--相邻惊艳单元格+1文
INSERT INTO Adjacent_AppealYieldChanges (DistrictType, YieldType, MaximumValue, BuildingType, MinimumValue, YieldChange, Description, Unimproved) VALUES
('DISTRICT_HOLY_SITE', 'YIELD_CULTURE', 100, 'BUILDING_DAR_E_MEHR', 4, 1, 'LOC_TOOLTIP_APPEAL_BREATHTAKING', 0);
--佛寺--
--+3科
UPDATE Building_YieldChanges SET YieldChange=3 WHERE BuildingType='BUILDING_WAT' AND YieldType='YIELD_SCIENCE';
--礼拜堂--
--+3锤
UPDATE Building_YieldChanges SET YieldChange=3 WHERE BuildingType='BUILDING_MEETING_HOUSE' AND YieldType='YIELD_PRODUCTION';
--清真寺--
--圣地从区域标准加成
INSERT INTO BuildingModifiers (BuildingType, ModifierId) VALUES
('BUILDING_MOSQUE', 'ADJACENT_DISTRICTS_HOLY_SITE_Cos');
INSERT INTO Modifiers (ModifierId , ModifierType ,SubjectRequirementSetId) VALUES
('ADJACENT_DISTRICTS_HOLY_SITE_Cos', 'MODIFIER_SINGLE_CITY_DISTRICT_ADJACENCY_Cos', NULL);
INSERT INTO ModifierArguments (ModifierId , Name , Value) VALUES
('ADJACENT_DISTRICTS_HOLY_SITE_Cos', 'YieldType', 'YIELD_FAITH'),
('ADJACENT_DISTRICTS_HOLY_SITE_Cos', 'Amount', '1'),
('ADJACENT_DISTRICTS_HOLY_SITE_Cos', 'DistrictType', 'DISTRICT_HOLY_SITE'),
('ADJACENT_DISTRICTS_HOLY_SITE_Cos', 'Description', 'LOC_DISTRICT_DISTRICT_1_FAITH');
--犹太教堂--
--+6鸽
UPDATE Building_YieldChanges SET YieldChange=6 WHERE BuildingType='BUILDING_SYNAGOGUE' AND YieldType='YIELD_FAITH';
--谒师所--
--+1专家槽
UPDATE Buildings SET CitizenSlots = 2 WHERE BuildingType = 'BUILDING_GURDWARA';
--窣堵波--
--遗物槽
INSERT INTO Building_GreatWorks (BuildingType, GreatWorkSlotType, NumSlots) VALUES
('BUILDING_STUPA', 'GREATWORKSLOT_RELIC', 1);

--军营--
--兵营--
--和马厩不排斥
DELETE FROM MutuallyExclusiveBuildings WHERE Building='BUILDING_BARRACKS';
DELETE FROM MutuallyExclusiveBuildings WHERE Building='BUILDING_STABLE';
DELETE FROM MutuallyExclusiveBuildings WHERE Building='BUILDING_ORDU';
DELETE FROM MutuallyExclusiveBuildings WHERE Building='BUILDING_BASILIKOI_PAIDES';
--兵工厂--
--+1住房
UPDATE Buildings SET Housing=1 WHERE BuildingType='BUILDING_ARMORY';
--军事学院--


--山脉锤
/* INSERT INTO District_Adjacencies (DistrictType, YieldChangeId) VALUES
('DISTRICT_ENCAMPMENT', 'Mountains_Production1_Cos'),
('DISTRICT_ENCAMPMENT', 'Mountains_Production2_Cos'),
('DISTRICT_ENCAMPMENT', 'Mountains_Production3_Cos'),
('DISTRICT_ENCAMPMENT', 'Mountains_Production4_Cos'),
('DISTRICT_ENCAMPMENT', 'Mountains_Production5_Cos');
INSERT INTO Adjacency_YieldChanges (ID, Description, YieldType, YieldChange, TilesRequired, AdjacentTerrain) VALUES
('Mountains_Production1_Cos', 'LOC_DISTRICT_MOUNTAINS_PRODUCTION1_Cos', 'YIELD_PRODUCTION', 1, 1,'TERRAIN_GRASS_MOUNTAIN'),
('Mountains_Production2_Cos', 'LOC_DISTRICT_MOUNTAINS_PRODUCTION2_Cos', 'YIELD_PRODUCTION', 1, 1,'TERRAIN_PLAINS_MOUNTAIN'),
('Mountains_Production3_Cos', 'LOC_DISTRICT_MOUNTAINS_PRODUCTION3_Cos', 'YIELD_PRODUCTION', 1, 1,'TERRAIN_DESERT_MOUNTAIN'),
('Mountains_Production4_Cos', 'LOC_DISTRICT_MOUNTAINS_PRODUCTION4_Cos', 'YIELD_PRODUCTION', 1, 1,'TERRAIN_TUNDRA_MOUNTAIN'),
('Mountains_Production5_Cos', 'LOC_DISTRICT_MOUNTAINS_PRODUCTION5_Cos', 'YIELD_PRODUCTION', 1, 1,'TERRAIN_SNOW_MOUNTAIN'); */
/* --航空港锤
INSERT INTO Adjacency_YieldChanges (ID, Description, YieldType, YieldChange, TilesRequired, AdjacentDistrict) VALUES
('Aerodrone_Production_Cos', 'LOC_DISTRICT_AERODROME_PRODUCTION_Cos', 'YIELD_PRODUCTION', 2, 1,'DISTRICT_AERODROME');
INSERT INTO District_Adjacencies (DistrictType, YieldChangeId) VALUES
('DISTRICT_ENCAMPMENT', 'Aerodrone_Production_Cos'),
('DISTRICT_IKANDA', 'Aerodrone_Production_Cos'),
('DISTRICT_THANH', 'Aerodrone_Production_Cos'); */
