--城守--
--+65%
UPDATE ModifierArguments SET Value='65' WHERE ModifierId='CITY_PATRON_GODDESS_DISTRICT_PRODUCTION_MODIFIER' AND Name='Amount';
--大地--
--大于等于3+1，大于4+2
UPDATE Modifiers SET SubjectRequirementSetId='PLOT_3_APPEAL_Cos' WHERE ModifierId='EARTH_GODDESS_APPEAL_FAITH_MODIFIER';
INSERT INTO BeliefModifiers (BeliefType, ModifierID) VALUES
('BELIEF_EARTH_GODDESS', 'EARTH_GODDESS_APPEAL_FAITH_PLUS_Cos');
INSERT INTO Modifiers (ModifierId, ModifierType, SubjectRequirementSetId) VALUES
('EARTH_GODDESS_APPEAL_FAITH_PLUS_Cos', 'MODIFIER_ALL_CITIES_ATTACH_MODIFIER', 'CITY_FOLLOWS_PANTHEON_REQUIREMENTS'),
('EARTH_GODDESS_APPEAL_FAITH_PLUS_MODIFIER_Cos', 'MODIFIER_CITY_PLOT_YIELDS_ADJUST_PLOT_YIELD', 'PLOT_BREATHTAKING_PLUS_APPEAL_Cos');
INSERT INTO RequirementSets (RequirementSetId , RequirementSetType) VALUES
('PLOT_BREATHTAKING_PLUS_APPEAL_Cos' , 'REQUIREMENTSET_TEST_ALL'),
('PLOT_3_APPEAL_Cos' , 'REQUIREMENTSET_TEST_ALL');
INSERT INTO RequirementSetRequirements (RequirementSetId , RequirementId) VALUES
('PLOT_BREATHTAKING_PLUS_APPEAL_Cos', 'REQUIRES_PLOT_BREATHTAKING_PLUS_APPEAL_Cos'),
('PLOT_3_APPEAL_Cos', 'REQUIRES_PLOT_3_APPEAL_Cos');
INSERT INTO Requirements (RequirementId , RequirementType) VALUES
('REQUIRES_PLOT_BREATHTAKING_PLUS_APPEAL_Cos' , 'REQUIREMENT_PLOT_IS_APPEAL_BETWEEN'),
('REQUIRES_PLOT_3_APPEAL_Cos' , 'REQUIREMENT_PLOT_IS_APPEAL_BETWEEN');
INSERT INTO RequirementArguments (RequirementId, Name, Value) VALUES
('REQUIRES_PLOT_BREATHTAKING_PLUS_APPEAL_Cos' , 'MinimumAppeal' , '5'),
('REQUIRES_PLOT_3_APPEAL_Cos' , 'MinimumAppeal' , '3');
INSERT INTO ModifierArguments (ModifierId, Name, Value) VALUES
('EARTH_GODDESS_APPEAL_FAITH_PLUS_Cos', 'ModifierId', 'EARTH_GODDESS_APPEAL_FAITH_PLUS_MODIFIER_Cos'),
('EARTH_GODDESS_APPEAL_FAITH_PLUS_MODIFIER_Cos', 'YieldType', 'YIELD_FAITH'),
('EARTH_GODDESS_APPEAL_FAITH_PLUS_MODIFIER_Cos', 'Amount', '1');
--锻造--
--所有时代加速
UPDATE ModifierArguments SET Value='ERA_FUTURE' WHERE ModifierId='GOD_OF_THE_FORGE_UNIT_ANCIENT_CLASSICAL_PRODUCTION_MODIFIER' AND Name='EndEra';
--战略消耗减少
INSERT INTO BeliefModifiers (BeliefType, ModifierID) VALUES
('BELIEF_GOD_OF_THE_FORGE', 'GOD_OF_THE_FORGE_STRATEGIC_RESOURCE_REQUIREMENT_Cos');
INSERT INTO Modifiers (ModifierId, ModifierType, SubjectRequirementSetId) VALUES
('GOD_OF_THE_FORGE_STRATEGIC_RESOURCE_REQUIREMENT_Cos', 'MODIFIER_ALL_CITIES_ATTACH_MODIFIER', 'CITY_FOLLOWS_PANTHEON_REQUIREMENTS'),
('GOD_OF_THE_FORGE_STRATEGIC_RESOURCE_REQUIREMENT_MODIFIER_Cos', 'MODIFIER_CITY_ADJUST_STRATEGIC_RESOURCE_REQUIREMENT_MODIFIER', NULL);
INSERT INTO ModifierArguments (ModifierId, Name, Value) VALUES
('GOD_OF_THE_FORGE_STRATEGIC_RESOURCE_REQUIREMENT_Cos', 'ModifierId', 'GOD_OF_THE_FORGE_STRATEGIC_RESOURCE_REQUIREMENT_MODIFIER_Cos'),
('GOD_OF_THE_FORGE_STRATEGIC_RESOURCE_REQUIREMENT_MODIFIER_Cos', 'Amount', '20');
--丰产--
--粮仓+1粮
INSERT INTO BeliefModifiers (BeliefType, ModifierID) VALUES
('BELIEF_FERTILITY_RITES', 'FERTILITY_RITES_GRANARY_FOOD_Cos');
INSERT INTO Modifiers (ModifierId, ModifierType, SubjectRequirementSetId) VALUES
('FERTILITY_RITES_GRANARY_FOOD_Cos', 'MODIFIER_ALL_CITIES_ATTACH_MODIFIER', 'CITY_FOLLOWS_PANTHEON_REQUIREMENTS'),
('FERTILITY_RITES_GRANARY_FOOD_MODIFIER_Cos', 'MODIFIER_BUILDING_YIELD_CHANGE', NULL);
INSERT INTO ModifierArguments (ModifierId, Name, Value) VALUES
('FERTILITY_RITES_GRANARY_FOOD_Cos', 'ModifierId', 'FERTILITY_RITES_GRANARY_FOOD_MODIFIER_Cos'),
('FERTILITY_RITES_GRANARY_FOOD_MODIFIER_Cos', 'BuildingType', 'BUILDING_GRANARY'),
('FERTILITY_RITES_GRANARY_FOOD_MODIFIER_Cos', 'YieldType', 'YIELD_FOOD'),
('FERTILITY_RITES_GRANARY_FOOD_MODIFIER_Cos', 'Amount', '1');
--工匠--
--解锁马铁
INSERT INTO BeliefModifiers (BeliefType, ModifierID) VALUES
('BELIEF_GOD_OF_CRAFTSMEN', 'GOD_OF_CRAFTSMEN_HORSE_Cos');
INSERT INTO Modifiers (ModifierId, ModifierType, SubjectRequirementSetId) VALUES
('GOD_OF_CRAFTSMEN_HORSE_Cos', 'MODIFIER_ALL_CITIES_ATTACH_MODIFIER', 'CITY_FOLLOWS_PANTHEON_REQUIREMENTS'),
('GOD_OF_CRAFTSMEN_HORSE_MODIFIER_Cos', 'MODIFIER_PLAYER_GRANT_FREE_RESOURCE_VISIBILITY', NULL);
INSERT INTO ModifierArguments (ModifierId, Name, Value) VALUES
('GOD_OF_CRAFTSMEN_HORSE_Cos', 'ModifierId', 'GOD_OF_CRAFTSMEN_HORSE_MODIFIER_Cos'),
('GOD_OF_CRAFTSMEN_HORSE_MODIFIER_Cos', 'ResourceType', 'RESOURCE_HORSES');
INSERT INTO BeliefModifiers (BeliefType, ModifierID) VALUES
('BELIEF_GOD_OF_CRAFTSMEN', 'GOD_OF_CRAFTSMEN_IRON_Cos');
INSERT INTO Modifiers (ModifierId, ModifierType, SubjectRequirementSetId) VALUES
('GOD_OF_CRAFTSMEN_IRON_Cos', 'MODIFIER_ALL_CITIES_ATTACH_MODIFIER', 'CITY_FOLLOWS_PANTHEON_REQUIREMENTS'),
('GOD_OF_CRAFTSMEN_IRON_MODIFIER_Cos', 'MODIFIER_PLAYER_GRANT_FREE_RESOURCE_VISIBILITY', NULL);
INSERT INTO ModifierArguments (ModifierId, Name, Value) VALUES
('GOD_OF_CRAFTSMEN_IRON_Cos', 'ModifierId', 'GOD_OF_CRAFTSMEN_IRON_MODIFIER_Cos'),
('GOD_OF_CRAFTSMEN_IRON_MODIFIER_Cos', 'ResourceType', 'RESOURCE_IRON');
--未改良+1鸽，改良+1锤
UPDATE Modifiers SET SubjectRequirementSetId='PLOT_HAS_STRATEGIC_RESOURCE' WHERE ModifierId='GOD_OF_CRAFTSMEN_STRATEGIC_IMPROVED_FAITH_MODIFIER';
--火之女神--
--+2科技
INSERT INTO BeliefModifiers (BeliefType, ModifierID) VALUES
('BELIEF_GODDESS_OF_FIRE', 'GODDESS_OF_FIRE_SCIENCE_Cos');
INSERT INTO Modifiers (ModifierId, ModifierType, SubjectRequirementSetId) VALUES
('GODDESS_OF_FIRE_SCIENCE_Cos', 'MODIFIER_ALL_CITIES_ATTACH_MODIFIER', 'CITY_FOLLOWS_PANTHEON_REQUIREMENTS'),
('GODDESS_OF_FIRE_SCIENCE_MODIFIER_Cos', 'MODIFIER_CITY_PLOT_YIELDS_ADJUST_PLOT_YIELD', 'PLOT_HAS_GODDES_FIRE_REQUIREMENTS');
INSERT INTO ModifierArguments (ModifierId, Name, Value) VALUES
('GODDESS_OF_FIRE_SCIENCE_Cos', 'ModifierId', 'GODDESS_OF_FIRE_SCIENCE_MODIFIER_Cos'),
('GODDESS_OF_FIRE_SCIENCE_MODIFIER_Cos', 'YieldType', 'YIELD_SCIENCE'),
('GODDESS_OF_FIRE_SCIENCE_MODIFIER_Cos', 'Amount', '2');
--烂地夫人--
--泛滥+1金
INSERT INTO BeliefModifiers (BeliefType, ModifierID) VALUES
('BELIEF_LADY_OF_THE_REEDS_AND_MARSHES', 'LADY_OF_THE_REEDS_GOLD_Cos');
INSERT INTO Modifiers (ModifierId, ModifierType, SubjectRequirementSetId) VALUES
('LADY_OF_THE_REEDS_GOLD_Cos', 'MODIFIER_ALL_CITIES_ATTACH_MODIFIER', 'CITY_FOLLOWS_PANTHEON_REQUIREMENTS'),
('LADY_OF_THE_REEDS_GOLD_MODIFIER_Cos', 'MODIFIER_CITY_PLOT_YIELDS_ADJUST_PLOT_YIELD', 'PLOT_IS_FLOODPLAINS_SAHARA');
INSERT INTO ModifierArguments (ModifierId, Name, Value) VALUES
('LADY_OF_THE_REEDS_GOLD_Cos', 'ModifierId', 'LADY_OF_THE_REEDS_GOLD_MODIFIER_Cos'),
('LADY_OF_THE_REEDS_GOLD_MODIFIER_Cos', 'YieldType', 'YIELD_GOLD'),
('LADY_OF_THE_REEDS_GOLD_MODIFIER_Cos', 'Amount', '1');
--启蒙会--
--信仰+100
UPDATE ModifierArguments SET Value='100' WHERE ModifierId='INITIATION_RITES_FAITH_DISPERSAL_MODIFIER' AND Name='Amount';
--可以生产蛮族马、蛮族弓骑手
INSERT INTO BeliefModifiers (BeliefType, ModifierID) VALUES
('BELIEF_INITIATION_RITES', 'INITIATION_RITES_BARBARIAN_HORSEMAN_Cos');
INSERT INTO Modifiers (ModifierId, ModifierType, SubjectRequirementSetId) VALUES
('INITIATION_RITES_BARBARIAN_HORSEMAN_Cos', 'MODIFIER_ALL_PLAYERS_ATTACH_MODIFIER', 'PLAYER_HAS_PANTHEON_REQUIREMENTS'),
('INITIATION_RITES_BARBARIAN_HORSEMAN_MODIFIER_Cos', 'MODIFIER_PLAYER_ADJUST_VALID_UNIT_BUILD', NULL);
INSERT INTO ModifierArguments (ModifierId, Name, Value) VALUES
('INITIATION_RITES_BARBARIAN_HORSEMAN_Cos', 'ModifierId', 'INITIATION_RITES_BARBARIAN_HORSEMAN_MODIFIER_Cos'),
('INITIATION_RITES_BARBARIAN_HORSEMAN_MODIFIER_Cos', 'UnitType', 'UNIT_BARBARIAN_HORSEMAN');
INSERT INTO BeliefModifiers (BeliefType, ModifierID) VALUES
('BELIEF_INITIATION_RITES', 'INITIATION_RITES_BARBARIAN_HORSE_ARCHER_Cos');
INSERT INTO Modifiers (ModifierId, ModifierType, SubjectRequirementSetId) VALUES
('INITIATION_RITES_BARBARIAN_HORSE_ARCHER_Cos', 'MODIFIER_ALL_CITIES_ATTACH_MODIFIER', 'CITY_FOLLOWS_PANTHEON_REQUIREMENTS'),
('INITIATION_RITES_BARBARIAN_HORSE_ARCHER_MODIFIER_Cos', 'MODIFIER_PLAYER_ADJUST_VALID_UNIT_BUILD', NULL);
INSERT INTO ModifierArguments (ModifierId, Name, Value) VALUES
('INITIATION_RITES_BARBARIAN_HORSE_ARCHER_Cos', 'ModifierId', 'INITIATION_RITES_BARBARIAN_HORSE_ARCHER_MODIFIER_Cos'),
('INITIATION_RITES_BARBARIAN_HORSE_ARCHER_MODIFIER_Cos', 'UnitType', 'UNIT_BARBARIAN_HORSE_ARCHER');
--可以信仰购买蛮族马、蛮族弓骑手
INSERT INTO BeliefModifiers (BeliefType, ModifierID) VALUES
('BELIEF_INITIATION_RITES', 'INITIATION_RITES_BARBARIAN_FAITH_Cos');
INSERT INTO Modifiers (ModifierId, ModifierType, SubjectRequirementSetId) VALUES
('INITIATION_RITES_BARBARIAN_FAITH_Cos', 'MODIFIER_ALL_PLAYERS_ATTACH_MODIFIER', 'PLAYER_HAS_PANTHEON_REQUIREMENTS'),
('INITIATION_RITES_BARBARIAN_FAITH_MODIFIER_Cos', 'MODIFIER_PLAYER_CITIES_ENABLE_UNIT_FAITH_PURCHASE', NULL);
INSERT INTO ModifierArguments (ModifierId, Name, Value) VALUES
('INITIATION_RITES_BARBARIAN_FAITH_Cos', 'ModifierId', 'INITIATION_RITES_BARBARIAN_FAITH_MODIFIER_Cos'),
('INITIATION_RITES_BARBARIAN_FAITH_MODIFIER_Cos', 'Tag', 'CLASS_BARBARIAN_Cos');
INSERT INTO TypeTags (Type,	Tag) VALUES
('UNIT_BARBARIAN_HORSEMAN','CLASS_BARBARIAN_Cos'),
('UNIT_BARBARIAN_HORSE_ARCHER','CLASS_BARBARIAN_Cos');
INSERT INTO Tags (Tag, Vocabulary) VALUES
('CLASS_BARBARIAN_Cos','ABILITY_CLASS');
--蛮族单位打蛮族+7*城数力
INSERT INTO BeliefModifiers (BeliefType, ModifierID) VALUES
('BELIEF_INITIATION_RITES', 'INITIATION_RITES_BARB_COMBAT_Cos');
INSERT INTO Modifiers (ModifierId, ModifierType, SubjectRequirementSetId) VALUES
('INITIATION_RITES_BARB_COMBAT_Cos', 'MODIFIER_ALL_CITIES_ATTACH_MODIFIER', 'CITY_FOLLOWS_PANTHEON_REQUIREMENTS'),
('INITIATION_RITES_BARB_COMBAT_MODIFIER_Cos', 'MODIFIER_PLAYER_UNITS_ADJUST_BARBARIAN_COMBAT', 'UNIT_IS_BARBARIAN_Cos');
INSERT INTO ModifierArguments (ModifierId, Name, Value) VALUES
('INITIATION_RITES_BARB_COMBAT_Cos', 'ModifierId', 'INITIATION_RITES_BARB_COMBAT_MODIFIER_Cos'),
('INITIATION_RITES_BARB_COMBAT_MODIFIER_Cos', 'Amount', '15');
INSERT INTO RequirementSets (RequirementSetId , RequirementSetType)
	VALUES ('UNIT_IS_BARBARIAN_Cos' , 'REQUIREMENTSET_TEST_ALL');
INSERT INTO RequirementSetRequirements (RequirementSetId , RequirementId) VALUES
('UNIT_IS_BARBARIAN_Cos', 'REQUIREMENT_UNIT_IS_BARBARIAN_Cos');
INSERT INTO Requirements (RequirementId , RequirementType) VALUES
('REQUIREMENT_UNIT_IS_BARBARIAN_Cos' , 'REQUIREMENT_UNIT_TAG_MATCHES');
INSERT INTO RequirementArguments (RequirementId, Name, Value) VALUES
('REQUIREMENT_UNIT_IS_BARBARIAN_Cos' , 'Tag' , 'CLASS_BARBARIAN_Cos');
--神圣之光--
--三区域地基加伟人点
UPDATE Modifiers SET SubjectRequirementSetId='CITY_HAS_CAMPUS_MACEDON' WHERE ModifierId='DIVINE_SPARK_SCIENTIST_MODIFIER';
UPDATE Modifiers SET SubjectRequirementSetId='CITY_HAS_THEATER_DISTRICT_MACEDON' WHERE ModifierId='DIVINE_SPARK_WRITER_MODIFIER';
--石圈--
--+1文化
INSERT INTO BeliefModifiers (BeliefType, ModifierID) VALUES
('BELIEF_STONE_CIRCLES', 'STONE_CIRCLES_QUARRY_CULTURE_Cos');
INSERT INTO Modifiers (ModifierId, ModifierType, SubjectRequirementSetId) VALUES
('STONE_CIRCLES_QUARRY_CULTURE_Cos', 'MODIFIER_ALL_CITIES_ATTACH_MODIFIER', 'CITY_FOLLOWS_PANTHEON_REQUIREMENTS'),
('STONE_CIRCLES_QUARRY_CULTURE_MODIFIER_Cos', 'MODIFIER_CITY_PLOT_YIELDS_ADJUST_PLOT_YIELD', 'PLOT_HAS_QUARRY_ZIGGURAT_REQUIREMENTS');
INSERT INTO ModifierArguments (ModifierId, Name, Value) VALUES
('STONE_CIRCLES_QUARRY_CULTURE_Cos', 'ModifierId', 'STONE_CIRCLES_QUARRY_CULTURE_MODIFIER_Cos'),
('STONE_CIRCLES_QUARRY_CULTURE_MODIFIER_Cos', 'YieldType', 'YIELD_CULTURE'),
('STONE_CIRCLES_QUARRY_CULTURE_MODIFIER_Cos', 'Amount', '1');
--天空--
--+1金币
INSERT INTO BeliefModifiers (BeliefType, ModifierID) VALUES
('BELIEF_GOD_OF_THE_OPEN_SKY', 'GOD_OF_THE_OPEN_SKY_PASTURE_GOLD_Cos');
INSERT INTO Modifiers (ModifierId, ModifierType, SubjectRequirementSetId) VALUES
('GOD_OF_THE_OPEN_SKY_PASTURE_GOLD_Cos', 'MODIFIER_ALL_CITIES_ATTACH_MODIFIER', 'CITY_FOLLOWS_PANTHEON_REQUIREMENTS'),
('GOD_OF_THE_OPEN_SKY_PASTURE_MODIFIER_GOLD_Cos', 'MODIFIER_CITY_PLOT_YIELDS_ADJUST_PLOT_YIELD', 'PLOT_HAS_PASTURE_ZIGGURAT_REQUIREMENTS');
INSERT INTO ModifierArguments (ModifierId, Name, Value) VALUES
('GOD_OF_THE_OPEN_SKY_PASTURE_GOLD_Cos', 'ModifierId', 'GOD_OF_THE_OPEN_SKY_PASTURE_MODIFIER_GOLD_Cos'),
('GOD_OF_THE_OPEN_SKY_PASTURE_MODIFIER_GOLD_Cos', 'YieldType', 'YIELD_GOLD'),
('GOD_OF_THE_OPEN_SKY_PASTURE_MODIFIER_GOLD_Cos', 'Amount', '1');
--愈合之神--
--相邻圣地单元格+1文化
INSERT INTO BeliefModifiers (BeliefType, ModifierID) VALUES
('BELIEF_GOD_OF_HEALING', 'GOD_OF_HEALING_CULTURE_Cos');
INSERT INTO Modifiers (ModifierId, ModifierType, SubjectRequirementSetId) VALUES
('GOD_OF_HEALING_CULTURE_Cos', 'MODIFIER_ALL_CITIES_ATTACH_MODIFIER', 'CITY_FOLLOWS_PANTHEON_REQUIREMENTS'),
('GOD_OF_HEALING_CULTURE_MODIFIER_Cos', 'MODIFIER_CITY_PLOT_YIELDS_ADJUST_PLOT_YIELD', 'PLOT_ADJACENT_TO_HOLYSITE_REQUIREMENTS');
INSERT INTO ModifierArguments (ModifierId, Name, Value) VALUES
('GOD_OF_HEALING_CULTURE_Cos', 'ModifierId', 'GOD_OF_HEALING_CULTURE_MODIFIER_Cos'),
('GOD_OF_HEALING_CULTURE_MODIFIER_Cos', 'YieldType', 'YIELD_CULTURE'),
('GOD_OF_HEALING_CULTURE_MODIFIER_Cos', 'Amount', '1');
--战争之神--
--在市中心1格内杀人给1000%信仰
INSERT INTO BeliefModifiers (BeliefType, ModifierID) VALUES
('BELIEF_GOD_OF_WAR', 'GOD_OF_WAR_FAITH_KILLS_Cos');
INSERT INTO Modifiers (ModifierId, ModifierType, SubjectRequirementSetId) VALUES
('GOD_OF_WAR_FAITH_KILLS_Cos', 'MODIFIER_ALL_PLAYERS_ATTACH_MODIFIER', 'PLAYER_HAS_PANTHEON_REQUIREMENTS'),
('GOD_OF_WAR_FAITH_KILLS_MODIFIER_Cos', 'MODIFIER_PLAYER_UNITS_ADJUST_POST_COMBAT_YIELD', 'PLOT_ONE_INCLUDE_CENTER_Cos');
INSERT INTO ModifierArguments (ModifierId, Name, Value) VALUES
('GOD_OF_WAR_FAITH_KILLS_Cos', 'ModifierId', 'GOD_OF_WAR_FAITH_KILLS_MODIFIER_Cos'),
('GOD_OF_WAR_FAITH_KILLS_MODIFIER_Cos', 'YieldType', 'YIELD_FAITH'),
('GOD_OF_WAR_FAITH_KILLS_MODIFIER_Cos', 'PercentDefeatedStrength', '1000');
INSERT INTO RequirementSets (RequirementSetId , RequirementSetType)
	VALUES ('PLOT_ONE_INCLUDE_CENTER_Cos' , 'REQUIREMENTSET_TEST_ALL');
INSERT INTO RequirementSetRequirements (RequirementSetId , RequirementId) VALUES
('PLOT_ONE_INCLUDE_CENTER_Cos', 'REQUIRES_PLOT_WITHIN_ONE_CENTER_Cos');
INSERT INTO Requirements (RequirementId , RequirementType) VALUES
('REQUIRES_PLOT_WITHIN_ONE_CENTER_Cos' , 'REQUIREMENT_PLOT_ADJACENT_DISTRICT_TYPE_MATCHES');
INSERT INTO RequirementArguments (RequirementId, Name, Value) VALUES
('REQUIRES_PLOT_WITHIN_ONE_CENTER_Cos' , 'DistrictType' , 'DISTRICT_CITY_CENTER'),
('REQUIRES_PLOT_WITHIN_ONE_CENTER_Cos' , 'MinRange' , '0'),
('REQUIRES_PLOT_WITHIN_ONE_CENTER_Cos' , 'MaxRange' , '1');
--主神纪念碑--
--所有奇观加速
UPDATE ModifierArguments SET Value='ERA_FUTURE' WHERE ModifierId='MONUMENT_TO_THE_GODS_ANCIENTCLASSICALWONDER_MODIFIER' AND Name='EndEra';
--宗偶--
--战略矿+2信仰
INSERT INTO BeliefModifiers (BeliefType, ModifierID) VALUES
('BELIEF_RELIGIOUS_IDOLS', 'RELIGIOUS_IDOLS_STRATEGIC_MINE_FAITH_Cos');
INSERT INTO Modifiers (ModifierId, ModifierType, SubjectRequirementSetId) VALUES
('RELIGIOUS_IDOLS_STRATEGIC_MINE_FAITH_Cos', 'MODIFIER_ALL_CITIES_ATTACH_MODIFIER', 'CITY_FOLLOWS_PANTHEON_REQUIREMENTS'),
('RELIGIOUS_IDOLS_STRATEGIC_MINE_FAITH_MODIFIER_Cos', 'MODIFIER_CITY_PLOT_YIELDS_ADJUST_PLOT_YIELD', 'PLOT_HAS_STRATEGIC_MINE_REQUIREMENTS');
INSERT INTO ModifierArguments (ModifierId, Name, Value) VALUES
('RELIGIOUS_IDOLS_STRATEGIC_MINE_FAITH_Cos', 'ModifierId', 'RELIGIOUS_IDOLS_STRATEGIC_MINE_FAITH_MODIFIER_Cos'),
('RELIGIOUS_IDOLS_STRATEGIC_MINE_FAITH_MODIFIER_Cos', 'YieldType', 'YIELD_FAITH'),
('RELIGIOUS_IDOLS_STRATEGIC_MINE_FAITH_MODIFIER_Cos', 'Amount', '2');
