--埃及
--单位不会被洪水冲
INSERT INTO TraitModifiers (TraitType, ModifierId) VALUES
('TRAIT_CIVILIZATION_ITERU', 'TRAIT_PREVENTION_FLOOD_MODERATE_CosEgypt'),
('TRAIT_CIVILIZATION_ITERU', 'TRAIT_PREVENTION_FLOOD_MAJOR_CosEgypt'),
('TRAIT_CIVILIZATION_ITERU', 'TRAIT_PREVENTION_FLOOD_1000_YEAR_CosEgypt');
INSERT INTO Modifiers (ModifierId, ModifierType, SubjectRequirementSetId) VALUES
('TRAIT_PREVENTION_FLOOD_MODERATE_CosEgypt' , 'MODIFIER_PLAYER_ADJUST_RANDOM_EVENT_NO_UNIT_DAMAGE', NULL),
('TRAIT_PREVENTION_FLOOD_MAJOR_CosEgypt' , 'MODIFIER_PLAYER_ADJUST_RANDOM_EVENT_NO_UNIT_DAMAGE', NULL),
('TRAIT_PREVENTION_FLOOD_1000_YEAR_CosEgypt' , 'MODIFIER_PLAYER_ADJUST_RANDOM_EVENT_NO_UNIT_DAMAGE', NULL);
INSERT INTO ModifierArguments (ModifierId, Name, Value) VALUES
('TRAIT_PREVENTION_FLOOD_MODERATE_CosEgypt' , 'RandomEventType', 'RANDOM_EVENT_FLOOD_MODERATE'),
('TRAIT_PREVENTION_FLOOD_MODERATE_CosEgypt' , 'NoDamage', '1'),
('TRAIT_PREVENTION_FLOOD_MAJOR_CosEgypt' , 'RandomEventType', 'RANDOM_EVENT_FLOOD_MAJOR'),
('TRAIT_PREVENTION_FLOOD_MAJOR_CosEgypt' , 'NoDamage', '1'),
('TRAIT_PREVENTION_FLOOD_1000_YEAR_CosEgypt' , 'RandomEventType', 'RANDOM_EVENT_FLOOD_1000_YEAR'),
('TRAIT_PREVENTION_FLOOD_1000_YEAR_CosEgypt' , 'NoDamage', '1');
--泛滥平原+1锤
INSERT INTO TraitModifiers (TraitType, ModifierId) VALUES ('TRAIT_CIVILIZATION_ITERU', 'INCREASED_FLOODPLIAN_PRODUCTION_CosEgypt');
INSERT INTO Modifiers (ModifierId, ModifierType, SubjectRequirementSetId)
	VALUES 	('INCREASED_FLOODPLIAN_PRODUCTION_CosEgypt' , 'MODIFIER_PLAYER_ADJUST_PLOT_YIELD', 'PLOT_IS_FLOODPLAINS_SAHARA');
--PLOT_IS_FLOODPLAINS_SAHARA
--PLOT_FLOODPLAINS_REQUIREMENTS
INSERT INTO ModifierArguments (ModifierId, Name, Value)
	VALUES 	('INCREASED_FLOODPLIAN_PRODUCTION_CosEgypt' , 'YieldType', 'YIELD_PRODUCTION');
INSERT INTO ModifierArguments (ModifierId, Name, Value)
	VALUES 	('INCREASED_FLOODPLIAN_PRODUCTION_CosEgypt' , 'Amount', '1');
--加速改为20%
UPDATE ModifierArguments SET Value ='20' WHERE ModifierId='TRAIT_RIVER_FASTER_BUILDTIME_DISTRICT';
UPDATE ModifierArguments SET Value ='20' WHERE ModifierId='TRAIT_RIVER_FASTER_BUILDTIME_WONDER';
--洪水之后给1锤
INSERT INTO Types (Type,Kind) 
	VALUES ('MODIFIER_PLAYER_CITIES_ADJUST_YIELD_FOR_FLOOD_CosEgypt', 'KIND_MODIFIER');
INSERT INTO DynamicModifiers (ModifierType, CollectionType, EffectType)
	VALUES ('MODIFIER_PLAYER_CITIES_ADJUST_YIELD_FOR_FLOOD_CosEgypt', 'COLLECTION_PLAYER_CITIES', 'EFFECT_ADJUST_CITY_YIELD_PER_FLOOD');
INSERT INTO TraitModifiers (TraitType, ModifierId) VALUES ('TRAIT_CIVILIZATION_ITERU', 'PRODUCTION_FOR_FLOOD_CosEgypt');
INSERT INTO Modifiers (ModifierId, ModifierType)
	VALUES 	('PRODUCTION_FOR_FLOOD_CosEgypt', 'MODIFIER_PLAYER_CITIES_ADJUST_YIELD_FOR_FLOOD_CosEgypt');
INSERT INTO ModifierArguments (ModifierId, Name, Value)
	VALUES 	('PRODUCTION_FOR_FLOOD_CosEgypt' , 'YieldType', 'YIELD_PRODUCTION');
INSERT INTO ModifierArguments (ModifierId, Name, Value)
	VALUES 	('PRODUCTION_FOR_FLOOD_CosEgypt', 'Amount', '1');
--拉二--
--收获资源和移除地貌的产出+35%
INSERT INTO Types (Type,Kind) 
	VALUES ('MODIFIER_PLAYER_ADJUST_RESOURCE_HARVEST_BONUS_CosEgypt', 'KIND_MODIFIER');
INSERT INTO DynamicModifiers (ModifierType, CollectionType, EffectType)
	VALUES ('MODIFIER_PLAYER_ADJUST_RESOURCE_HARVEST_BONUS_CosEgypt', 'COLLECTION_PLAYER_CITIES', 'EFFECT_ADJUST_CITY_RESOURCE_HARVEST_BONUS');
INSERT INTO TraitModifiers (TraitType, ModifierId) VALUES ('TRAIT_LEADER_RAMSES', 'BONUS_HARVEST_YIELDS_CosEgypt');
INSERT INTO Modifiers (ModifierId, ModifierType)
	VALUES 	('BONUS_HARVEST_YIELDS_CosEgypt', 'MODIFIER_PLAYER_ADJUST_RESOURCE_HARVEST_BONUS_CosEgypt');
INSERT INTO ModifierArguments (ModifierId, Name, Value)
	VALUES 	('BONUS_HARVEST_YIELDS_CosEgypt', 'Amount', '35');
--克利欧佩特拉（埃及）--
--通往盟友贸易路线+2粮
INSERT INTO TraitModifiers (TraitType, ModifierId) VALUES ('TRAIT_LEADER_MEDITERRANEAN', 'WISSELBANKEN_TRADEROUTEFOODFROMALLY');
INSERT INTO TraitModifiers (TraitType, ModifierId) VALUES ('TRAIT_LEADER_MEDITERRANEAN', 'WISSELBANKEN_TRADEROUTEFOODFROMSUZERAIN');
--通往盟友贸易路线+2锤
INSERT INTO TraitModifiers (TraitType, ModifierId) VALUES ('TRAIT_LEADER_MEDITERRANEAN', 'WISSELBANKEN_TRADEROUTEPRODUCTIONFROMALLY');
INSERT INTO TraitModifiers (TraitType, ModifierId) VALUES ('TRAIT_LEADER_MEDITERRANEAN', 'WISSELBANKEN_TRADEROUTEPRODUCTIONFROMSUZERAIN');
--盟友点数+0.25
INSERT INTO TraitModifiers (TraitType, ModifierId) VALUES ('TRAIT_LEADER_MEDITERRANEAN', 'WISSELBANKEN_ALLIANCEPOINTS');
--解锁防御战术后即可同盟
INSERT INTO TraitModifiers (TraitType, ModifierId) VALUES
('TRAIT_LEADER_MEDITERRANEAN', 'RESEARCH_OVERRIDE_CosEgypt'),
('TRAIT_LEADER_MEDITERRANEAN', 'MILITARY_OVERRIDE_CosEgypt'),
('TRAIT_LEADER_MEDITERRANEAN', 'ECONOMIC_OVERRIDE_CosEgypt'),
('TRAIT_LEADER_MEDITERRANEAN', 'CULTURAL_OVERRIDE_CosEgypt'),
('TRAIT_LEADER_MEDITERRANEAN', 'RELIGIOUS_OVERRIDE_CosEgypt'),
('TRAIT_LEADER_MEDITERRANEAN', 'RENEW_OVERRIDE_CosEgypt');
INSERT INTO Modifiers (ModifierId, ModifierType) VALUES
('RESEARCH_OVERRIDE_CosEgypt', 'MODIFIER_PLAYER_ADD_DIPLOMATIC_ACTION_OVERRIDE'),
('MILITARY_OVERRIDE_CosEgypt', 'MODIFIER_PLAYER_ADD_DIPLOMATIC_ACTION_OVERRIDE'),
('ECONOMIC_OVERRIDE_CosEgypt', 'MODIFIER_PLAYER_ADD_DIPLOMATIC_ACTION_OVERRIDE'),
('CULTURAL_OVERRIDE_CosEgypt', 'MODIFIER_PLAYER_ADD_DIPLOMATIC_ACTION_OVERRIDE'),
('RELIGIOUS_OVERRIDE_CosEgypt', 'MODIFIER_PLAYER_ADD_DIPLOMATIC_ACTION_OVERRIDE'),
('RENEW_OVERRIDE_CosEgypt', 'MODIFIER_PLAYER_ADD_DIPLOMATIC_ACTION_OVERRIDE');
INSERT INTO ModifierArguments (ModifierId, Name, Value) VALUES
('RESEARCH_OVERRIDE_CosEgypt', 'DiplomaticAction', 'DIPLOACTION_ALLIANCE_RESEARCH'),
('RESEARCH_OVERRIDE_CosEgypt', 'CivicType', 'CIVIC_DEFENSIVE_TACTICS'),
('MILITARY_OVERRIDE_CosEgypt', 'DiplomaticAction', 'DIPLOACTION_ALLIANCE_MILITARY'),
('MILITARY_OVERRIDE_CosEgypt', 'CivicType', 'CIVIC_DEFENSIVE_TACTICS'),
('ECONOMIC_OVERRIDE_CosEgypt', 'DiplomaticAction', 'DIPLOACTION_ALLIANCE_ECONOMIC'),
('ECONOMIC_OVERRIDE_CosEgypt', 'CivicType', 'CIVIC_DEFENSIVE_TACTICS'),
('CULTURAL_OVERRIDE_CosEgypt', 'DiplomaticAction', 'DIPLOACTION_ALLIANCE_CULTURAL'),
('CULTURAL_OVERRIDE_CosEgypt', 'CivicType', 'CIVIC_DEFENSIVE_TACTICS'),
('RELIGIOUS_OVERRIDE_CosEgypt', 'DiplomaticAction', 'DIPLOACTION_ALLIANCE_RELIGIOUS'),
('RELIGIOUS_OVERRIDE_CosEgypt', 'CivicType', 'CIVIC_DEFENSIVE_TACTICS'),
('RENEW_OVERRIDE_CosEgypt', 'DiplomaticAction', 'DIPLOACTION_RENEW_ALLIANCE'),
('RENEW_OVERRIDE_CosEgypt', 'CivicType', 'CIVIC_DEFENSIVE_TACTICS');
--克利欧佩特拉（托勒密）--
--位于泛滥平原的区域+2住房
INSERT INTO TraitModifiers (TraitType, ModifierId) VALUES
('TRAIT_LEADER_CLEOPATRA_ALT', 'DISTRICT_IS_DISTRICT_NOT_WONDER_FLOODPLIAN_EXTRA_HOUSING_CosEgypt');
INSERT INTO Types (Type,Kind) 
	VALUES ('MODIFIER_PLAYER_ADJUST_DISTRICT_HOUSING_CosEgypt', 'KIND_MODIFIER');
INSERT INTO DynamicModifiers (ModifierType, CollectionType, EffectType)
	VALUES ('MODIFIER_PLAYER_ADJUST_DISTRICT_HOUSING_CosEgypt', 'COLLECTION_PLAYER_DISTRICTS', 'EFFECT_ADJUST_DISTRICT_HOUSING');
INSERT INTO Modifiers (ModifierId, ModifierType, SubjectRequirementSetId) VALUES
('DISTRICT_IS_DISTRICT_NOT_WONDER_FLOODPLIAN_EXTRA_HOUSING_CosEgypt', 'MODIFIER_PLAYER_ADJUST_DISTRICT_HOUSING_CosEgypt', 'DISTRICT_IS_DISTRICT_NOT_WONDER_FLOODPLIAN_CosEgypt');
INSERT INTO RequirementSets (RequirementSetId , RequirementSetType)
	VALUES ('DISTRICT_IS_DISTRICT_NOT_WONDER_FLOODPLIAN_CosEgypt' , 'REQUIREMENTSET_TEST_ALL');
INSERT INTO RequirementSetRequirements (RequirementSetId , RequirementId) VALUES
('DISTRICT_IS_DISTRICT_NOT_WONDER_FLOODPLIAN_CosEgypt' , 'DISTRICT_IS_NOT_WONDER_MET_Cos'),
('DISTRICT_IS_DISTRICT_NOT_WONDER_FLOODPLIAN_CosEgypt' , 'REQUIRES_FLOODPLAINS_REQUIREMENT');
INSERT INTO ModifierArguments (ModifierId, Name, Value)
	VALUES ('DISTRICT_IS_DISTRICT_NOT_WONDER_FLOODPLIAN_EXTRA_HOUSING_CosEgypt' , 'Amount' , '2');
INSERT INTO Requirements (RequirementId , RequirementType) VALUES
('DISTRICT_IS_NOT_WONDER_MET_Cos' , 'REQUIREMENT_REQUIREMENTSET_IS_MET');
INSERT INTO RequirementArguments (RequirementId, Name, Value) VALUES
('DISTRICT_IS_NOT_WONDER_MET_Cos' , 'RequirementSetId' , 'DISTRICT_IS_NOT_WONDER_Cos');
INSERT INTO RequirementSets (RequirementSetId , RequirementSetType)
	VALUES ('DISTRICT_IS_NOT_WONDER_Cos' , 'REQUIREMENTSET_TEST_ANY');--陆地区域判定条件：不是奇观
INSERT INTO RequirementSetRequirements (RequirementSetId , RequirementId) VALUES
('DISTRICT_IS_NOT_WONDER_Cos' , 'REQUIRES_DISTRICT_IS_CITY_CENTER'),
('DISTRICT_IS_NOT_WONDER_Cos' , 'REQUIRES_DISTRICT_IS_CAMPUS'),
('DISTRICT_IS_NOT_WONDER_Cos' , 'REQUIRES_DISTRICT_IS_HOLY_SITE'),
('DISTRICT_IS_NOT_WONDER_Cos' , 'REQUIRES_DISTRICT_IS_COMMERCIAL_HUB'),
('DISTRICT_IS_NOT_WONDER_Cos' , 'REQUIRES_DISTRICT_IS_THEATER'),
('DISTRICT_IS_NOT_WONDER_Cos' , 'REQUIRES_DISTRICT_IS_ENCAMPMENT'),
('DISTRICT_IS_NOT_WONDER_Cos' , 'REQUIRES_DISTRICT_IS_INDUSTRIAL_ZONE'),
('DISTRICT_IS_NOT_WONDER_Cos' , 'REQUIRES_DISTRICT_IS_ENTERTAINMENT_COMPLEX'),
('DISTRICT_IS_NOT_WONDER_Cos' , 'REQUIRES_DISTRICT_IS_AQUEDUCT'),
('DISTRICT_IS_NOT_WONDER_Cos' , 'REQUIRES_DISTRICT_IS_NEIGHBORHOOD'),
('DISTRICT_IS_NOT_WONDER_Cos' , 'REQUIRES_DISTRICT_IS_DAM'),
('DISTRICT_IS_NOT_WONDER_Cos' , 'REQUIRES_DISTRICT_IS_CANAL'),
('DISTRICT_IS_NOT_WONDER_Cos' , 'REQUIRES_DISTRICT_IS_AERODROME_Cos'),
('DISTRICT_IS_NOT_WONDER_Cos' , 'REQUIRES_DISTRICT_IS_SPACEPORT_Cos'),
('DISTRICT_IS_NOT_WONDER_Cos' , 'REQUIRES_DISTRICT_IS_GOVERNMENT_Cos'),
('DISTRICT_IS_NOT_WONDER_Cos' , 'REQUIRES_DISTRICT_IS_PRESERVE_Cos'),
('DISTRICT_IS_NOT_WONDER_Cos' , 'REQUIRES_DISTRICT_IS_DIPLOMATIC_QUARTER_Cos');
INSERT INTO Requirements (RequirementId , RequirementType) VALUES
('REQUIRES_DISTRICT_IS_AERODROME_Cos' , 'REQUIREMENT_DISTRICT_TYPE_MATCHES'),
('REQUIRES_DISTRICT_IS_SPACEPORT_Cos' , 'REQUIREMENT_DISTRICT_TYPE_MATCHES'),
('REQUIRES_DISTRICT_IS_GOVERNMENT_Cos' , 'REQUIREMENT_DISTRICT_TYPE_MATCHES'),
('REQUIRES_DISTRICT_IS_PRESERVE_Cos' , 'REQUIREMENT_DISTRICT_TYPE_MATCHES'),
('REQUIRES_DISTRICT_IS_DIPLOMATIC_QUARTER_Cos' , 'REQUIREMENT_DISTRICT_TYPE_MATCHES');
INSERT INTO RequirementArguments (RequirementId, Name, Value) VALUES
('REQUIRES_DISTRICT_IS_AERODROME_Cos' , 'DistrictType' , 'DISTRICT_AERODROME'),
('REQUIRES_DISTRICT_IS_SPACEPORT_Cos' , 'DistrictType' , 'DISTRICT_SPACEPORT'),
('REQUIRES_DISTRICT_IS_GOVERNMENT_Cos' , 'DistrictType' , 'DISTRICT_GOVERNMENT'),
('REQUIRES_DISTRICT_IS_PRESERVE_Cos' , 'DistrictType' , 'DISTRICT_PRESERVE'),
('REQUIRES_DISTRICT_IS_DIPLOMATIC_QUARTER_Cos' , 'DistrictType' , 'DISTRICT_DIPLOMATIC_QUARTER');
--位于惊艳单元格的市中心和专业化区域+1宜居度
INSERT INTO TraitModifiers (TraitType, ModifierId) VALUES
('TRAIT_LEADER_CLEOPATRA_ALT', 'CITY_CENTER_SPECIALTY_DISTRICT_BREATHTAKING_EXTRA_ENTERTAINMENT_CosEgypt');
INSERT INTO Modifiers (ModifierId, ModifierType, SubjectRequirementSetId) VALUES
('CITY_CENTER_SPECIALTY_DISTRICT_BREATHTAKING_EXTRA_ENTERTAINMENT_CosEgypt', 'MODIFIER_PLAYER_DISTRICTS_ADJUST_EXTRA_ENTERTAINMENT', 'SPECIALTY_DISTRICT_BREATHTAKING_CosEgypt');
INSERT INTO RequirementSets (RequirementSetId , RequirementSetType)
	VALUES ('SPECIALTY_DISTRICT_BREATHTAKING_CosEgypt' , 'REQUIREMENTSET_TEST_ALL');
INSERT INTO RequirementSetRequirements (RequirementSetId , RequirementId) VALUES
('SPECIALTY_DISTRICT_BREATHTAKING_CosEgypt' , 'DISTRICT_IS_CITY_CENTER_SPECIALTY_DISTRICT_MET_Cos'),
('SPECIALTY_DISTRICT_BREATHTAKING_CosEgypt' , 'REQUIRES_PLOT_BREATHTAKING_APPEAL');
INSERT INTO ModifierArguments (ModifierId, Name, Value)
	VALUES ('CITY_CENTER_SPECIALTY_DISTRICT_BREATHTAKING_EXTRA_ENTERTAINMENT_CosEgypt' , 'Amount' , '1');
INSERT INTO Requirements (RequirementId , RequirementType) VALUES
('DISTRICT_IS_CITY_CENTER_SPECIALTY_DISTRICT_MET_Cos' , 'REQUIREMENT_REQUIREMENTSET_IS_MET');
INSERT INTO RequirementArguments (RequirementId, Name, Value) VALUES
('DISTRICT_IS_CITY_CENTER_SPECIALTY_DISTRICT_MET_Cos' , 'RequirementSetId' , 'DISTRICT_IS_CITY_CENTER_SPECIALTY_DISTRICT_Cos');
INSERT INTO RequirementSets (RequirementSetId , RequirementSetType)
	VALUES ('DISTRICT_IS_CITY_CENTER_SPECIALTY_DISTRICT_Cos' , 'REQUIREMENTSET_TEST_ANY');
INSERT INTO RequirementSetRequirements (RequirementSetId , RequirementId) VALUES
('DISTRICT_IS_CITY_CENTER_SPECIALTY_DISTRICT_Cos' , 'REQUIRES_DISTRICT_IS_CITY_CENTER'),
('DISTRICT_IS_CITY_CENTER_SPECIALTY_DISTRICT_Cos' , 'REQUIRES_DISTRICT_IS_CAMPUS'),
('DISTRICT_IS_CITY_CENTER_SPECIALTY_DISTRICT_Cos' , 'REQUIRES_DISTRICT_IS_HOLY_SITE'),
('DISTRICT_IS_CITY_CENTER_SPECIALTY_DISTRICT_Cos' , 'REQUIRES_DISTRICT_IS_COMMERCIAL_HUB'),
('DISTRICT_IS_CITY_CENTER_SPECIALTY_DISTRICT_Cos' , 'REQUIRES_DISTRICT_IS_THEATER'),
('DISTRICT_IS_CITY_CENTER_SPECIALTY_DISTRICT_Cos' , 'REQUIRES_DISTRICT_IS_ENCAMPMENT'),
('DISTRICT_IS_CITY_CENTER_SPECIALTY_DISTRICT_Cos' , 'REQUIRES_DISTRICT_IS_INDUSTRIAL_ZONE'),
('DISTRICT_IS_CITY_CENTER_SPECIALTY_DISTRICT_Cos' , 'REQUIRES_DISTRICT_IS_AERODROME_Cos'),
('DISTRICT_IS_CITY_CENTER_SPECIALTY_DISTRICT_Cos' , 'REQUIRES_DISTRICT_IS_ENTERTAINMENT_COMPLEX'),
('DISTRICT_IS_CITY_CENTER_SPECIALTY_DISTRICT_Cos' , 'REQUIRES_DISTRICT_IS_GOVERNMENT_Cos'),
('DISTRICT_IS_CITY_CENTER_SPECIALTY_DISTRICT_Cos' , 'REQUIRES_DISTRICT_IS_PRESERVE_Cos'),
('DISTRICT_IS_CITY_CENTER_SPECIALTY_DISTRICT_Cos' , 'REQUIRES_DISTRICT_IS_DIPLOMATIC_QUARTER_Cos');
--狮身人面像--
--可以相邻
UPDATE Improvements SET SameAdjacentValid =1 WHERE ImprovementType='IMPROVEMENT_SPHINX'; 
--每个使奇观加速2%
INSERT INTO ImprovementModifiers (ImprovementType, ModifierID) VALUES
('IMPROVEMENT_SPHINX', 'SPHINX_WONDER_PRODUCTION_BONUS_CosEgypt');
INSERT INTO Modifiers (ModifierId, ModifierType) VALUES
('SPHINX_WONDER_PRODUCTION_BONUS_CosEgypt' , 'MODIFIER_PLAYER_CITIES_ADJUST_WONDER_PRODUCTION');
INSERT INTO ModifierArguments (ModifierId, Name, Value)
	VALUES ('SPHINX_WONDER_PRODUCTION_BONUS_CosEgypt' , 'Amount' , '2');
--每相邻1个奇观+2信仰
DELETE FROM ImprovementModifiers WHERE ImprovementType='IMPROVEMENT_SPHINX' AND ModifierID='SPHINX_WONDERADJACENCY_FAITH';
INSERT INTO Improvement_Adjacencies (ImprovementType, YieldChangeId) VALUES
	('IMPROVEMENT_SPHINX', 'SPHINX_WONDER_CosEgypt');
INSERT INTO Adjacency_YieldChanges (ID, Description, YieldType, YieldChange, TilesRequired, AdjacentWonder) VALUES
('SPHINX_WONDER_CosEgypt', 'Placeholder', 'YIELD_FAITH', 2, 1, 1);
--加文化提前至封建主义
UPDATE Improvement_BonusYieldChanges SET PrereqCivic ='CIVIC_FEUDALISM' WHERE ImprovementType='IMPROVEMENT_SPHINX'; 
--一级关联河流
UPDATE StartBiasRivers SET Tier=1 WHERE CivilizationType ='CIVILIZATION_EGYPT'; 