--英国
--港口提供等同于相邻加成的生产力
INSERT INTO TraitModifiers (TraitType, ModifierId) VALUES ('TRAIT_CIVILIZATION_INDUSTRIAL_REVOLUTION', 'TRAIT_HARBOR_ADJACENCY_PRODUCTION_CosEngland');
INSERT INTO Modifiers (ModifierId, ModifierType, SubjectRequirementSetId)
	VALUES 	('TRAIT_HARBOR_ADJACENCY_PRODUCTION_CosEngland' , 'MODIFIER_PLAYER_DISTRICTS_ADJUST_YIELD_BASED_ON_ADJACENCY_BONUS', 'DISTRICT_IS_HARBOR');
INSERT INTO ModifierArguments (ModifierId, Name, Value) VALUES ('TRAIT_HARBOR_ADJACENCY_PRODUCTION_CosEngland', 'YieldTypeToMirror', 'YIELD_GOLD');
INSERT INTO ModifierArguments (ModifierId, Name, Value) VALUES ('TRAIT_HARBOR_ADJACENCY_PRODUCTION_CosEngland', 'YieldTypeToGrant', 'YIELD_PRODUCTION');
--伊丽莎白--
--海军统帅+1次数
INSERT INTO TraitModifiers (TraitType, ModifierId) 
    VALUES ('TRAIT_LEADER_ELIZABETH', 'TRAIT_ADJUST_MERCHANT_CHARGES_CosEngland');
INSERT INTO Modifiers (ModifierId, ModifierType, SubjectRequirementSetId)
	VALUES 	('TRAIT_ADJUST_MERCHANT_CHARGES_CosEngland' , 'MODIFIER_PLAYER_UNITS_ADJUST_GREAT_PERSON_CHARGES', 'UNIT_IS_ADMIRAL');
INSERT INTO ModifierArguments (ModifierId, Name, Value)
	VALUES ('TRAIT_ADJUST_MERCHANT_CHARGES_CosEngland' , 'Amount' , '1');
--海军袭击者造一送一
INSERT INTO TraitModifiers (TraitType , ModifierId)
	VALUES ('TRAIT_LEADER_ELIZABETH' , 'TRAIT_EXTRACLASS_NAVAL_RAIDER_CosEngland');
INSERT INTO Modifiers (ModifierId , ModifierType)
	VALUES ('TRAIT_EXTRACLASS_NAVAL_RAIDER_CosEngland', 'MODIFIER_PLAYER_UNITS_ADJUST_EXTRA_UNIT_COPY_TAG');
INSERT INTO ModifierArguments (ModifierId , Name , Value) VALUES
('TRAIT_EXTRACLASS_NAVAL_RAIDER_CosEngland', 'Tag', 'CLASS_NAVAL_RAIDER'),
('TRAIT_EXTRACLASS_NAVAL_RAIDER_CosEngland', 'Amount', '1');
--蒸维
--工业区文化炸弹
INSERT INTO TraitModifiers (TraitType , ModifierId)
	VALUES ('TRAIT_LEADER_VICTORIA_ALT' , 'TRAIT_INDUSTRIAL_ZONE_CULTURE_BOMB_CosEngland');
INSERT INTO Modifiers (ModifierId , ModifierType)
	VALUES ('TRAIT_INDUSTRIAL_ZONE_CULTURE_BOMB_CosEngland', 'MODIFIER_PLAYER_ADD_CULTURE_BOMB_TRIGGER');
INSERT INTO ModifierArguments (ModifierId , Name , Value)
	VALUES ('TRAIT_INDUSTRIAL_ZONE_CULTURE_BOMB_CosEngland', 'DistrictType', 'DISTRICT_INDUSTRIAL_ZONE');
--相邻工业区的战略资源+2科技
INSERT INTO TraitModifiers (TraitType , ModifierId)
	VALUES ('TRAIT_LEADER_VICTORIA_ALT' , 'TRAIT_SCIENCE_STRATEGIC_ADJACENT_TO_INDUSTRIAL_ZONE_CosEngland');
INSERT INTO Modifiers (ModifierId , ModifierType, SubjectRequirementSetId)
	VALUES ('TRAIT_SCIENCE_STRATEGIC_ADJACENT_TO_INDUSTRIAL_ZONE_CosEngland', 'MODIFIER_PLAYER_ADJUST_PLOT_YIELD', 'PLOT_STRATEGIC_ADJACENT_TO_INDUSTRIAL_ZONE_REQUIREMENTS_CosEngland');
INSERT INTO RequirementSets (RequirementSetId , RequirementSetType)
	VALUES ('PLOT_STRATEGIC_ADJACENT_TO_INDUSTRIAL_ZONE_REQUIREMENTS_CosEngland' , 'REQUIREMENTSET_TEST_ALL');
INSERT INTO RequirementSetRequirements (RequirementSetId , RequirementId) VALUES
('PLOT_STRATEGIC_ADJACENT_TO_INDUSTRIAL_ZONE_REQUIREMENTS_CosEngland', 'REQUIRES_PLOT_ADJACENT_TO_INDUSTRIAL_ZONE_CosEngland'),
('PLOT_STRATEGIC_ADJACENT_TO_INDUSTRIAL_ZONE_REQUIREMENTS_CosEngland', 'REQUIRES_PLOT_HAS_VISIBLE_RESOURCE'),
('PLOT_STRATEGIC_ADJACENT_TO_INDUSTRIAL_ZONE_REQUIREMENTS_CosEngland', 'REQUIRES_PLOT_HAS_STRATEGIC');
INSERT INTO Requirements (RequirementId , RequirementType) VALUES
('REQUIRES_PLOT_ADJACENT_TO_INDUSTRIAL_ZONE_CosEngland' , 'REQUIREMENT_PLOT_ADJACENT_DISTRICT_TYPE_MATCHES');
INSERT INTO RequirementArguments (RequirementId, Name, Value) VALUES
('REQUIRES_PLOT_ADJACENT_TO_INDUSTRIAL_ZONE_CosEngland' , 'DistrictType' , 'DISTRICT_INDUSTRIAL_ZONE');
INSERT INTO ModifierArguments (ModifierId , Name , Value) VALUES
('TRAIT_SCIENCE_STRATEGIC_ADJACENT_TO_INDUSTRIAL_ZONE_CosEngland', 'YieldType', 'YIELD_SCIENCE'),
('TRAIT_SCIENCE_STRATEGIC_ADJACENT_TO_INDUSTRIAL_ZONE_CosEngland', 'Amount', '2');
--工业区额外区域位
INSERT INTO TraitModifiers (TraitType, ModifierId) VALUES 
    ('TRAIT_LEADER_VICTORIA_ALT', 'TRAIT_INDUSTRIAL_ZONE_EXTRA_DISTRICT_CosEngland');
INSERT INTO Modifiers (ModifierId, ModifierType, SubjectRequirementSetId) VALUES 	
    ('TRAIT_INDUSTRIAL_ZONE_EXTRA_DISTRICT_CosEngland', 'MODIFIER_PLAYER_CITIES_EXTRA_DISTRICT', 'REQUIRES_CITY_HAS_INDUSTRIAL_ZONE');
INSERT INTO ModifierArguments (ModifierId, Name, Value)
	VALUES ('TRAIT_INDUSTRIAL_ZONE_EXTRA_DISTRICT_CosEngland' , 'Amount' , '1');
--红维
--红衫军改为工业化解锁
UPDATE Units SET PrereqTech='TECH_INDUSTRIALIZATION' WHERE UnitType='UNIT_ENGLISH_REDCOAT';
--异大陆坐城送商人
INSERT INTO TraitModifiers (TraitType , ModifierId)
	VALUES ('TRAIT_LEADER_PAX_BRITANNICA' , 'TRAIT_INTERCONTINENTAL_TRADER_CosEngland');
INSERT INTO Modifiers (ModifierId , ModifierType, Permanent, SubjectRequirementSetId)
	VALUES ('TRAIT_INTERCONTINENTAL_TRADER_CosEngland', 'MODIFIER_PLAYER_CITIES_GRANT_UNIT_IN_CITY', 1,'CITY_NOT_OWNER_CAPITAL_CONTINENT_REQUIREMENTS');
INSERT INTO ModifierArguments (ModifierId , Name , Value) VALUES
('TRAIT_INTERCONTINENTAL_TRADER_CosEngland', 'UnitType', 'UNIT_TRADER'),
('TRAIT_INTERCONTINENTAL_TRADER_CosEngland', 'Amount', '1');
/* --驻军城市+8%生产力
INSERT INTO TraitModifiers (TraitType , ModifierId)
	VALUES ('TRAIT_LEADER_PAX_BRITANNICA' , 'TRAIT_GARRISON_PRODUCTION_CosEngland');
INSERT INTO Modifiers (ModifierId , ModifierType, SubjectRequirementSetId)
	VALUES ('TRAIT_GARRISON_PRODUCTION_CosEngland', 'MODIFIER_PLAYER_CITIES_ADJUST_CITY_YIELD_MODIFIER', 'CITY_HAS_GARRISON_UNIT_REQUIERMENT');
INSERT INTO ModifierArguments (ModifierId , Name , Value) VALUES
('TRAIT_GARRISON_PRODUCTION_CosEngland', 'YieldType', 'YIELD_PRODUCTION'),
('TRAIT_GARRISON_PRODUCTION_CosEngland', 'Amount', '8');
--异大陆驻军城市+8%生产力
INSERT INTO TraitModifiers (TraitType , ModifierId)
	VALUES ('TRAIT_LEADER_PAX_BRITANNICA' , 'TRAIT_GARRISON_OTHER_CONTINENT_PRODUCTION_CosEngland');
INSERT INTO Modifiers (ModifierId , ModifierType, SubjectRequirementSetId)
	VALUES ('TRAIT_GARRISON_OTHER_CONTINENT_PRODUCTION_CosEngland', 'MODIFIER_PLAYER_CITIES_ADJUST_CITY_YIELD_MODIFIER', 'CITY_HAS_GARRISON_UNIT_OTHER_CONTINENT_REQUIERMENT_CosEngland');
INSERT INTO RequirementSets (RequirementSetId , RequirementSetType)
	VALUES ('CITY_HAS_GARRISON_UNIT_OTHER_CONTINENT_REQUIERMENT_CosEngland' , 'REQUIREMENTSET_TEST_ALL');
INSERT INTO RequirementSetRequirements (RequirementSetId , RequirementId) VALUES
('CITY_HAS_GARRISON_UNIT_OTHER_CONTINENT_REQUIERMENT_CosEngland', 'REQUIRES_CITY_HAS_GARRISON_UNIT'),
('CITY_HAS_GARRISON_UNIT_OTHER_CONTINENT_REQUIERMENT_CosEngland', 'CITY_IS_OTHER_CONTINENT_REQUIREMENTS');
INSERT INTO ModifierArguments (ModifierId , Name , Value) VALUES
('TRAIT_GARRISON_OTHER_CONTINENT_PRODUCTION_CosEngland', 'YieldType', 'YIELD_PRODUCTION'),
('TRAIT_GARRISON_OTHER_CONTINENT_PRODUCTION_CosEngland', 'Amount', '8'); */
