--高卢
--区域可建在市中心旁
DELETE FROM TraitModifiers WHERE TraitType='TRAIT_CIVILIZATION_GAUL' AND ModifierId='TRAIT_CIVILIZATION_GAUL_CITY_NO_ADJACENT_DISTRICT';
--采石场文化炸弹
INSERT INTO TraitModifiers (TraitType, ModifierId) 
    VALUES ('TRAIT_CIVILIZATION_GAUL', 'GAUL_QUARRY_CULTURE_BOMB_CosGaul');
INSERT INTO Modifiers (ModifierId, ModifierType, SubjectRequirementSetId)
	VALUES 	('GAUL_QUARRY_CULTURE_BOMB_CosGaul' , 'MODIFIER_PLAYER_ADD_CULTURE_BOMB_TRIGGER', NULL);
INSERT INTO ModifierArguments (ModifierId, Name, Value) VALUES ('GAUL_QUARRY_CULTURE_BOMB_CosGaul', 'ImprovementType', 'IMPROVEMENT_QUARRY');
INSERT INTO ModifierArguments (ModifierId, Name, Value) VALUES ('GAUL_QUARRY_CULTURE_BOMB_CosGaul', 'CaptureOwnedTerritory', '0');
--采石场文化
INSERT INTO TraitModifiers (TraitType, ModifierId) 
    VALUES ('TRAIT_CIVILIZATION_GAUL', 'GAUL_QUARRY_CULTURE_CosGaul');
INSERT INTO Modifiers (ModifierId, ModifierType, SubjectRequirementSetId)
	VALUES 	('GAUL_QUARRY_CULTURE_CosGaul' , 'MODIFIER_PLAYER_ADJUST_PLOT_YIELD', 'PLOT_HAS_QUARRY_REQUIREMENTS');
INSERT INTO ModifierArguments (ModifierId, Name, Value) VALUES ('GAUL_QUARRY_CULTURE_CosGaul', 'YieldType', 'YIELD_CULTURE');
INSERT INTO ModifierArguments (ModifierId, Name, Value) VALUES ('GAUL_QUARRY_CULTURE_CosGaul', 'Amount', '1');
--采石场旅游业绩
INSERT INTO TraitModifiers (TraitType, ModifierId) 
    VALUES ('TRAIT_CIVILIZATION_GAUL', 'GAUL_QUARRY_TOURISM_CosGaul');
INSERT INTO Modifiers (ModifierId, ModifierType, SubjectRequirementSetId)
	VALUES 	('GAUL_QUARRY_TOURISM_CosGaul' , 'MODIFIER_PLAYER_ADJUST_PLOT_YIELD', 'PLAYER_HAS_FLIGHT');
INSERT INTO ModifierArguments (ModifierId, Name, Value) VALUES ('GAUL_QUARRY_TOURISM_CosGaul', 'ImprovementType', 'IMPROVEMENT_QUARRY');
INSERT INTO ModifierArguments (ModifierId, Name, Value) VALUES ('GAUL_QUARRY_TOURISM_CosGaul', 'ScalingFactor', '200');
--采石场相邻加成
INSERT INTO TraitModifiers (TraitType, ModifierId) VALUES 
    ('TRAIT_CIVILIZATION_GAUL', 'TRAIT_CIVILIZATION_GAUL_HOLYSITE_ADJACENCYFAITH_CosGaul'),
    ('TRAIT_CIVILIZATION_GAUL',	'TRAIT_CIVILIZATION_GAUL_CAMPUS_ADJACENCYSCIENCE_CosGaul'),
	('TRAIT_CIVILIZATION_GAUL',	'TRAIT_CIVILIZATION_GAUL_COMMERCIALHUB_ADJACENCYGOLD_CosGaul'),
	('TRAIT_CIVILIZATION_GAUL',	'TRAIT_CIVILIZATION_GAUL_HARBOR_ADJACENCYGOLD_CosGaul'),
	('TRAIT_CIVILIZATION_GAUL',	'TRAIT_CIVILIZATION_GAUL_THEATER_ADJACENCYCULTURE_CosGaul');
INSERT INTO Modifiers (ModifierId, ModifierType, SubjectRequirementSetId) VALUES 	
    ('TRAIT_CIVILIZATION_GAUL_HOLYSITE_ADJACENCYFAITH_CosGaul', 'MODIFIER_PLAYER_CITIES_IMPROVEMENT_ADJACENCY', NULL),
    ('TRAIT_CIVILIZATION_GAUL_CAMPUS_ADJACENCYSCIENCE_CosGaul', 'MODIFIER_PLAYER_CITIES_IMPROVEMENT_ADJACENCY', NULL),
	('TRAIT_CIVILIZATION_GAUL_COMMERCIALHUB_ADJACENCYGOLD_CosGaul', 'MODIFIER_PLAYER_CITIES_IMPROVEMENT_ADJACENCY', NULL),
	('TRAIT_CIVILIZATION_GAUL_HARBOR_ADJACENCYGOLD_CosGaul', 'MODIFIER_PLAYER_CITIES_IMPROVEMENT_ADJACENCY', NULL),
	('TRAIT_CIVILIZATION_GAUL_THEATER_ADJACENCYCULTURE_CosGaul', 'MODIFIER_PLAYER_CITIES_IMPROVEMENT_ADJACENCY', NULL);
INSERT INTO ModifierArguments (ModifierId, Name, Value) VALUES 
    ('TRAIT_CIVILIZATION_GAUL_CAMPUS_ADJACENCYSCIENCE_CosGaul',			'Amount',					1),
	('TRAIT_CIVILIZATION_GAUL_CAMPUS_ADJACENCYSCIENCE_CosGaul', 'Description', 'LOC_DISTRICT_QUARRY_1_SCIENCE_CosGaul'),
	('TRAIT_CIVILIZATION_GAUL_CAMPUS_ADJACENCYSCIENCE_CosGaul',			'DistrictType',				'DISTRICT_CAMPUS'),
	('TRAIT_CIVILIZATION_GAUL_CAMPUS_ADJACENCYSCIENCE_CosGaul',			'ImprovementType',			'IMPROVEMENT_QUARRY'),
	('TRAIT_CIVILIZATION_GAUL_CAMPUS_ADJACENCYSCIENCE_CosGaul',			'TilesRequired',			1),
	('TRAIT_CIVILIZATION_GAUL_CAMPUS_ADJACENCYSCIENCE_CosGaul',			'YieldType',				'YIELD_SCIENCE'),
	('TRAIT_CIVILIZATION_GAUL_COMMERCIALHUB_ADJACENCYGOLD_CosGaul',		'Amount',					1),
	('TRAIT_CIVILIZATION_GAUL_COMMERCIALHUB_ADJACENCYGOLD_CosGaul', 'Description', 'LOC_DISTRICT_QUARRY_1_GOLD_CosGaul'),
	('TRAIT_CIVILIZATION_GAUL_COMMERCIALHUB_ADJACENCYGOLD_CosGaul',		'DistrictType',				'DISTRICT_COMMERCIAL_HUB'),
	('TRAIT_CIVILIZATION_GAUL_COMMERCIALHUB_ADJACENCYGOLD_CosGaul',		'ImprovementType',			'IMPROVEMENT_QUARRY'),
	('TRAIT_CIVILIZATION_GAUL_COMMERCIALHUB_ADJACENCYGOLD_CosGaul',		'TilesRequired',			1),
	('TRAIT_CIVILIZATION_GAUL_COMMERCIALHUB_ADJACENCYGOLD_CosGaul',		'YieldType',				'YIELD_GOLD'),
	('TRAIT_CIVILIZATION_GAUL_HARBOR_ADJACENCYGOLD_CosGaul',				'Amount',					1),
	('TRAIT_CIVILIZATION_GAUL_HARBOR_ADJACENCYGOLD_CosGaul', 'Description', 'LOC_DISTRICT_QUARRY_1_GOLD_CosGaul'),
	('TRAIT_CIVILIZATION_GAUL_HARBOR_ADJACENCYGOLD_CosGaul',				'DistrictType',				'DISTRICT_HARBOR'),
	('TRAIT_CIVILIZATION_GAUL_HARBOR_ADJACENCYGOLD_CosGaul',				'ImprovementType',			'IMPROVEMENT_QUARRY'),
	('TRAIT_CIVILIZATION_GAUL_HARBOR_ADJACENCYGOLD_CosGaul',				'TilesRequired',			1),
	('TRAIT_CIVILIZATION_GAUL_HARBOR_ADJACENCYGOLD_CosGaul',				'YieldType',				'YIELD_GOLD'),
	('TRAIT_CIVILIZATION_GAUL_HOLYSITE_ADJACENCYFAITH_CosGaul',			'Amount',					1),
	('TRAIT_CIVILIZATION_GAUL_HOLYSITE_ADJACENCYFAITH_CosGaul', 'Description', 'LOC_DISTRICT_QUARRY_1_FAITH_CosGaul'),
	('TRAIT_CIVILIZATION_GAUL_HOLYSITE_ADJACENCYFAITH_CosGaul',			'DistrictType',				'DISTRICT_HOLY_SITE'),
	('TRAIT_CIVILIZATION_GAUL_HOLYSITE_ADJACENCYFAITH_CosGaul',			'ImprovementType',			'IMPROVEMENT_QUARRY'),
	('TRAIT_CIVILIZATION_GAUL_HOLYSITE_ADJACENCYFAITH_CosGaul',			'TilesRequired',			1),
	('TRAIT_CIVILIZATION_GAUL_HOLYSITE_ADJACENCYFAITH_CosGaul',			'YieldType',				'YIELD_FAITH'),
    ('TRAIT_CIVILIZATION_GAUL_THEATER_ADJACENCYCULTURE_CosGaul',			'Amount',					1),
	('TRAIT_CIVILIZATION_GAUL_THEATER_ADJACENCYCULTURE_CosGaul', 'Description',	 'LOC_DISTRICT_QUARRY_1_CULTURE_CosGaul'),
	('TRAIT_CIVILIZATION_GAUL_THEATER_ADJACENCYCULTURE_CosGaul',			'DistrictType',				'DISTRICT_THEATER'),
	('TRAIT_CIVILIZATION_GAUL_THEATER_ADJACENCYCULTURE_CosGaul',			'ImprovementType',			'IMPROVEMENT_QUARRY'),
	('TRAIT_CIVILIZATION_GAUL_THEATER_ADJACENCYCULTURE_CosGaul',			'TilesRequired',			1),
	('TRAIT_CIVILIZATION_GAUL_THEATER_ADJACENCYCULTURE_CosGaul',			'YieldType',				'YIELD_CULTURE');

--奥皮杜姆--
--加一专家槽位
UPDATE Districts SET CitizenSlots=2 WHERE DistrictType='DISTRICT_OPPIDUM';
--矿山加成
INSERT INTO District_Adjacencies (DistrictType, YieldChangeId) 
    VALUES ('DISTRICT_OPPIDUM', 'Minel_HalfProduction');
--高卢枪佣兵造价更低
UPDATE Units SET Cost=52 WHERE UnitType='UNIT_GAUL_GAESATAE';
--关联采石场资源
INSERT INTO StartBiasResources (CivilizationType, ResourceType, Tier)
	VALUES ('CIVILIZATION_GAUL', 'RESOURCE_STONE', 5);
INSERT INTO StartBiasResources (CivilizationType, ResourceType, Tier)
	VALUES ('CIVILIZATION_GAUL', 'RESOURCE_MARBLE', 5);
INSERT INTO StartBiasResources (CivilizationType, ResourceType, Tier)
	VALUES ('CIVILIZATION_GAUL', 'RESOURCE_GYPSUM', 3);
--关联丘陵
INSERT INTO StartBiasTerrains (CivilizationType, TerrainType, Tier)
	VALUES ('CIVILIZATION_GAUL', 'TERRAIN_GRASS_HILLS', 1);
INSERT INTO StartBiasTerrains (CivilizationType, TerrainType, Tier)
	VALUES ('CIVILIZATION_GAUL', 'TERRAIN_PLAINS_HILLS', 1);
--关联铁
UPDATE StartBiasResources SET Tier=1 WHERE ResourceType='RESOURCE_IRON' AND CivilizationType='CIVILIZATION_GAUL';