--希腊
--伯利克里--
--宗主每种类型城邦为区域+2对应产出
INSERT INTO TraitModifiers (TraitType, ModifierId) 
    VALUES ('TRAIT_LEADER_SURROUNDED_BY_GLORY', 'TRAIT_SCIENTIFIC_SUZERAIN_CosGreece');
INSERT INTO Modifiers (ModifierId, ModifierType, SubjectRequirementSetId)
	VALUES 	('TRAIT_SCIENTIFIC_SUZERAIN_CosGreece' , 'MODIFIER_PLAYER_DISTRICTS_ADJUST_YIELD_CHANGE', 'CAMPUS_SCIENTIFIC_SUZERAIN_1_REQUIREMENTS_CosGreece');
INSERT INTO RequirementSets (RequirementSetId , RequirementSetType)
	VALUES ('CAMPUS_SCIENTIFIC_SUZERAIN_1_REQUIREMENTS_CosGreece' , 'REQUIREMENTSET_TEST_ALL');
INSERT INTO RequirementSetRequirements (RequirementSetId , RequirementId) VALUES
('CAMPUS_SCIENTIFIC_SUZERAIN_1_REQUIREMENTS_CosGreece' , 'REQUIRES_SUZERAIN_SCIENTIFIC_1_LEADER'),
('CAMPUS_SCIENTIFIC_SUZERAIN_1_REQUIREMENTS_CosGreece' , 'REQUIRES_DISTRICT_IS_CAMPUS');
INSERT INTO ModifierArguments (ModifierId, Name, Value) VALUES
('TRAIT_SCIENTIFIC_SUZERAIN_CosGreece' , 'YieldType', 'YIELD_SCIENCE'),
('TRAIT_SCIENTIFIC_SUZERAIN_CosGreece' , 'Amount' , '2');

INSERT INTO TraitModifiers (TraitType, ModifierId) 
    VALUES ('TRAIT_LEADER_SURROUNDED_BY_GLORY', 'TRAIT_RELIGIOUS_SUZERAIN_CosGreece');
INSERT INTO Modifiers (ModifierId, ModifierType, SubjectRequirementSetId)
	VALUES 	('TRAIT_RELIGIOUS_SUZERAIN_CosGreece' , 'MODIFIER_PLAYER_DISTRICTS_ADJUST_YIELD_CHANGE', 'HOLY_SITE_RELIGIOUS_SUZERAIN_1_REQUIREMENTS_CosGreece');
INSERT INTO RequirementSets (RequirementSetId , RequirementSetType)
	VALUES ('HOLY_SITE_RELIGIOUS_SUZERAIN_1_REQUIREMENTS_CosGreece' , 'REQUIREMENTSET_TEST_ALL');
INSERT INTO RequirementSetRequirements (RequirementSetId , RequirementId) VALUES
('HOLY_SITE_RELIGIOUS_SUZERAIN_1_REQUIREMENTS_CosGreece' , 'REQUIRES_SUZERAIN_RELIGIOUS_1_LEADER'),
('HOLY_SITE_RELIGIOUS_SUZERAIN_1_REQUIREMENTS_CosGreece' , 'REQUIRES_DISTRICT_IS_HOLY_SITE');
INSERT INTO ModifierArguments (ModifierId, Name, Value) VALUES
('TRAIT_RELIGIOUS_SUZERAIN_CosGreece' , 'YieldType', 'YIELD_FAITH'),
('TRAIT_RELIGIOUS_SUZERAIN_CosGreece' , 'Amount' , '2');

INSERT INTO TraitModifiers (TraitType, ModifierId) 
    VALUES ('TRAIT_LEADER_SURROUNDED_BY_GLORY', 'TRAIT_CULTURAL_SUZERAIN_CosGreece');
INSERT INTO Modifiers (ModifierId, ModifierType, SubjectRequirementSetId)
	VALUES 	('TRAIT_CULTURAL_SUZERAIN_CosGreece' , 'MODIFIER_PLAYER_DISTRICTS_ADJUST_YIELD_CHANGE', 'THEATER_CULTURAL_SUZERAIN_1_REQUIREMENTS_CosGreece');
INSERT INTO RequirementSets (RequirementSetId , RequirementSetType)
	VALUES ('THEATER_CULTURAL_SUZERAIN_1_REQUIREMENTS_CosGreece' , 'REQUIREMENTSET_TEST_ALL');
INSERT INTO RequirementSetRequirements (RequirementSetId , RequirementId) VALUES
('THEATER_CULTURAL_SUZERAIN_1_REQUIREMENTS_CosGreece' , 'REQUIRES_SUZERAIN_CULTURAL_1_LEADER'),
('THEATER_CULTURAL_SUZERAIN_1_REQUIREMENTS_CosGreece' , 'REQUIRES_DISTRICT_IS_THEATER');
INSERT INTO ModifierArguments (ModifierId, Name, Value) VALUES
('TRAIT_CULTURAL_SUZERAIN_CosGreece' , 'YieldType', 'YIELD_CULTURE'),
('TRAIT_CULTURAL_SUZERAIN_CosGreece' , 'Amount' , '2');

INSERT INTO TraitModifiers (TraitType, ModifierId) 
    VALUES ('TRAIT_LEADER_SURROUNDED_BY_GLORY', 'TRAIT_MILITARISTIC_SUZERAIN_CosGreece');
INSERT INTO Modifiers (ModifierId, ModifierType, SubjectRequirementSetId)
	VALUES 	('TRAIT_MILITARISTIC_SUZERAIN_CosGreece' , 'MODIFIER_PLAYER_DISTRICTS_ADJUST_YIELD_CHANGE', 'ENCAMPMENT_MILITARISTIC_SUZERAIN_1_REQUIREMENTS_CosGreece');
INSERT INTO RequirementSets (RequirementSetId , RequirementSetType)
	VALUES ('ENCAMPMENT_MILITARISTIC_SUZERAIN_1_REQUIREMENTS_CosGreece' , 'REQUIREMENTSET_TEST_ALL');
INSERT INTO RequirementSetRequirements (RequirementSetId , RequirementId) VALUES
('ENCAMPMENT_MILITARISTIC_SUZERAIN_1_REQUIREMENTS_CosGreece' , 'REQUIRES_SUZERAIN_MILITARISTIC_1_LEADER'),
('ENCAMPMENT_MILITARISTIC_SUZERAIN_1_REQUIREMENTS_CosGreece' , 'REQUIRES_DISTRICT_IS_ENCAMPMENT');
INSERT INTO ModifierArguments (ModifierId, Name, Value) VALUES
('TRAIT_MILITARISTIC_SUZERAIN_CosGreece' , 'YieldType', 'YIELD_PRODUCTION'),
('TRAIT_MILITARISTIC_SUZERAIN_CosGreece' , 'Amount' , '2');

INSERT INTO TraitModifiers (TraitType, ModifierId) 
    VALUES ('TRAIT_LEADER_SURROUNDED_BY_GLORY', 'TRAIT_INDUSTRIAL_SUZERAIN_CosGreece');
INSERT INTO Modifiers (ModifierId, ModifierType, SubjectRequirementSetId)
	VALUES 	('TRAIT_INDUSTRIAL_SUZERAIN_CosGreece' , 'MODIFIER_PLAYER_DISTRICTS_ADJUST_YIELD_CHANGE', 'INDUSTRIAL_ZONE_INDUSTRIAL_SUZERAIN_1_REQUIREMENTS_CosGreece');
INSERT INTO RequirementSets (RequirementSetId , RequirementSetType)
	VALUES ('INDUSTRIAL_ZONE_INDUSTRIAL_SUZERAIN_1_REQUIREMENTS_CosGreece' , 'REQUIREMENTSET_TEST_ALL');
INSERT INTO RequirementSetRequirements (RequirementSetId , RequirementId) VALUES
('INDUSTRIAL_ZONE_INDUSTRIAL_SUZERAIN_1_REQUIREMENTS_CosGreece' , 'REQUIRES_SUZERAIN_INDUSTRIAL_1_LEADER'),
('INDUSTRIAL_ZONE_INDUSTRIAL_SUZERAIN_1_REQUIREMENTS_CosGreece' , 'REQUIRES_DISTRICT_IS_INDUSTRIAL_ZONE');
INSERT INTO ModifierArguments (ModifierId, Name, Value) VALUES
('TRAIT_INDUSTRIAL_SUZERAIN_CosGreece' , 'YieldType', 'YIELD_PRODUCTION'),
('TRAIT_INDUSTRIAL_SUZERAIN_CosGreece' , 'Amount' , '2');

INSERT INTO TraitModifiers (TraitType, ModifierId) 
    VALUES ('TRAIT_LEADER_SURROUNDED_BY_GLORY', 'TRAIT_TRADE_SUZERAIN1_CosGreece');
INSERT INTO Modifiers (ModifierId, ModifierType, SubjectRequirementSetId)
	VALUES 	('TRAIT_TRADE_SUZERAIN1_CosGreece' , 'MODIFIER_PLAYER_DISTRICTS_ADJUST_YIELD_CHANGE', 'COMMERCIAL_HUB_TRADE_SUZERAIN_1_REQUIREMENTS_CosGreece');
INSERT INTO RequirementSets (RequirementSetId , RequirementSetType)
	VALUES ('COMMERCIAL_HUB_TRADE_SUZERAIN_1_REQUIREMENTS_CosGreece' , 'REQUIREMENTSET_TEST_ALL');
INSERT INTO RequirementSetRequirements (RequirementSetId , RequirementId) VALUES
('COMMERCIAL_HUB_TRADE_SUZERAIN_1_REQUIREMENTS_CosGreece' , 'REQUIRES_SUZERAIN_TRADE_1_LEADER'),
('COMMERCIAL_HUB_TRADE_SUZERAIN_1_REQUIREMENTS_CosGreece' , 'REQUIRES_DISTRICT_IS_COMMERCIAL_HUB');
INSERT INTO ModifierArguments (ModifierId, Name, Value) VALUES
('TRAIT_TRADE_SUZERAIN1_CosGreece' , 'YieldType', 'YIELD_GOLD'),
('TRAIT_TRADE_SUZERAIN1_CosGreece' , 'Amount' , '2');

INSERT INTO TraitModifiers (TraitType, ModifierId) 
    VALUES ('TRAIT_LEADER_SURROUNDED_BY_GLORY', 'TRAIT_TRADE_SUZERAIN2_CosGreece');
INSERT INTO Modifiers (ModifierId, ModifierType, SubjectRequirementSetId)
	VALUES 	('TRAIT_TRADE_SUZERAIN2_CosGreece' , 'MODIFIER_PLAYER_DISTRICTS_ADJUST_YIELD_CHANGE', 'HARBOR_TRADE_SUZERAIN_1_REQUIREMENTS_CosGreece');
INSERT INTO RequirementSets (RequirementSetId , RequirementSetType)
	VALUES ('HARBOR_TRADE_SUZERAIN_1_REQUIREMENTS_CosGreece' , 'REQUIREMENTSET_TEST_ALL');
INSERT INTO RequirementSetRequirements (RequirementSetId , RequirementId) VALUES
('HARBOR_TRADE_SUZERAIN_1_REQUIREMENTS_CosGreece' , 'REQUIRES_SUZERAIN_TRADE_1_LEADER'),
('HARBOR_TRADE_SUZERAIN_1_REQUIREMENTS_CosGreece' , 'REQUIRES_DISTRICT_IS_HARBOR');
INSERT INTO ModifierArguments (ModifierId, Name, Value) VALUES
('TRAIT_TRADE_SUZERAIN2_CosGreece' , 'YieldType', 'YIELD_GOLD'),
('TRAIT_TRADE_SUZERAIN2_CosGreece' , 'Amount' , '2');
--戈尔戈-
--宗主军邦+2力
INSERT INTO TraitModifiers (TraitType , ModifierId)
	VALUES ('CULTURE_KILLS_TRAIT' , 'TRAIT_COMBAT_BONUS_MILITARISTIC_CosGreece');
INSERT INTO Modifiers (ModifierId, ModifierType, SubjectRequirementSetId)
	VALUES ('TRAIT_COMBAT_BONUS_MILITARISTIC_CosGreece' , 'MODIFIER_PLAYER_UNITS_ATTACH_MODIFIER', 'MILITARISTIC_SUZERAIN_1_REQUIREMENTS');
INSERT INTO ModifierArguments (ModifierId , Name , Value)
	VALUES ('TRAIT_COMBAT_BONUS_MILITARISTIC_CosGreece' , 'ModifierId', 'TRAIT_COMBAT_BONUS_MILITARISTIC_CosGreece_MODIFIER');
INSERT INTO Modifiers (ModifierId, ModifierType, SubjectRequirementSetId)
	VALUES ('TRAIT_COMBAT_BONUS_MILITARISTIC_CosGreece_MODIFIER' , 'MODIFIER_UNIT_ADJUST_COMBAT_STRENGTH' ,NULL);
INSERT INTO ModifierArguments (ModifierId , Name , Value)
	VALUES ('TRAIT_COMBAT_BONUS_MILITARISTIC_CosGreece_MODIFIER' , 'Amount' , '2');
INSERT INTO ModifierStrings (ModifierId, Context, Text) VALUES
('TRAIT_COMBAT_BONUS_MILITARISTIC_CosGreece_MODIFIER' , 'Preview' , 'LOC_TRAIT_COMBAT_BONUS_MILITARISTIC_MODIFIER_DESCRIPTION_CosGreece');
--宗主其他种类城邦+1力
INSERT INTO TraitModifiers (TraitType , ModifierId)
	VALUES ('CULTURE_KILLS_TRAIT' , 'TRAIT_COMBAT_BONUS_SCIENTIFIC_CosGreece');
INSERT INTO Modifiers (ModifierId , ModifierType, SubjectRequirementSetId)
	VALUES ('TRAIT_COMBAT_BONUS_SCIENTIFIC_CosGreece' , 'MODIFIER_PLAYER_UNITS_ATTACH_MODIFIER','SCIENTIFIC_SUZERAIN_1_REQUIREMENTS');
INSERT INTO ModifierArguments (ModifierId , Name , Value)
	VALUES ('TRAIT_COMBAT_BONUS_SCIENTIFIC_CosGreece' , 'ModifierId', 'TRAIT_COMBAT_BONUS_SCIENTIFIC_CosGreece_MODIFIER');
INSERT INTO Modifiers (ModifierId, ModifierType)
	VALUES ('TRAIT_COMBAT_BONUS_SCIENTIFIC_CosGreece_MODIFIER' , 'MODIFIER_UNIT_ADJUST_COMBAT_STRENGTH');
INSERT INTO ModifierArguments (ModifierId , Name , Value)
	VALUES ('TRAIT_COMBAT_BONUS_SCIENTIFIC_CosGreece_MODIFIER' , 'Amount' , '1');
INSERT INTO ModifierStrings (ModifierId, Context, Text) VALUES
('TRAIT_COMBAT_BONUS_SCIENTIFIC_CosGreece_MODIFIER' , 'Preview' , 'LOC_TRAIT_COMBAT_BONUS_SCIENTIFIC_MODIFIER_DESCRIPTION_CosGreece');

INSERT INTO TraitModifiers (TraitType , ModifierId)
	VALUES ('CULTURE_KILLS_TRAIT' , 'TRAIT_COMBAT_BONUS_RELIGIOUS_CosGreece');
INSERT INTO Modifiers (ModifierId , ModifierType, SubjectRequirementSetId)
	VALUES ('TRAIT_COMBAT_BONUS_RELIGIOUS_CosGreece' , 'MODIFIER_PLAYER_UNITS_ATTACH_MODIFIER' ,'RELIGIOUS_SUZERAIN_1_REQUIREMENTS');
INSERT INTO ModifierArguments (ModifierId , Name , Value)
	VALUES ('TRAIT_COMBAT_BONUS_RELIGIOUS_CosGreece' , 'ModifierId', 'TRAIT_COMBAT_BONUS_RELIGIOUS_CosGreece_MODIFIER');
INSERT INTO Modifiers (ModifierId, ModifierType)
	VALUES ('TRAIT_COMBAT_BONUS_RELIGIOUS_CosGreece_MODIFIER' , 'MODIFIER_UNIT_ADJUST_COMBAT_STRENGTH');
INSERT INTO ModifierArguments (ModifierId , Name , Value)
	VALUES ('TRAIT_COMBAT_BONUS_RELIGIOUS_CosGreece_MODIFIER' , 'Amount' , '1');
INSERT INTO ModifierStrings (ModifierId, Context, Text) VALUES
('TRAIT_COMBAT_BONUS_RELIGIOUS_CosGreece_MODIFIER' , 'Preview' , 'LOC_TRAIT_COMBAT_BONUS_RELIGIOUS_MODIFIER_DESCRIPTION_CosGreece');

INSERT INTO TraitModifiers (TraitType , ModifierId)
	VALUES ('CULTURE_KILLS_TRAIT' , 'TRAIT_COMBAT_BONUS_TRADE_CosGreece');
INSERT INTO Modifiers (ModifierId , ModifierType, SubjectRequirementSetId)
	VALUES ('TRAIT_COMBAT_BONUS_TRADE_CosGreece' , 'MODIFIER_PLAYER_UNITS_ATTACH_MODIFIER' ,'TRADE_SUZERAIN_1_REQUIREMENTS');
INSERT INTO ModifierArguments (ModifierId , Name , Value)
	VALUES ('TRAIT_COMBAT_BONUS_TRADE_CosGreece' , 'ModifierId', 'TRAIT_COMBAT_BONUS_TRADE_CosGreece_MODIFIER');
INSERT INTO Modifiers (ModifierId, ModifierType)
	VALUES ('TRAIT_COMBAT_BONUS_TRADE_CosGreece_MODIFIER' , 'MODIFIER_UNIT_ADJUST_COMBAT_STRENGTH');
INSERT INTO ModifierArguments (ModifierId , Name , Value)
	VALUES ('TRAIT_COMBAT_BONUS_TRADE_CosGreece_MODIFIER' , 'Amount' , '1');
INSERT INTO ModifierStrings (ModifierId, Context, Text) VALUES
('TRAIT_COMBAT_BONUS_TRADE_CosGreece_MODIFIER' , 'Preview' , 'LOC_TRAIT_COMBAT_BONUS_TRADE_MODIFIER_DESCRIPTION_CosGreece');

INSERT INTO TraitModifiers (TraitType , ModifierId)
	VALUES ('CULTURE_KILLS_TRAIT' , 'TRAIT_COMBAT_BONUS_CULTURAL_CosGreece');
INSERT INTO Modifiers (ModifierId , ModifierType, SubjectRequirementSetId)
	VALUES ('TRAIT_COMBAT_BONUS_CULTURAL_CosGreece' , 'MODIFIER_PLAYER_UNITS_ATTACH_MODIFIER' ,'CULTURAL_SUZERAIN_1_REQUIREMENTS');
INSERT INTO ModifierArguments (ModifierId , Name , Value)
	VALUES ('TRAIT_COMBAT_BONUS_CULTURAL_CosGreece' , 'ModifierId', 'TRAIT_COMBAT_BONUS_CULTURAL_CosGreece_MODIFIER');
INSERT INTO Modifiers (ModifierId, ModifierType)
	VALUES ('TRAIT_COMBAT_BONUS_CULTURAL_CosGreece_MODIFIER' , 'MODIFIER_UNIT_ADJUST_COMBAT_STRENGTH');
INSERT INTO ModifierArguments (ModifierId , Name , Value)
	VALUES ('TRAIT_COMBAT_BONUS_CULTURAL_CosGreece_MODIFIER' , 'Amount' , '1');
INSERT INTO ModifierStrings (ModifierId, Context, Text) VALUES
('TRAIT_COMBAT_BONUS_CULTURAL_CosGreece_MODIFIER' , 'Preview' , 'LOC_TRAIT_COMBAT_BONUS_CULTURAL_MODIFIER_DESCRIPTION_CosGreece');

INSERT INTO TraitModifiers (TraitType , ModifierId)
	VALUES ('CULTURE_KILLS_TRAIT' , 'TRAIT_COMBAT_BONUS_INDUSTRIAL_CosGreece');
INSERT INTO Modifiers (ModifierId , ModifierType, SubjectRequirementSetId)
	VALUES ('TRAIT_COMBAT_BONUS_INDUSTRIAL_CosGreece' , 'MODIFIER_PLAYER_UNITS_ATTACH_MODIFIER' ,'INDUSTRIAL_SUZERAIN_1_REQUIREMENTS');
INSERT INTO ModifierArguments (ModifierId , Name , Value)
	VALUES ('TRAIT_COMBAT_BONUS_INDUSTRIAL_CosGreece' , 'ModifierId', 'TRAIT_COMBAT_BONUS_INDUSTRIAL_CosGreece_MODIFIER');
INSERT INTO Modifiers (ModifierId, ModifierType)
	VALUES ('TRAIT_COMBAT_BONUS_INDUSTRIAL_CosGreece_MODIFIER' , 'MODIFIER_UNIT_ADJUST_COMBAT_STRENGTH');
INSERT INTO ModifierArguments (ModifierId , Name , Value)
	VALUES ('TRAIT_COMBAT_BONUS_INDUSTRIAL_CosGreece_MODIFIER' , 'Amount' , '1');
INSERT INTO ModifierStrings (ModifierId, Context, Text) VALUES
('TRAIT_COMBAT_BONUS_INDUSTRIAL_CosGreece_MODIFIER' , 'Preview' , 'LOC_TRAIT_COMBAT_BONUS_INDUSTRIAL_MODIFIER_DESCRIPTION_CosGreece');