--印加
--山脉额外加一锤
UPDATE ModifierArguments SET Value='3' WHERE ModifierId='TRAIT_PRODUCTION_MOUNTAIN' AND Name='Amount';
/* --自己进入工业时代+1锤
UPDATE RequirementSetRequirements SET RequirementId='REQUIRES_PLAYER_IS_INDUSTRIAL_ERA' WHERE RequirementSetId='REQUIREMENTS_PLOT_IS_MOUNTAIN_LATE' AND RequirementId='REQUIRES_ERA_ATLEASTEXPANSION_INDUSTRIAL'; */
--工业不加
UPDATE ModifierArguments SET Value='0' WHERE ModifierId='TRAIT_PRODUCTION_MOUNTAIN_LATE' AND Name='Amount';
--山脉单元格购买费用降低50%
INSERT INTO TraitModifiers (TraitType, ModifierId) VALUES ('TRAIT_CIVILIZATION_GREAT_MOUNTAINS', 'TUNDRA_MOUNTAIN_PLOT_COST_CosInca');
INSERT INTO Modifiers (ModifierId, ModifierType, SubjectRequirementSetId)
	VALUES 	('TUNDRA_MOUNTAIN_PLOT_COST_CosInca' , 'MODIFIER_PLAYER_CITIES_ADJUST_PLOT_PURCHASE_COST_TERRAIN', NULL);
INSERT INTO ModifierArguments (ModifierId, Name, Value)
	VALUES 	('TUNDRA_MOUNTAIN_PLOT_COST_CosInca' , 'TerrainType', 'TERRAIN_TUNDRA_MOUNTAIN');
INSERT INTO ModifierArguments (ModifierId, Name, Value)
	VALUES 	('TUNDRA_MOUNTAIN_PLOT_COST_CosInca' , 'Amount', '-50');

INSERT INTO TraitModifiers (TraitType, ModifierId) VALUES ('TRAIT_CIVILIZATION_GREAT_MOUNTAINS', 'SNOW_MOUNTAIN_PLOT_COST_CosInca');
INSERT INTO Modifiers (ModifierId, ModifierType, SubjectRequirementSetId)
	VALUES 	('SNOW_MOUNTAIN_PLOT_COST_CosInca' , 'MODIFIER_PLAYER_CITIES_ADJUST_PLOT_PURCHASE_COST_TERRAIN', NULL);
INSERT INTO ModifierArguments (ModifierId, Name, Value)
	VALUES 	('SNOW_MOUNTAIN_PLOT_COST_CosInca' , 'TerrainType', 'TERRAIN_SNOW_MOUNTAIN');
INSERT INTO ModifierArguments (ModifierId, Name, Value)
	VALUES 	('SNOW_MOUNTAIN_PLOT_COST_CosInca' , 'Amount', '-50');

INSERT INTO TraitModifiers (TraitType, ModifierId) VALUES ('TRAIT_CIVILIZATION_GREAT_MOUNTAINS', 'PLAINS_MOUNTAIN_PLOT_COST_CosInca');
INSERT INTO Modifiers (ModifierId, ModifierType, SubjectRequirementSetId)
	VALUES 	('PLAINS_MOUNTAIN_PLOT_COST_CosInca' , 'MODIFIER_PLAYER_CITIES_ADJUST_PLOT_PURCHASE_COST_TERRAIN', NULL);
INSERT INTO ModifierArguments (ModifierId, Name, Value)
	VALUES 	('PLAINS_MOUNTAIN_PLOT_COST_CosInca' , 'TerrainType', 'TERRAIN_PLAINS_MOUNTAIN');
INSERT INTO ModifierArguments (ModifierId, Name, Value)
	VALUES 	('PLAINS_MOUNTAIN_PLOT_COST_CosInca' , 'Amount', '-50');

INSERT INTO TraitModifiers (TraitType, ModifierId) VALUES ('TRAIT_CIVILIZATION_GREAT_MOUNTAINS', 'GRASS_MOUNTAIN_PLOT_COST_CosInca');
INSERT INTO Modifiers (ModifierId, ModifierType, SubjectRequirementSetId)
	VALUES 	('GRASS_MOUNTAIN_PLOT_COST_CosInca' , 'MODIFIER_PLAYER_CITIES_ADJUST_PLOT_PURCHASE_COST_TERRAIN', NULL);
INSERT INTO ModifierArguments (ModifierId, Name, Value)
	VALUES 	('GRASS_MOUNTAIN_PLOT_COST_CosInca' , 'TerrainType', 'TERRAIN_GRASS_MOUNTAIN');
INSERT INTO ModifierArguments (ModifierId, Name, Value)
	VALUES 	('GRASS_MOUNTAIN_PLOT_COST_CosInca' , 'Amount', '-50');

INSERT INTO TraitModifiers (TraitType, ModifierId) VALUES ('TRAIT_CIVILIZATION_GREAT_MOUNTAINS', 'DESERT_MOUNTAIN_PLOT_COST_CosInca');
INSERT INTO Modifiers (ModifierId, ModifierType, SubjectRequirementSetId)
	VALUES 	('DESERT_MOUNTAIN_PLOT_COST_CosInca' , 'MODIFIER_PLAYER_CITIES_ADJUST_PLOT_PURCHASE_COST_TERRAIN', NULL);
INSERT INTO ModifierArguments (ModifierId, Name, Value)
	VALUES 	('DESERT_MOUNTAIN_PLOT_COST_CosInca' , 'TerrainType', 'TERRAIN_DESERT_MOUNTAIN');
INSERT INTO ModifierArguments (ModifierId, Name, Value)
	VALUES 	('DESERT_MOUNTAIN_PLOT_COST_CosInca' , 'Amount', '-50');
--山脉为相邻市中心提供+2生产力
INSERT INTO TraitModifiers (TraitType, ModifierId) VALUES ('TRAIT_CIVILIZATION_GREAT_MOUNTAINS', 'TRAIT_DESERT_MOUNTAIN_CITY_CENTER_PRODUCTION_CosInca');
INSERT INTO Modifiers (ModifierId, ModifierType, SubjectRequirementSetId)
	VALUES 	('TRAIT_DESERT_MOUNTAIN_CITY_CENTER_PRODUCTION_CosInca' , 'MODIFIER_PLAYER_CITIES_TERRAIN_ADJACENCY', NULL);
INSERT INTO ModifierArguments (ModifierId, Name, Value)
	VALUES 	('TRAIT_DESERT_MOUNTAIN_CITY_CENTER_PRODUCTION_CosInca' , 'Description', 'LOC_DISTRICT_DESERT_MOUNTAIN_PRODUCTION_CosInca');
INSERT INTO ModifierArguments (ModifierId, Name, Value)
	VALUES 	('TRAIT_DESERT_MOUNTAIN_CITY_CENTER_PRODUCTION_CosInca' , 'DistrictType', 'DISTRICT_CITY_CENTER');
INSERT INTO ModifierArguments (ModifierId, Name, Value)
	VALUES 	('TRAIT_DESERT_MOUNTAIN_CITY_CENTER_PRODUCTION_CosInca' , 'TerrainType', 'TERRAIN_DESERT_MOUNTAIN');
INSERT INTO ModifierArguments (ModifierId, Name, Value)
	VALUES 	('TRAIT_DESERT_MOUNTAIN_CITY_CENTER_PRODUCTION_CosInca' , 'YieldType', 'YIELD_PRODUCTION');
INSERT INTO ModifierArguments (ModifierId, Name, Value)
	VALUES 	('TRAIT_DESERT_MOUNTAIN_CITY_CENTER_PRODUCTION_CosInca' , 'Amount', '2');

INSERT INTO TraitModifiers (TraitType, ModifierId) VALUES ('TRAIT_CIVILIZATION_GREAT_MOUNTAINS', 'TRAIT_TUNDRA_MOUNTAIN_CITY_CENTER_PRODUCTION_CosInca');
INSERT INTO Modifiers (ModifierId, ModifierType, SubjectRequirementSetId)
	VALUES 	('TRAIT_TUNDRA_MOUNTAIN_CITY_CENTER_PRODUCTION_CosInca' , 'MODIFIER_PLAYER_CITIES_TERRAIN_ADJACENCY', NULL);
INSERT INTO ModifierArguments (ModifierId, Name, Value)
	VALUES 	('TRAIT_TUNDRA_MOUNTAIN_CITY_CENTER_PRODUCTION_CosInca' , 'Description', 'LOC_DISTRICT_TUNDRA_MOUNTAIN_PRODUCTION_CosInca');
INSERT INTO ModifierArguments (ModifierId, Name, Value)
	VALUES 	('TRAIT_TUNDRA_MOUNTAIN_CITY_CENTER_PRODUCTION_CosInca' , 'DistrictType', 'DISTRICT_CITY_CENTER');
INSERT INTO ModifierArguments (ModifierId, Name, Value)
	VALUES 	('TRAIT_TUNDRA_MOUNTAIN_CITY_CENTER_PRODUCTION_CosInca' , 'TerrainType', 'TERRAIN_TUNDRA_MOUNTAIN');
INSERT INTO ModifierArguments (ModifierId, Name, Value)
	VALUES 	('TRAIT_TUNDRA_MOUNTAIN_CITY_CENTER_PRODUCTION_CosInca' , 'YieldType', 'YIELD_PRODUCTION');
INSERT INTO ModifierArguments (ModifierId, Name, Value)
	VALUES 	('TRAIT_TUNDRA_MOUNTAIN_CITY_CENTER_PRODUCTION_CosInca' , 'Amount', '2');

INSERT INTO TraitModifiers (TraitType, ModifierId) VALUES ('TRAIT_CIVILIZATION_GREAT_MOUNTAINS', 'TRAIT_SNOW_MOUNTAIN_CITY_CENTER_PRODUCTION_CosInca');
INSERT INTO Modifiers (ModifierId, ModifierType, SubjectRequirementSetId)
	VALUES 	('TRAIT_SNOW_MOUNTAIN_CITY_CENTER_PRODUCTION_CosInca' , 'MODIFIER_PLAYER_CITIES_TERRAIN_ADJACENCY', NULL);
INSERT INTO ModifierArguments (ModifierId, Name, Value)
	VALUES 	('TRAIT_SNOW_MOUNTAIN_CITY_CENTER_PRODUCTION_CosInca' , 'Description', 'LOC_DISTRICT_SNOW_MOUNTAIN_PRODUCTION_CosInca');
INSERT INTO ModifierArguments (ModifierId, Name, Value)
	VALUES 	('TRAIT_SNOW_MOUNTAIN_CITY_CENTER_PRODUCTION_CosInca' , 'DistrictType', 'DISTRICT_CITY_CENTER');
INSERT INTO ModifierArguments (ModifierId, Name, Value)
	VALUES 	('TRAIT_SNOW_MOUNTAIN_CITY_CENTER_PRODUCTION_CosInca' , 'TerrainType', 'TERRAIN_SNOW_MOUNTAIN');
INSERT INTO ModifierArguments (ModifierId, Name, Value)
	VALUES 	('TRAIT_SNOW_MOUNTAIN_CITY_CENTER_PRODUCTION_CosInca' , 'YieldType', 'YIELD_PRODUCTION');
INSERT INTO ModifierArguments (ModifierId, Name, Value)
	VALUES 	('TRAIT_SNOW_MOUNTAIN_CITY_CENTER_PRODUCTION_CosInca' , 'Amount', '2');

INSERT INTO TraitModifiers (TraitType, ModifierId) VALUES ('TRAIT_CIVILIZATION_GREAT_MOUNTAINS', 'TRAIT_GRASS_MOUNTAIN_CITY_CENTER_PRODUCTION_CosInca');
INSERT INTO Modifiers (ModifierId, ModifierType, SubjectRequirementSetId)
	VALUES 	('TRAIT_GRASS_MOUNTAIN_CITY_CENTER_PRODUCTION_CosInca' , 'MODIFIER_PLAYER_CITIES_TERRAIN_ADJACENCY', NULL);
INSERT INTO ModifierArguments (ModifierId, Name, Value)
	VALUES 	('TRAIT_GRASS_MOUNTAIN_CITY_CENTER_PRODUCTION_CosInca' , 'Description', 'LOC_DISTRICT_GRASS_MOUNTAIN_PRODUCTION_CosInca');
INSERT INTO ModifierArguments (ModifierId, Name, Value)
	VALUES 	('TRAIT_GRASS_MOUNTAIN_CITY_CENTER_PRODUCTION_CosInca' , 'DistrictType', 'DISTRICT_CITY_CENTER');
INSERT INTO ModifierArguments (ModifierId, Name, Value)
	VALUES 	('TRAIT_GRASS_MOUNTAIN_CITY_CENTER_PRODUCTION_CosInca' , 'TerrainType', 'TERRAIN_GRASS_MOUNTAIN');
INSERT INTO ModifierArguments (ModifierId, Name, Value)
	VALUES 	('TRAIT_GRASS_MOUNTAIN_CITY_CENTER_PRODUCTION_CosInca' , 'YieldType', 'YIELD_PRODUCTION');
INSERT INTO ModifierArguments (ModifierId, Name, Value)
	VALUES 	('TRAIT_GRASS_MOUNTAIN_CITY_CENTER_PRODUCTION_CosInca' , 'Amount', '2');

INSERT INTO TraitModifiers (TraitType, ModifierId) VALUES ('TRAIT_CIVILIZATION_GREAT_MOUNTAINS', 'TRAIT_PLAINS_MOUNTAIN_CITY_CENTER_PRODUCTION_CosInca');
INSERT INTO Modifiers (ModifierId, ModifierType, SubjectRequirementSetId)
	VALUES 	('TRAIT_PLAINS_MOUNTAIN_CITY_CENTER_PRODUCTION_CosInca' , 'MODIFIER_PLAYER_CITIES_TERRAIN_ADJACENCY', NULL);
INSERT INTO ModifierArguments (ModifierId, Name, Value)
	VALUES 	('TRAIT_PLAINS_MOUNTAIN_CITY_CENTER_PRODUCTION_CosInca' , 'Description', 'LOC_DISTRICT_PLAINS_MOUNTAIN_PRODUCTION_CosInca');
INSERT INTO ModifierArguments (ModifierId, Name, Value)
	VALUES 	('TRAIT_PLAINS_MOUNTAIN_CITY_CENTER_PRODUCTION_CosInca' , 'DistrictType', 'DISTRICT_CITY_CENTER');
INSERT INTO ModifierArguments (ModifierId, Name, Value)
	VALUES 	('TRAIT_PLAINS_MOUNTAIN_CITY_CENTER_PRODUCTION_CosInca' , 'TerrainType', 'TERRAIN_PLAINS_MOUNTAIN');
INSERT INTO ModifierArguments (ModifierId, Name, Value)
	VALUES 	('TRAIT_PLAINS_MOUNTAIN_CITY_CENTER_PRODUCTION_CosInca' , 'YieldType', 'YIELD_PRODUCTION');
INSERT INTO ModifierArguments (ModifierId, Name, Value)
	VALUES 	('TRAIT_PLAINS_MOUNTAIN_CITY_CENTER_PRODUCTION_CosInca' , 'Amount', '2');
--帕查库特克--
--山脉给内商+1金
INSERT INTO TraitModifiers (TraitType, ModifierId) VALUES
('TRAIT_LEADER_PACHACUTI_QHAPAQ_NAN', 'DOMESTIC_TRADE_ROUTE_GOLD_GRASS_MOUNTAIN_ORIGIN_CosInca'),
('TRAIT_LEADER_PACHACUTI_QHAPAQ_NAN', 'DOMESTIC_TRADE_ROUTE_GOLD_PLAINS_MOUNTAIN_ORIGIN_CosInca'),
('TRAIT_LEADER_PACHACUTI_QHAPAQ_NAN', 'DOMESTIC_TRADE_ROUTE_GOLD_DESERT_MOUNTAIN_ORIGIN_CosInca'),
('TRAIT_LEADER_PACHACUTI_QHAPAQ_NAN', 'DOMESTIC_TRADE_ROUTE_GOLD_TUNDRA_MOUNTAIN_ORIGIN_CosInca'),
('TRAIT_LEADER_PACHACUTI_QHAPAQ_NAN', 'DOMESTIC_TRADE_ROUTE_GOLD_SNOW_MOUNTAIN_ORIGIN_CosInca');
INSERT INTO Modifiers (ModifierId, ModifierType, SubjectRequirementSetId) VALUES
('DOMESTIC_TRADE_ROUTE_GOLD_GRASS_MOUNTAIN_ORIGIN_CosInca' , 'MODIFIER_PLAYER_ADJUST_TRADE_ROUTE_YIELD_PER_TERRAIN_DOMESTIC', NULL),
('DOMESTIC_TRADE_ROUTE_GOLD_PLAINS_MOUNTAIN_ORIGIN_CosInca' , 'MODIFIER_PLAYER_ADJUST_TRADE_ROUTE_YIELD_PER_TERRAIN_DOMESTIC', NULL),
('DOMESTIC_TRADE_ROUTE_GOLD_DESERT_MOUNTAIN_ORIGIN_CosInca' , 'MODIFIER_PLAYER_ADJUST_TRADE_ROUTE_YIELD_PER_TERRAIN_DOMESTIC', NULL),
('DOMESTIC_TRADE_ROUTE_GOLD_TUNDRA_MOUNTAIN_ORIGIN_CosInca' , 'MODIFIER_PLAYER_ADJUST_TRADE_ROUTE_YIELD_PER_TERRAIN_DOMESTIC', NULL),
('DOMESTIC_TRADE_ROUTE_GOLD_SNOW_MOUNTAIN_ORIGIN_CosInca' , 'MODIFIER_PLAYER_ADJUST_TRADE_ROUTE_YIELD_PER_TERRAIN_DOMESTIC', NULL);
INSERT INTO ModifierArguments (ModifierId, Name, Value) VALUES
('DOMESTIC_TRADE_ROUTE_GOLD_GRASS_MOUNTAIN_ORIGIN_CosInca' , 'Origin', '1'),
('DOMESTIC_TRADE_ROUTE_GOLD_PLAINS_MOUNTAIN_ORIGIN_CosInca' , 'Origin', '1'),
('DOMESTIC_TRADE_ROUTE_GOLD_DESERT_MOUNTAIN_ORIGIN_CosInca' , 'Origin', '1'),
('DOMESTIC_TRADE_ROUTE_GOLD_TUNDRA_MOUNTAIN_ORIGIN_CosInca' , 'Origin', '1'),
('DOMESTIC_TRADE_ROUTE_GOLD_SNOW_MOUNTAIN_ORIGIN_CosInca' , 'Origin', '1');
INSERT INTO ModifierArguments (ModifierId, Name, Value) VALUES
('DOMESTIC_TRADE_ROUTE_GOLD_GRASS_MOUNTAIN_ORIGIN_CosInca' , 'TerrainType', 'TERRAIN_GRASS_MOUNTAIN'),
('DOMESTIC_TRADE_ROUTE_GOLD_PLAINS_MOUNTAIN_ORIGIN_CosInca' , 'TerrainType', 'TERRAIN_PLAINS_MOUNTAIN'),
('DOMESTIC_TRADE_ROUTE_GOLD_DESERT_MOUNTAIN_ORIGIN_CosInca' , 'TerrainType', 'TERRAIN_DESERT_MOUNTAIN'),
('DOMESTIC_TRADE_ROUTE_GOLD_TUNDRA_MOUNTAIN_ORIGIN_CosInca' , 'TerrainType', 'TERRAIN_TUNDRA_MOUNTAIN'),
('DOMESTIC_TRADE_ROUTE_GOLD_SNOW_MOUNTAIN_ORIGIN_CosInca' , 'TerrainType', 'TERRAIN_SNOW_MOUNTAIN');
INSERT INTO ModifierArguments (ModifierId, Name, Value) VALUES
('DOMESTIC_TRADE_ROUTE_GOLD_GRASS_MOUNTAIN_ORIGIN_CosInca' , 'YieldType', 'YIELD_GOLD'),
('DOMESTIC_TRADE_ROUTE_GOLD_PLAINS_MOUNTAIN_ORIGIN_CosInca' , 'YieldType', 'YIELD_GOLD'),
('DOMESTIC_TRADE_ROUTE_GOLD_DESERT_MOUNTAIN_ORIGIN_CosInca' , 'YieldType', 'YIELD_GOLD'),
('DOMESTIC_TRADE_ROUTE_GOLD_TUNDRA_MOUNTAIN_ORIGIN_CosInca' , 'YieldType', 'YIELD_GOLD'),
('DOMESTIC_TRADE_ROUTE_GOLD_SNOW_MOUNTAIN_ORIGIN_CosInca' , 'YieldType', 'YIELD_GOLD');
INSERT INTO ModifierArguments (ModifierId, Name, Value) VALUES
('DOMESTIC_TRADE_ROUTE_GOLD_GRASS_MOUNTAIN_ORIGIN_CosInca' , 'Amount', '1'),
('DOMESTIC_TRADE_ROUTE_GOLD_PLAINS_MOUNTAIN_ORIGIN_CosInca' , 'Amount', '1'),
('DOMESTIC_TRADE_ROUTE_GOLD_DESERT_MOUNTAIN_ORIGIN_CosInca' , 'Amount', '1'),
('DOMESTIC_TRADE_ROUTE_GOLD_TUNDRA_MOUNTAIN_ORIGIN_CosInca' , 'Amount', '1'),
('DOMESTIC_TRADE_ROUTE_GOLD_SNOW_MOUNTAIN_ORIGIN_CosInca' , 'Amount', '1');
--山脉给外商+1金
INSERT INTO TraitModifiers (TraitType, ModifierId) VALUES
('TRAIT_LEADER_PACHACUTI_QHAPAQ_NAN', 'INTERNATIONAL_TRADE_ROUTE_GOLD_GRASS_MOUNTAIN_ORIGIN_CosInca'),
('TRAIT_LEADER_PACHACUTI_QHAPAQ_NAN', 'INTERNATIONAL_TRADE_ROUTE_GOLD_PLAINS_MOUNTAIN_ORIGIN_CosInca'),
('TRAIT_LEADER_PACHACUTI_QHAPAQ_NAN', 'INTERNATIONAL_TRADE_ROUTE_GOLD_DESERT_MOUNTAIN_ORIGIN_CosInca'),
('TRAIT_LEADER_PACHACUTI_QHAPAQ_NAN', 'INTERNATIONAL_TRADE_ROUTE_GOLD_TUNDRA_MOUNTAIN_ORIGIN_CosInca'),
('TRAIT_LEADER_PACHACUTI_QHAPAQ_NAN', 'INTERNATIONAL_TRADE_ROUTE_GOLD_SNOW_MOUNTAIN_ORIGIN_CosInca');
INSERT INTO Modifiers (ModifierId, ModifierType, SubjectRequirementSetId) VALUES
('INTERNATIONAL_TRADE_ROUTE_GOLD_GRASS_MOUNTAIN_ORIGIN_CosInca' , 'MODIFIER_PLAYER_ADJUST_TRADE_ROUTE_YIELD_PER_TERRAIN_INTERNATIONAL', NULL),
('INTERNATIONAL_TRADE_ROUTE_GOLD_PLAINS_MOUNTAIN_ORIGIN_CosInca' , 'MODIFIER_PLAYER_ADJUST_TRADE_ROUTE_YIELD_PER_TERRAIN_INTERNATIONAL', NULL),
('INTERNATIONAL_TRADE_ROUTE_GOLD_DESERT_MOUNTAIN_ORIGIN_CosInca' , 'MODIFIER_PLAYER_ADJUST_TRADE_ROUTE_YIELD_PER_TERRAIN_INTERNATIONAL', NULL),
('INTERNATIONAL_TRADE_ROUTE_GOLD_TUNDRA_MOUNTAIN_ORIGIN_CosInca' , 'MODIFIER_PLAYER_ADJUST_TRADE_ROUTE_YIELD_PER_TERRAIN_INTERNATIONAL', NULL),
('INTERNATIONAL_TRADE_ROUTE_GOLD_SNOW_MOUNTAIN_ORIGIN_CosInca' , 'MODIFIER_PLAYER_ADJUST_TRADE_ROUTE_YIELD_PER_TERRAIN_INTERNATIONAL', NULL);
INSERT INTO ModifierArguments (ModifierId, Name, Value) VALUES
('INTERNATIONAL_TRADE_ROUTE_GOLD_GRASS_MOUNTAIN_ORIGIN_CosInca' , 'Origin', '1'),
('INTERNATIONAL_TRADE_ROUTE_GOLD_PLAINS_MOUNTAIN_ORIGIN_CosInca' , 'Origin', '1'),
('INTERNATIONAL_TRADE_ROUTE_GOLD_DESERT_MOUNTAIN_ORIGIN_CosInca' , 'Origin', '1'),
('INTERNATIONAL_TRADE_ROUTE_GOLD_TUNDRA_MOUNTAIN_ORIGIN_CosInca' , 'Origin', '1'),
('INTERNATIONAL_TRADE_ROUTE_GOLD_SNOW_MOUNTAIN_ORIGIN_CosInca' , 'Origin', '1');
INSERT INTO ModifierArguments (ModifierId, Name, Value) VALUES
('INTERNATIONAL_TRADE_ROUTE_GOLD_GRASS_MOUNTAIN_ORIGIN_CosInca' , 'TerrainType', 'TERRAIN_GRASS_MOUNTAIN'),
('INTERNATIONAL_TRADE_ROUTE_GOLD_PLAINS_MOUNTAIN_ORIGIN_CosInca' , 'TerrainType', 'TERRAIN_PLAINS_MOUNTAIN'),
('INTERNATIONAL_TRADE_ROUTE_GOLD_DESERT_MOUNTAIN_ORIGIN_CosInca' , 'TerrainType', 'TERRAIN_DESERT_MOUNTAIN'),
('INTERNATIONAL_TRADE_ROUTE_GOLD_TUNDRA_MOUNTAIN_ORIGIN_CosInca' , 'TerrainType', 'TERRAIN_TUNDRA_MOUNTAIN'),
('INTERNATIONAL_TRADE_ROUTE_GOLD_SNOW_MOUNTAIN_ORIGIN_CosInca' , 'TerrainType', 'TERRAIN_SNOW_MOUNTAIN');
INSERT INTO ModifierArguments (ModifierId, Name, Value) VALUES
('INTERNATIONAL_TRADE_ROUTE_GOLD_GRASS_MOUNTAIN_ORIGIN_CosInca' , 'YieldType', 'YIELD_GOLD'),
('INTERNATIONAL_TRADE_ROUTE_GOLD_PLAINS_MOUNTAIN_ORIGIN_CosInca' , 'YieldType', 'YIELD_GOLD'),
('INTERNATIONAL_TRADE_ROUTE_GOLD_DESERT_MOUNTAIN_ORIGIN_CosInca' , 'YieldType', 'YIELD_GOLD'),
('INTERNATIONAL_TRADE_ROUTE_GOLD_TUNDRA_MOUNTAIN_ORIGIN_CosInca' , 'YieldType', 'YIELD_GOLD'),
('INTERNATIONAL_TRADE_ROUTE_GOLD_SNOW_MOUNTAIN_ORIGIN_CosInca' , 'YieldType', 'YIELD_GOLD');
INSERT INTO ModifierArguments (ModifierId, Name, Value) VALUES
('INTERNATIONAL_TRADE_ROUTE_GOLD_GRASS_MOUNTAIN_ORIGIN_CosInca' , 'Amount', '1'),
('INTERNATIONAL_TRADE_ROUTE_GOLD_PLAINS_MOUNTAIN_ORIGIN_CosInca' , 'Amount', '1'),
('INTERNATIONAL_TRADE_ROUTE_GOLD_DESERT_MOUNTAIN_ORIGIN_CosInca' , 'Amount', '1'),
('INTERNATIONAL_TRADE_ROUTE_GOLD_TUNDRA_MOUNTAIN_ORIGIN_CosInca' , 'Amount', '1'),
('INTERNATIONAL_TRADE_ROUTE_GOLD_SNOW_MOUNTAIN_ORIGIN_CosInca' , 'Amount', '1');
--梯田农场--
--可以建造在冻土丘陵上
INSERT INTO Improvement_ValidTerrains (ImprovementType, TerrainType)
	VALUES ('IMPROVEMENT_TERRACE_FARM' , 'TERRAIN_TUNDRA_HILLS');
--瓦剌卡战士
UPDATE Units SET Cost=115 WHERE UnitType='UNIT_INCA_WARAKAQ';
--火山五级关联
UPDATE StartBiasFeatures SET Tier=5 WHERE CivilizationType	='CIVILIZATION_INCA' AND FeatureType='FEATURE_VOLCANO';
--草原平原山一级关联
UPDATE StartBiasTerrains SET Tier=1 WHERE TerrainType='TERRAIN_GRASS_MOUNTAIN' AND CivilizationType='CIVILIZATION_INCA';
UPDATE StartBiasTerrains SET Tier=1 WHERE TerrainType='TERRAIN_PLAINS_MOUNTAIN' AND CivilizationType='CIVILIZATION_INCA';