--日本
--不取消区域少量相邻加成
DELETE FROM ExcludedAdjacencies WHERE TraitType='TRAIT_CIVILIZATION_ADJACENT_DISTRICTS' AND YieldChangeId='District_Science';
DELETE FROM ExcludedAdjacencies WHERE TraitType='TRAIT_CIVILIZATION_ADJACENT_DISTRICTS' AND YieldChangeId='District_Faith';
DELETE FROM ExcludedAdjacencies WHERE TraitType='TRAIT_CIVILIZATION_ADJACENT_DISTRICTS' AND YieldChangeId='District_Gold';
DELETE FROM ExcludedAdjacencies WHERE TraitType='TRAIT_CIVILIZATION_ADJACENT_DISTRICTS' AND YieldChangeId='District_Culture';
DELETE FROM ExcludedAdjacencies WHERE TraitType='TRAIT_CIVILIZATION_ADJACENT_DISTRICTS' AND YieldChangeId='District_Production';
--北条时宗建造港口加速100%
INSERT INTO TraitModifiers (TraitType , ModifierId)
	VALUES ('TRAIT_LEADER_DIVINE_WIND' , 'TRAIT_BOOST_HARBOR_PRODUCTION');
INSERT INTO Modifiers (ModifierId , ModifierType , SubjectRequirementSetId)
	VALUES ('TRAIT_BOOST_HARBOR_PRODUCTION', 'MODIFIER_PLAYER_CITIES_ADJUST_DISTRICT_PRODUCTION', NULL);
INSERT INTO ModifierArguments (ModifierId , Name , Value)
	VALUES ('TRAIT_BOOST_HARBOR_PRODUCTION', 'DistrictType', 'DISTRICT_HARBOR');
INSERT INTO ModifierArguments (ModifierId , Name , Value)
	VALUES ('TRAIT_BOOST_HARBOR_PRODUCTION', 'Amount', '100');
--德川国内贸易路线目的地每个专业化区域额外加1锤
INSERT INTO TraitModifiers (TraitType , ModifierId)
	VALUES ('TRAIT_LEADER_TOKUGAWA' , 'CosTOKUGAWA_POSITIVE_DOMESTIC_PRODUCTION_DISTRICTS');
INSERT INTO Modifiers (ModifierId , ModifierType , SubjectRequirementSetId)
	VALUES ('CosTOKUGAWA_POSITIVE_DOMESTIC_PRODUCTION_DISTRICTS', 'MODIFIER_PLAYER_ADJUST_TRADE_ROUTE_YIELD_PER_SPECIALTY_DISTRICT_FOR_DOMESTIC', NULL);
INSERT INTO ModifierArguments (ModifierId , Name , Value)
	VALUES ('CosTOKUGAWA_POSITIVE_DOMESTIC_PRODUCTION_DISTRICTS', 'YieldType', 'YIELD_PRODUCTION');
INSERT INTO ModifierArguments (ModifierId , Name , Value)
	VALUES ('CosTOKUGAWA_POSITIVE_DOMESTIC_PRODUCTION_DISTRICTS', 'Amount', '1');
/* INSERT INTO TraitModifiers (TraitType , ModifierId)
	VALUES ('TRAIT_LEADER_TOKUGAWA' , 'CosTOKUGAWA_POSITIVE_DOMESTIC_FOOD_DISTRICTS');
INSERT INTO Modifiers (ModifierId , ModifierType , SubjectRequirementSetId)
	VALUES ('CosTOKUGAWA_POSITIVE_DOMESTIC_FOOD_DISTRICTS', 'MODIFIER_PLAYER_ADJUST_TRADE_ROUTE_YIELD_PER_SPECIALTY_DISTRICT_FOR_DOMESTIC', NULL);
INSERT INTO ModifierArguments (ModifierId , Name , Value)
	VALUES ('CosTOKUGAWA_POSITIVE_DOMESTIC_FOOD_DISTRICTS', 'YieldType', 'YIELD_FOOD');
INSERT INTO ModifierArguments (ModifierId , Name , Value)
	VALUES ('CosTOKUGAWA_POSITIVE_DOMESTIC_FOOD_DISTRICTS', 'Amount', '1'); */
--首都6单元格内城市+2宜居度
INSERT INTO TraitModifiers (TraitType , ModifierId)
	VALUES ('TRAIT_LEADER_TOKUGAWA' , 'CosTOKUGAWA_AMENITIES_NEAR_CAPITAL');
INSERT INTO Modifiers (ModifierId , ModifierType , SubjectRequirementSetId)
	VALUES ('CosTOKUGAWA_AMENITIES_NEAR_CAPITAL', 'MODIFIER_PLAYER_CITIES_ADJUST_TRAIT_AMENITY', 'PLAYER_HAS_BAKUHAN_REUIREMENTS');
INSERT INTO ModifierArguments (ModifierId , Name , Value)
	VALUES ('CosTOKUGAWA_AMENITIES_NEAR_CAPITAL', 'Amount', '2');
--电子厂--
--提供等同于相邻加成的金币
INSERT INTO Building_YieldDistrictCopies (BuildingType, OldYieldType, NewYieldType)
	VALUES ('BUILDING_ELECTRONICS_FACTORY', 'YIELD_PRODUCTION', 'YIELD_GOLD');
--四级关联海岸
UPDATE StartBiasTerrains SET Tier=4 WHERE CivilizationType='CIVILIZATION_JAPAN' AND TerrainType='TERRAIN_COAST';