--刚果
--肖像提供加成
INSERT INTO TraitModifiers (TraitType, ModifierId) VALUES 
('TRAIT_CIVILIZATION_NKISI', 'TRAIT_GREAT_WORK_FAITH_PORTRAIT_CosKongo'),
('TRAIT_CIVILIZATION_NKISI', 'TRAIT_GREAT_WORK_FOOD_PORTRAIT_CosKongo'),
('TRAIT_CIVILIZATION_NKISI', 'TRAIT_GREAT_WORK_PRODUCTION_PORTRAIT_CosKongo'),
('TRAIT_CIVILIZATION_NKISI', 'TRAIT_GREAT_WORK_GOLD_PORTRAIT_CosKongo');
INSERT INTO Modifiers (ModifierId, ModifierType) VALUES
('TRAIT_GREAT_WORK_FAITH_PORTRAIT_CosKongo', 'MODIFIER_PLAYER_CITIES_ADJUST_GREATWORK_YIELD'),
('TRAIT_GREAT_WORK_FOOD_PORTRAIT_CosKongo', 'MODIFIER_PLAYER_CITIES_ADJUST_GREATWORK_YIELD'),
('TRAIT_GREAT_WORK_PRODUCTION_PORTRAIT_CosKongo', 'MODIFIER_PLAYER_CITIES_ADJUST_GREATWORK_YIELD'),
('TRAIT_GREAT_WORK_GOLD_PORTRAIT_CosKongo', 'MODIFIER_PLAYER_CITIES_ADJUST_GREATWORK_YIELD');
INSERT INTO ModifierArguments (ModifierId, Name ,Value) VALUES
('TRAIT_GREAT_WORK_FAITH_PORTRAIT_CosKongo', 'GreatWorkObjectType','GREATWORKOBJECT_PORTRAIT'),
('TRAIT_GREAT_WORK_FAITH_PORTRAIT_CosKongo', 'YieldType','YIELD_FAITH'),
('TRAIT_GREAT_WORK_FAITH_PORTRAIT_CosKongo', 'YieldChange','1'),
('TRAIT_GREAT_WORK_FOOD_PORTRAIT_CosKongo', 'GreatWorkObjectType','GREATWORKOBJECT_PORTRAIT'),
('TRAIT_GREAT_WORK_FOOD_PORTRAIT_CosKongo', 'YieldType','YIELD_FOOD'),
('TRAIT_GREAT_WORK_FOOD_PORTRAIT_CosKongo', 'YieldChange','2'),
('TRAIT_GREAT_WORK_PRODUCTION_PORTRAIT_CosKongo', 'GreatWorkObjectType','GREATWORKOBJECT_PORTRAIT'),
('TRAIT_GREAT_WORK_PRODUCTION_PORTRAIT_CosKongo', 'YieldType','YIELD_PRODUCTION'),
('TRAIT_GREAT_WORK_PRODUCTION_PORTRAIT_CosKongo', 'YieldChange','2'),
('TRAIT_GREAT_WORK_GOLD_PORTRAIT_CosKongo', 'GreatWorkObjectType','GREATWORKOBJECT_PORTRAIT'),
('TRAIT_GREAT_WORK_GOLD_PORTRAIT_CosKongo', 'YieldType','YIELD_GOLD'),
('TRAIT_GREAT_WORK_GOLD_PORTRAIT_CosKongo', 'YieldChange','4');
--风景加成
INSERT INTO TraitModifiers (TraitType, ModifierId) VALUES 
('TRAIT_CIVILIZATION_NKISI', 'TRAIT_GREAT_WORK_FAITH_LANDSCAPE_CosKongo'),
('TRAIT_CIVILIZATION_NKISI', 'TRAIT_GREAT_WORK_FOOD_LANDSCAPE_CosKongo'),
('TRAIT_CIVILIZATION_NKISI', 'TRAIT_GREAT_WORK_PRODUCTION_LANDSCAPE_CosKongo'),
('TRAIT_CIVILIZATION_NKISI', 'TRAIT_GREAT_WORK_GOLD_LANDSCAPE_CosKongo');
INSERT INTO Modifiers (ModifierId, ModifierType) VALUES
('TRAIT_GREAT_WORK_FAITH_LANDSCAPE_CosKongo', 'MODIFIER_PLAYER_CITIES_ADJUST_GREATWORK_YIELD'),
('TRAIT_GREAT_WORK_FOOD_LANDSCAPE_CosKongo', 'MODIFIER_PLAYER_CITIES_ADJUST_GREATWORK_YIELD'),
('TRAIT_GREAT_WORK_PRODUCTION_LANDSCAPE_CosKongo', 'MODIFIER_PLAYER_CITIES_ADJUST_GREATWORK_YIELD'),
('TRAIT_GREAT_WORK_GOLD_LANDSCAPE_CosKongo', 'MODIFIER_PLAYER_CITIES_ADJUST_GREATWORK_YIELD');
INSERT INTO ModifierArguments (ModifierId, Name ,Value) VALUES
('TRAIT_GREAT_WORK_FAITH_LANDSCAPE_CosKongo', 'GreatWorkObjectType','GREATWORKOBJECT_LANDSCAPE'),
('TRAIT_GREAT_WORK_FAITH_LANDSCAPE_CosKongo', 'YieldType','YIELD_FAITH'),
('TRAIT_GREAT_WORK_FAITH_LANDSCAPE_CosKongo', 'YieldChange','1'),
('TRAIT_GREAT_WORK_FOOD_LANDSCAPE_CosKongo', 'GreatWorkObjectType','GREATWORKOBJECT_LANDSCAPE'),
('TRAIT_GREAT_WORK_FOOD_LANDSCAPE_CosKongo', 'YieldType','YIELD_FOOD'),
('TRAIT_GREAT_WORK_FOOD_LANDSCAPE_CosKongo', 'YieldChange','2'),
('TRAIT_GREAT_WORK_PRODUCTION_LANDSCAPE_CosKongo', 'GreatWorkObjectType','GREATWORKOBJECT_LANDSCAPE'),
('TRAIT_GREAT_WORK_PRODUCTION_LANDSCAPE_CosKongo', 'YieldType','YIELD_PRODUCTION'),
('TRAIT_GREAT_WORK_PRODUCTION_LANDSCAPE_CosKongo', 'YieldChange','2'),
('TRAIT_GREAT_WORK_GOLD_LANDSCAPE_CosKongo', 'GreatWorkObjectType','GREATWORKOBJECT_LANDSCAPE'),
('TRAIT_GREAT_WORK_GOLD_LANDSCAPE_CosKongo', 'YieldType','YIELD_GOLD'),
('TRAIT_GREAT_WORK_GOLD_LANDSCAPE_CosKongo', 'YieldChange','4');
--宗教加成
INSERT INTO TraitModifiers (TraitType, ModifierId) VALUES 
('TRAIT_CIVILIZATION_NKISI', 'TRAIT_GREAT_WORK_FAITH_RELIGIOUS_CosKongo'),
('TRAIT_CIVILIZATION_NKISI', 'TRAIT_GREAT_WORK_FOOD_RELIGIOUS_CosKongo'),
('TRAIT_CIVILIZATION_NKISI', 'TRAIT_GREAT_WORK_PRODUCTION_RELIGIOUS_CosKongo'),
('TRAIT_CIVILIZATION_NKISI', 'TRAIT_GREAT_WORK_GOLD_RELIGIOUS_CosKongo');
INSERT INTO Modifiers (ModifierId, ModifierType) VALUES
('TRAIT_GREAT_WORK_FAITH_RELIGIOUS_CosKongo', 'MODIFIER_PLAYER_CITIES_ADJUST_GREATWORK_YIELD'),
('TRAIT_GREAT_WORK_FOOD_RELIGIOUS_CosKongo', 'MODIFIER_PLAYER_CITIES_ADJUST_GREATWORK_YIELD'),
('TRAIT_GREAT_WORK_PRODUCTION_RELIGIOUS_CosKongo', 'MODIFIER_PLAYER_CITIES_ADJUST_GREATWORK_YIELD'),
('TRAIT_GREAT_WORK_GOLD_RELIGIOUS_CosKongo', 'MODIFIER_PLAYER_CITIES_ADJUST_GREATWORK_YIELD');
INSERT INTO ModifierArguments (ModifierId, Name ,Value) VALUES
('TRAIT_GREAT_WORK_FAITH_RELIGIOUS_CosKongo', 'GreatWorkObjectType','GREATWORKOBJECT_RELIGIOUS'),
('TRAIT_GREAT_WORK_FAITH_RELIGIOUS_CosKongo', 'YieldType','YIELD_FAITH'),
('TRAIT_GREAT_WORK_FAITH_RELIGIOUS_CosKongo', 'YieldChange','1'),
('TRAIT_GREAT_WORK_FOOD_RELIGIOUS_CosKongo', 'GreatWorkObjectType','GREATWORKOBJECT_RELIGIOUS'),
('TRAIT_GREAT_WORK_FOOD_RELIGIOUS_CosKongo', 'YieldType','YIELD_FOOD'),
('TRAIT_GREAT_WORK_FOOD_RELIGIOUS_CosKongo', 'YieldChange','2'),
('TRAIT_GREAT_WORK_PRODUCTION_RELIGIOUS_CosKongo', 'GreatWorkObjectType','GREATWORKOBJECT_RELIGIOUS'),
('TRAIT_GREAT_WORK_PRODUCTION_RELIGIOUS_CosKongo', 'YieldType','YIELD_PRODUCTION'),
('TRAIT_GREAT_WORK_PRODUCTION_RELIGIOUS_CosKongo', 'YieldChange','2'),
('TRAIT_GREAT_WORK_GOLD_RELIGIOUS_CosKongo', 'GreatWorkObjectType','GREATWORKOBJECT_RELIGIOUS'),
('TRAIT_GREAT_WORK_GOLD_RELIGIOUS_CosKongo', 'YieldType','YIELD_GOLD'),
('TRAIT_GREAT_WORK_GOLD_RELIGIOUS_CosKongo', 'YieldChange','4');
--音乐加成
INSERT INTO TraitModifiers (TraitType, ModifierId) VALUES 
('TRAIT_CIVILIZATION_NKISI', 'TRAIT_GREAT_WORK_FAITH_MUSIC_CosKongo'),
('TRAIT_CIVILIZATION_NKISI', 'TRAIT_GREAT_WORK_FOOD_MUSIC_CosKongo'),
('TRAIT_CIVILIZATION_NKISI', 'TRAIT_GREAT_WORK_PRODUCTION_MUSIC_CosKongo'),
('TRAIT_CIVILIZATION_NKISI', 'TRAIT_GREAT_WORK_GOLD_MUSIC_CosKongo');
INSERT INTO Modifiers (ModifierId, ModifierType) VALUES
('TRAIT_GREAT_WORK_FAITH_MUSIC_CosKongo', 'MODIFIER_PLAYER_CITIES_ADJUST_GREATWORK_YIELD'),
('TRAIT_GREAT_WORK_FOOD_MUSIC_CosKongo', 'MODIFIER_PLAYER_CITIES_ADJUST_GREATWORK_YIELD'),
('TRAIT_GREAT_WORK_PRODUCTION_MUSIC_CosKongo', 'MODIFIER_PLAYER_CITIES_ADJUST_GREATWORK_YIELD'),
('TRAIT_GREAT_WORK_GOLD_MUSIC_CosKongo', 'MODIFIER_PLAYER_CITIES_ADJUST_GREATWORK_YIELD');
INSERT INTO ModifierArguments (ModifierId, Name ,Value) VALUES
('TRAIT_GREAT_WORK_FAITH_MUSIC_CosKongo', 'GreatWorkObjectType','GREATWORKOBJECT_MUSIC'),
('TRAIT_GREAT_WORK_FAITH_MUSIC_CosKongo', 'YieldType','YIELD_FAITH'),
('TRAIT_GREAT_WORK_FAITH_MUSIC_CosKongo', 'YieldChange','1'),
('TRAIT_GREAT_WORK_FOOD_MUSIC_CosKongo', 'GreatWorkObjectType','GREATWORKOBJECT_MUSIC'),
('TRAIT_GREAT_WORK_FOOD_MUSIC_CosKongo', 'YieldType','YIELD_FOOD'),
('TRAIT_GREAT_WORK_FOOD_MUSIC_CosKongo', 'YieldChange','2'),
('TRAIT_GREAT_WORK_PRODUCTION_MUSIC_CosKongo', 'GreatWorkObjectType','GREATWORKOBJECT_MUSIC'),
('TRAIT_GREAT_WORK_PRODUCTION_MUSIC_CosKongo', 'YieldType','YIELD_PRODUCTION'),
('TRAIT_GREAT_WORK_PRODUCTION_MUSIC_CosKongo', 'YieldChange','2'),
('TRAIT_GREAT_WORK_GOLD_MUSIC_CosKongo', 'GreatWorkObjectType','GREATWORKOBJECT_MUSIC'),
('TRAIT_GREAT_WORK_GOLD_MUSIC_CosKongo', 'YieldType','YIELD_GOLD'),
('TRAIT_GREAT_WORK_GOLD_MUSIC_CosKongo', 'YieldChange','4');
--使徒殉教
INSERT INTO TraitModifiers (TraitType, ModifierId) VALUES 
('TRAIT_CIVILIZATION_NKISI', 'MONT_ST_MICHEL_GRANT_MARTYR');
--男刚果--
--可以建圣地
DELETE FROM ExcludedDistricts WHERE TraitType='TRAIT_LEADER_RELIGIOUS_CONVERT';
--将bug能力替换为印度能力
UPDATE TraitModifiers SET ModifierId='TRAIT_GAINS_ALL_FOLLOWER_BELIEFS' WHERE ModifierId='TRAIT_GAINS_FOUNDER_BELIEF_MAJORITY_RELIGION';
--帝国初期解锁剧院
INSERT INTO TraitModifiers (TraitType, ModifierId) VALUES 
    ('TRAIT_LEADER_RELIGIOUS_CONVERT', 'TRAIT_THEATER_UNLOCK_EARLY_EMPIRE_CosKongo');
INSERT INTO Modifiers (ModifierId, ModifierType) VALUES
('TRAIT_THEATER_UNLOCK_EARLY_EMPIRE_CosKongo', 'MODIFIER_PLAYER_ADJUST_DISTRICT_UNLOCK');
INSERT INTO ModifierArguments (ModifierId, Name ,Value) VALUES
('TRAIT_THEATER_UNLOCK_EARLY_EMPIRE_CosKongo', 'DistrictType','DISTRICT_THEATER'),
('TRAIT_THEATER_UNLOCK_EARLY_EMPIRE_CosKongo', 'CivicType','CIVIC_EARLY_EMPIRE');
--剧院相邻给信仰
INSERT INTO TraitModifiers (TraitType, ModifierId) VALUES ('TRAIT_LEADER_RELIGIOUS_CONVERT', 'TRAIT_THEATER_ADJACENCY_FAITH_CosKongo');
INSERT INTO Modifiers (ModifierId, ModifierType, SubjectRequirementSetId)
	VALUES 	('TRAIT_THEATER_ADJACENCY_FAITH_CosKongo' , 'MODIFIER_PLAYER_DISTRICTS_ADJUST_YIELD_BASED_ON_ADJACENCY_BONUS', 'DISTRICT_IS_THEATER');
INSERT INTO ModifierArguments (ModifierId, Name, Value) VALUES ('TRAIT_THEATER_ADJACENCY_FAITH_CosKongo', 'YieldTypeToMirror', 'YIELD_CULTURE');
INSERT INTO ModifierArguments (ModifierId, Name, Value) VALUES ('TRAIT_THEATER_ADJACENCY_FAITH_CosKongo', 'YieldTypeToGrant', 'YIELD_FAITH');
--剧院相邻区域改为大量
INSERT INTO TraitModifiers (TraitType, ModifierId) VALUES ('TRAIT_LEADER_RELIGIOUS_CONVERT', 'TRAIT_ADJACENT_DISTRICTS_THEATER_ADJACENCYCULTURE_CosKongo');
INSERT INTO Modifiers (ModifierId, ModifierType, SubjectRequirementSetId)
	VALUES 	('TRAIT_ADJACENT_DISTRICTS_THEATER_ADJACENCYCULTURE_CosKongo' , 'MODIFIER_PLAYER_CITIES_DISTRICT_ADJACENCY', NULL);
INSERT INTO ModifierArguments (ModifierId, Name, Value)
	VALUES ('TRAIT_ADJACENT_DISTRICTS_THEATER_ADJACENCYCULTURE_CosKongo' , 'DistrictType' , 'DISTRICT_THEATER');
INSERT INTO ModifierArguments (ModifierId, Name, Value)
	VALUES ('TRAIT_ADJACENT_DISTRICTS_THEATER_ADJACENCYCULTURE_CosKongo' , 'YieldType' , 'YIELD_CULTURE');
INSERT INTO ModifierArguments (ModifierId, Name, Value)
	VALUES ('TRAIT_ADJACENT_DISTRICTS_THEATER_ADJACENCYCULTURE_CosKongo' , 'Amount' , '2');
INSERT INTO ModifierArguments (ModifierId, Name, Value)
	VALUES ('TRAIT_ADJACENT_DISTRICTS_THEATER_ADJACENCYCULTURE_CosKongo' , 'Description' , 'LOC_DISTRICT_DISTRICT_1_CULTURE');
INSERT INTO ExcludedAdjacencies (TraitType, YieldChangeId) VALUES
('TRAIT_LEADER_RELIGIOUS_CONVERT', 'District_Culture');
--姆班赞--
--封建解锁
UPDATE Districts SET PrereqCivic='CIVIC_FEUDALISM' WHERE DistrictType='DISTRICT_MBANZA';
--为学院、圣地、剧院、商业、工业提供大量相邻加成
INSERT INTO Adjacency_YieldChanges (ID, Description, YieldType, YieldChange, TilesRequired, AdjacentDistrict) VALUES
('MBANZA_SCIENCE_CosKongo', 'LOC_DISTRICT_MBANZA_SCIENCE_CosKongo', 'YIELD_SCIENCE', 2, 1,'DISTRICT_MBANZA'),
('MBANZA_FAITH_CosKongo', 'LOC_DISTRICT_MBANZA_FAITH_CosKongo', 'YIELD_FAITH', 2, 1,'DISTRICT_MBANZA'),
('MBANZA_CULTURE_CosKongo', 'LOC_DISTRICT_MBANZA_CULTURE_CosKongo', 'YIELD_CULTURE', 2, 1,'DISTRICT_MBANZA'),
('MBANZA_GOLD_CosKongo', 'LOC_DISTRICT_MBANZA_GOLD_CosKongo', 'YIELD_GOLD', 2, 1,'DISTRICT_MBANZA'),
('MBANZA_PRODUCTION_CosKongo', 'LOC_DISTRICT_MBANZA_PRODUCTION_CosKongo', 'YIELD_PRODUCTION', 2, 1,'DISTRICT_MBANZA');
INSERT INTO District_Adjacencies (DistrictType, YieldChangeId) VALUES
('DISTRICT_OBSERVATORY', 'MBANZA_SCIENCE_CosKongo'),
('DISTRICT_CAMPUS', 'MBANZA_SCIENCE_CosKongo'),
('DISTRICT_COMMERCIAL_HUB', 'MBANZA_GOLD_CosKongo'),
('DISTRICT_SUGUBA', 'MBANZA_GOLD_CosKongo'),
('DISTRICT_INDUSTRIAL_ZONE', 'MBANZA_PRODUCTION_CosKongo'),
('DISTRICT_HANSA', 'MBANZA_PRODUCTION_CosKongo'),
('DISTRICT_THEATER', 'MBANZA_CULTURE_CosKongo'),
('DISTRICT_ACROPOLIS', 'MBANZA_CULTURE_CosKongo'),
('DISTRICT_LAVRA', 'MBANZA_FAITH_CosKongo'),
('DISTRICT_HOLY_SITE', 'MBANZA_FAITH_CosKongo');
--相邻剧院给大文大艺大音点
INSERT INTO DistrictModifiers (DistrictType, ModifierId) VALUES ('DISTRICT_MBANZA', 'MBANZA_GREAT_WRITER_CosKongo');
INSERT INTO Modifiers (ModifierId, ModifierType, SubjectRequirementSetId)
	VALUES 	('MBANZA_GREAT_WRITER_CosKongo' , 'MODIFIER_SINGLE_CITY_ADJUST_GREAT_PERSON_POINT', 'REQUIREMENTS_PLOT_ADJACENT_THEATER_SQUARE_Cos');
INSERT INTO RequirementSets (RequirementSetId , RequirementSetType)
	VALUES ('REQUIREMENTS_PLOT_ADJACENT_THEATER_SQUARE_Cos' , 'REQUIREMENTSET_TEST_ALL');
INSERT INTO RequirementSetRequirements (RequirementSetId , RequirementId) VALUES
('REQUIREMENTS_PLOT_ADJACENT_THEATER_SQUARE_Cos' , 'REQUIRES_PLOT_ADJACENT_THEATER_SQUARE');
INSERT INTO ModifierArguments (ModifierId, Name, Value)
	VALUES 	('MBANZA_GREAT_WRITER_CosKongo' , 'GreatPersonClassType', 'GREAT_PERSON_CLASS_WRITER');
INSERT INTO ModifierArguments (ModifierId, Name, Value)
	VALUES 	('MBANZA_GREAT_WRITER_CosKongo' , 'Amount', '1');

INSERT INTO DistrictModifiers (DistrictType, ModifierId) VALUES ('DISTRICT_MBANZA', 'MBANZA_GREAT_ARTIST_CosKongo');
INSERT INTO Modifiers (ModifierId, ModifierType, SubjectRequirementSetId)
	VALUES 	('MBANZA_GREAT_ARTIST_CosKongo' , 'MODIFIER_SINGLE_CITY_ADJUST_GREAT_PERSON_POINT', 'REQUIREMENTS_PLOT_ADJACENT_THEATER_SQUARE_Cos');
INSERT INTO ModifierArguments (ModifierId, Name, Value)
	VALUES 	('MBANZA_GREAT_ARTIST_CosKongo' , 'GreatPersonClassType', 'GREAT_PERSON_CLASS_ARTIST');
INSERT INTO ModifierArguments (ModifierId, Name, Value)
	VALUES 	('MBANZA_GREAT_ARTIST_CosKongo' , 'Amount', '1');

INSERT INTO DistrictModifiers (DistrictType, ModifierId) VALUES ('DISTRICT_MBANZA', 'MBANZA_GREAT_MUSICIAN_CosKongo');
INSERT INTO Modifiers (ModifierId, ModifierType, SubjectRequirementSetId)
	VALUES 	('MBANZA_GREAT_MUSICIAN_CosKongo' , 'MODIFIER_SINGLE_CITY_ADJUST_GREAT_PERSON_POINT', 'REQUIREMENTS_PLOT_ADJACENT_THEATER_SQUARE_Cos');
INSERT INTO ModifierArguments (ModifierId, Name, Value)
	VALUES 	('MBANZA_GREAT_MUSICIAN_CosKongo' , 'GreatPersonClassType', 'GREAT_PERSON_CLASS_MUSICIAN');
INSERT INTO ModifierArguments (ModifierId, Name, Value)
	VALUES 	('MBANZA_GREAT_MUSICIAN_CosKongo' , 'Amount', '1');