--马里
--平沙矿山
INSERT INTO TraitModifiers (TraitType, ModifierId) VALUES ('TRAIT_CIVILIZATION_MALI_GOLD_DESERT', 'MALI_DESERT_MINE_CosMali');
INSERT INTO Modifiers (ModifierId , ModifierType) VALUES 
('MALI_DESERT_MINE_CosMali' , 'MODIFIER_PLAYER_CITIES_ADJUST_IMPROVEMENT_VALID_TERRAIN');
INSERT INTO ModifierArguments (ModifierId , Name , Value) VALUES
('MALI_DESERT_MINE_CosMali', 'ImprovementType', 'IMPROVEMENT_MINE'),
('MALI_DESERT_MINE_CosMali', 'TerrainType', 'TERRAIN_DESERT');
--沙漠山脉为市中心提供相邻加成
INSERT INTO TraitModifiers (TraitType, ModifierId) VALUES ('TRAIT_CIVILIZATION_MALI_GOLD_DESERT', 'TRAIT_DESERT_MOUNTAIN_CITY_CENTER_FAITH_CosMali');
INSERT INTO Modifiers (ModifierId, ModifierType, SubjectRequirementSetId)
	VALUES 	('TRAIT_DESERT_MOUNTAIN_CITY_CENTER_FAITH_CosMali' , 'MODIFIER_PLAYER_CITIES_TERRAIN_ADJACENCY', NULL);
INSERT INTO ModifierArguments (ModifierId, Name, Value)
	VALUES 	('TRAIT_DESERT_MOUNTAIN_CITY_CENTER_FAITH_CosMali' , 'Description', 'LOC_DISTRICT_DESERT_MOUNTAIN_FAITH_CosMali');
INSERT INTO ModifierArguments (ModifierId, Name, Value)
	VALUES 	('TRAIT_DESERT_MOUNTAIN_CITY_CENTER_FAITH_CosMali' , 'DistrictType', 'DISTRICT_CITY_CENTER');
INSERT INTO ModifierArguments (ModifierId, Name, Value)
	VALUES 	('TRAIT_DESERT_MOUNTAIN_CITY_CENTER_FAITH_CosMali' , 'TerrainType', 'TERRAIN_DESERT_MOUNTAIN');
INSERT INTO ModifierArguments (ModifierId, Name, Value)
	VALUES 	('TRAIT_DESERT_MOUNTAIN_CITY_CENTER_FAITH_CosMali' , 'YieldType', 'YIELD_FAITH');
INSERT INTO ModifierArguments (ModifierId, Name, Value)
	VALUES 	('TRAIT_DESERT_MOUNTAIN_CITY_CENTER_FAITH_CosMali' , 'Amount', '1');
INSERT INTO TraitModifiers (TraitType, ModifierId) VALUES ('TRAIT_CIVILIZATION_MALI_GOLD_DESERT', 'TRAIT_DESERT_MOUNTAIN_CITY_CENTER_FOOD_CosMali');
INSERT INTO Modifiers (ModifierId, ModifierType, SubjectRequirementSetId)
	VALUES 	('TRAIT_DESERT_MOUNTAIN_CITY_CENTER_FOOD_CosMali' , 'MODIFIER_PLAYER_CITIES_TERRAIN_ADJACENCY', NULL);
INSERT INTO ModifierArguments (ModifierId, Name, Value)
	VALUES 	('TRAIT_DESERT_MOUNTAIN_CITY_CENTER_FOOD_CosMali' , 'Description', 'LOC_DISTRICT_DESERT_MOUNTAIN_FOOD_CosMali');
INSERT INTO ModifierArguments (ModifierId, Name, Value)
	VALUES 	('TRAIT_DESERT_MOUNTAIN_CITY_CENTER_FOOD_CosMali' , 'DistrictType', 'DISTRICT_CITY_CENTER');
INSERT INTO ModifierArguments (ModifierId, Name, Value)
	VALUES 	('TRAIT_DESERT_MOUNTAIN_CITY_CENTER_FOOD_CosMali' , 'TerrainType', 'TERRAIN_DESERT_MOUNTAIN');
INSERT INTO ModifierArguments (ModifierId, Name, Value)
	VALUES 	('TRAIT_DESERT_MOUNTAIN_CITY_CENTER_FOOD_CosMali' , 'YieldType', 'YIELD_FOOD');
INSERT INTO ModifierArguments (ModifierId, Name, Value)
	VALUES 	('TRAIT_DESERT_MOUNTAIN_CITY_CENTER_FOOD_CosMali' , 'Amount', '1');
--沙漠丘陵加一生产力
INSERT INTO TraitModifiers (TraitType, ModifierId) VALUES ('TRAIT_CIVILIZATION_MALI_GOLD_DESERT', 'TRAIT_DESERT_HILLS_PRODUCTION_CosMali');
INSERT INTO Modifiers (ModifierId, ModifierType, SubjectRequirementSetId)
	VALUES 	('TRAIT_DESERT_HILLS_PRODUCTION_CosMali' , 'MODIFIER_PLAYER_ADJUST_PLOT_YIELD', 'GOLD_PLOT_HAS_DESERT_HILLS_REQUIREMENTS');
INSERT INTO ModifierArguments (ModifierId, Name, Value)
	VALUES 	('TRAIT_DESERT_HILLS_PRODUCTION_CosMali' , 'YieldType', 'YIELD_PRODUCTION');
INSERT INTO ModifierArguments (ModifierId, Name, Value)
	VALUES 	('TRAIT_DESERT_HILLS_PRODUCTION_CosMali' , 'Amount', '1');
--信仰买商人
INSERT INTO TraitModifiers (TraitType , ModifierId) VALUES 
('TRAIT_CIVILIZATION_MALI_GOLD_DESERT' , 'FAITH_PURCHASE_TRADER_CosIndia');
--曼沙穆萨--
--所有产金币的建筑金币基础产出翻倍
INSERT INTO TraitModifiers (TraitType, ModifierId) SELECT
'TRAIT_LEADER_SAHEL_MERCHANTS', 'TRAIT_DOUBLE' || BuildingType || 'GOLD_CosMali' FROM Building_YieldChanges
WHERE YieldType='YIELD_GOLD';
INSERT INTO Modifiers (ModifierId, ModifierType) SELECT
'TRAIT_DOUBLE' || BuildingType || 'GOLD_CosMali', 'MODIFIER_PLAYER_CITIES_ADJUST_BUILDING_YIELD_MODIFIER' FROM Building_YieldChanges WHERE YieldType='YIELD_GOLD';
INSERT INTO ModifierArguments (ModifierId, Name ,Value) SELECT
'TRAIT_DOUBLE' || BuildingType || 'GOLD_CosMali', 'BuildingType', BuildingType FROM Building_YieldChanges WHERE YieldType='YIELD_GOLD';
INSERT INTO ModifierArguments (ModifierId, Name ,Value) SELECT
'TRAIT_DOUBLE' || BuildingType || 'GOLD_CosMali', 'YieldType', 'YIELD_GOLD' FROM Building_YieldChanges WHERE YieldType='YIELD_GOLD';
INSERT INTO ModifierArguments (ModifierId, Name ,Value) SELECT
'TRAIT_DOUBLE' || BuildingType || 'GOLD_CosMali', 'Amount', '100' FROM Building_YieldChanges WHERE YieldType='YIELD_GOLD';
--商业额外区域位
INSERT INTO TraitModifiers (TraitType, ModifierId) VALUES 
    ('TRAIT_LEADER_SAHEL_MERCHANTS', 'TRAIT_COMMERCIAL_HUB_EXTRA_DISTRICT_CosMali');
INSERT INTO Modifiers (ModifierId, ModifierType, SubjectRequirementSetId) VALUES 	
    ('TRAIT_COMMERCIAL_HUB_EXTRA_DISTRICT_CosMali', 'MODIFIER_PLAYER_CITIES_EXTRA_DISTRICT', 'CITY_HAS_COMMERCIAL_HUB');
INSERT INTO ModifierArguments (ModifierId, Name, Value)
	VALUES ('TRAIT_COMMERCIAL_HUB_EXTRA_DISTRICT_CosMali' , 'Amount' , '1');
/* --学院圣地相邻给金币
INSERT INTO TraitModifiers (TraitType, ModifierId) VALUES ('TRAIT_LEADER_SAHEL_MERCHANTS', 'TRAIT_CAMPUS_ADJACENCY_GOLD_CosMali');
INSERT INTO Modifiers (ModifierId, ModifierType, SubjectRequirementSetId)
	VALUES 	('TRAIT_CAMPUS_ADJACENCY_GOLD_CosMali' , 'MODIFIER_PLAYER_DISTRICTS_ADJUST_YIELD_BASED_ON_ADJACENCY_BONUS', 'DISTRICT_IS_CAMPUS');
INSERT INTO ModifierArguments (ModifierId, Name, Value) VALUES ('TRAIT_CAMPUS_ADJACENCY_GOLD_CosMali', 'YieldTypeToMirror', 'YIELD_SCIENCE');
INSERT INTO ModifierArguments (ModifierId, Name, Value) VALUES ('TRAIT_CAMPUS_ADJACENCY_GOLD_CosMali', 'YieldTypeToGrant', 'YIELD_GOLD');
INSERT INTO TraitModifiers (TraitType, ModifierId) VALUES ('TRAIT_LEADER_SAHEL_MERCHANTS', 'TRAIT_HOLY_SITE_ADJACENCY_GOLD_CosMali');
INSERT INTO Modifiers (ModifierId, ModifierType, SubjectRequirementSetId)
	VALUES 	('TRAIT_HOLY_SITE_ADJACENCY_GOLD_CosMali' , 'MODIFIER_PLAYER_DISTRICTS_ADJUST_YIELD_BASED_ON_ADJACENCY_BONUS', 'DISTRICT_IS_HOLY_SITE');
INSERT INTO ModifierArguments (ModifierId, Name, Value) VALUES ('TRAIT_HOLY_SITE_ADJACENCY_GOLD_CosMali', 'YieldTypeToMirror', 'YIELD_FAITH');
INSERT INTO ModifierArguments (ModifierId, Name, Value) VALUES ('TRAIT_HOLY_SITE_ADJACENCY_GOLD_CosMali', 'YieldTypeToGrant', 'YIELD_GOLD'); */
--松迪亚塔--
--招募大商后所有贸易路线+2金
INSERT INTO TraitModifiers (TraitType, ModifierId) VALUES 
    ('TRAIT_LEADER_SUNDIATA_KEITA', 'SUNDIATA_KEITA_DOMESTIC_TRADE_ROUTES_GOLD_CosMali');
INSERT INTO Modifiers (ModifierId, ModifierType, RunOnce, Permanent, OwnerRequirementSetId)
	VALUES 	('SUNDIATA_KEITA_DOMESTIC_TRADE_ROUTES_GOLD_CosMali' , 'MODIFIER_PLAYER_ADJUST_TRADE_ROUTE_YIELD_FOR_DOMESTIC', 1, 1,'PLAYER_HAS_GREAT_MERCHANT_REQUIREMENTS_CosMali');
INSERT INTO RequirementSets (RequirementSetId , RequirementSetType)
	VALUES ('PLAYER_HAS_GREAT_MERCHANT_REQUIREMENTS_CosMali' , 'REQUIREMENTSET_TEST_ALL');
INSERT INTO RequirementSetRequirements (RequirementSetId , RequirementId)
	VALUES ('PLAYER_HAS_GREAT_MERCHANT_REQUIREMENTS_CosMali' , 'PLAYER_HAS_GREAT_MERCHANT');
INSERT INTO Requirements (RequirementId , RequirementType)
	VALUES ('PLAYER_HAS_GREAT_MERCHANT' , 'REQUIREMENT_PLAYER_HAS_GREAT_PERSON_CLASS');
INSERT INTO RequirementArguments (RequirementId, Name, Value)
	VALUES ('PLAYER_HAS_GREAT_MERCHANT' , 'GreatPersonClass', 'GREAT_PERSON_CLASS_MERCHANT');
INSERT INTO ModifierArguments (ModifierId, Name, Value) VALUES
('SUNDIATA_KEITA_DOMESTIC_TRADE_ROUTES_GOLD_CosMali' , 'YieldType' , 'YIELD_GOLD'),
('SUNDIATA_KEITA_DOMESTIC_TRADE_ROUTES_GOLD_CosMali' , 'Amount' , '2');
INSERT INTO TraitModifiers (TraitType, ModifierId) VALUES 
    ('TRAIT_LEADER_SUNDIATA_KEITA', 'SUNDIATA_KEITA_INTERNATIONAL_TRADE_ROUTES_GOLD_CosMali');
INSERT INTO Modifiers (ModifierId, ModifierType, RunOnce, Permanent, OwnerRequirementSetId)
	VALUES 	('SUNDIATA_KEITA_INTERNATIONAL_TRADE_ROUTES_GOLD_CosMali' , 'MODIFIER_PLAYER_ADJUST_TRADE_ROUTE_YIELD_FOR_INTERNATIONAL', 1, 1,'PLAYER_HAS_GREAT_MERCHANT_REQUIREMENTS_CosMali');
INSERT INTO ModifierArguments (ModifierId, Name, Value) VALUES
('SUNDIATA_KEITA_INTERNATIONAL_TRADE_ROUTES_GOLD_CosMali' , 'YieldType' , 'YIELD_GOLD'),
('SUNDIATA_KEITA_INTERNATIONAL_TRADE_ROUTES_GOLD_CosMali' , 'Amount' , '2');
--招募大作家后所有贸易路线+2文
INSERT INTO TraitModifiers (TraitType, ModifierId) VALUES 
    ('TRAIT_LEADER_SUNDIATA_KEITA', 'SUNDIATA_KEITA_DOMESTIC_TRADE_ROUTES_CULTURE1_CosMali');
INSERT INTO Modifiers (ModifierId, ModifierType, RunOnce, Permanent, OwnerRequirementSetId)
	VALUES 	('SUNDIATA_KEITA_DOMESTIC_TRADE_ROUTES_CULTURE1_CosMali' , 'MODIFIER_PLAYER_ADJUST_TRADE_ROUTE_YIELD_FOR_DOMESTIC', 1, 1,'PLAYER_HAS_GREAT_WRITER_REQUIREMENTS_CosMali');
INSERT INTO RequirementSets (RequirementSetId , RequirementSetType)
	VALUES ('PLAYER_HAS_GREAT_WRITER_REQUIREMENTS_CosMali' , 'REQUIREMENTSET_TEST_ALL');
INSERT INTO RequirementSetRequirements (RequirementSetId , RequirementId)
	VALUES ('PLAYER_HAS_GREAT_WRITER_REQUIREMENTS_CosMali' , 'PLAYER_HAS_GREAT_WRITER');
INSERT INTO Requirements (RequirementId , RequirementType)
	VALUES ('PLAYER_HAS_GREAT_WRITER' , 'REQUIREMENT_PLAYER_HAS_GREAT_PERSON_CLASS');
INSERT INTO RequirementArguments (RequirementId, Name, Value)
	VALUES ('PLAYER_HAS_GREAT_WRITER' , 'GreatPersonClass', 'GREAT_PERSON_CLASS_WRITER');
INSERT INTO ModifierArguments (ModifierId, Name, Value) VALUES
('SUNDIATA_KEITA_DOMESTIC_TRADE_ROUTES_CULTURE1_CosMali' , 'YieldType' , 'YIELD_CULTURE'),
('SUNDIATA_KEITA_DOMESTIC_TRADE_ROUTES_CULTURE1_CosMali' , 'Amount' , '2');
INSERT INTO TraitModifiers (TraitType, ModifierId) VALUES 
    ('TRAIT_LEADER_SUNDIATA_KEITA', 'SUNDIATA_KEITA_INTERNATIONAL_TRADE_ROUTES_CULTURE1_CosMali');
INSERT INTO Modifiers (ModifierId, ModifierType, RunOnce, Permanent, OwnerRequirementSetId)
	VALUES 	('SUNDIATA_KEITA_INTERNATIONAL_TRADE_ROUTES_CULTURE1_CosMali' , 'MODIFIER_PLAYER_ADJUST_TRADE_ROUTE_YIELD_FOR_INTERNATIONAL', 1, 1,'PLAYER_HAS_GREAT_WRITER_REQUIREMENTS_CosMali');
INSERT INTO ModifierArguments (ModifierId, Name, Value) VALUES
('SUNDIATA_KEITA_INTERNATIONAL_TRADE_ROUTES_CULTURE1_CosMali' , 'YieldType' , 'YIELD_CULTURE'),
('SUNDIATA_KEITA_INTERNATIONAL_TRADE_ROUTES_CULTURE1_CosMali' , 'Amount' , '2');
--招募大预言家后所有贸易路线+2信仰
INSERT INTO TraitModifiers (TraitType, ModifierId) VALUES 
    ('TRAIT_LEADER_SUNDIATA_KEITA', 'SUNDIATA_KEITA_DOMESTIC_TRADE_ROUTES_FAITH_CosMali');
INSERT INTO Modifiers (ModifierId, ModifierType, RunOnce, Permanent, OwnerRequirementSetId)
	VALUES 	('SUNDIATA_KEITA_DOMESTIC_TRADE_ROUTES_FAITH_CosMali' , 'MODIFIER_PLAYER_ADJUST_TRADE_ROUTE_YIELD_FOR_DOMESTIC', 1, 1,'PLAYER_HAS_GREAT_PROPHET_REQUIREMENTS_CosMali');
INSERT INTO RequirementSets (RequirementSetId , RequirementSetType)
	VALUES ('PLAYER_HAS_GREAT_PROPHET_REQUIREMENTS_CosMali' , 'REQUIREMENTSET_TEST_ALL');
INSERT INTO RequirementSetRequirements (RequirementSetId , RequirementId)
	VALUES ('PLAYER_HAS_GREAT_PROPHET_REQUIREMENTS_CosMali' , 'PLAYER_HAS_GREAT_PROPHET');
INSERT INTO Requirements (RequirementId , RequirementType)
	VALUES ('PLAYER_HAS_GREAT_PROPHET' , 'REQUIREMENT_PLAYER_HAS_GREAT_PERSON_CLASS');
INSERT INTO RequirementArguments (RequirementId, Name, Value)
	VALUES ('PLAYER_HAS_GREAT_PROPHET' , 'GreatPersonClass', 'GREAT_PERSON_CLASS_PROPHET');
INSERT INTO ModifierArguments (ModifierId, Name, Value) VALUES
('SUNDIATA_KEITA_DOMESTIC_TRADE_ROUTES_FAITH_CosMali' , 'YieldType' , 'YIELD_FAITH'),
('SUNDIATA_KEITA_DOMESTIC_TRADE_ROUTES_FAITH_CosMali' , 'Amount' , '2');
INSERT INTO TraitModifiers (TraitType, ModifierId) VALUES 
    ('TRAIT_LEADER_SUNDIATA_KEITA', 'SUNDIATA_KEITA_INTERNATIONAL_TRADE_ROUTES_FAITH_CosMali');
INSERT INTO Modifiers (ModifierId, ModifierType, RunOnce, Permanent, OwnerRequirementSetId)
	VALUES 	('SUNDIATA_KEITA_INTERNATIONAL_TRADE_ROUTES_FAITH_CosMali' , 'MODIFIER_PLAYER_ADJUST_TRADE_ROUTE_YIELD_FOR_INTERNATIONAL', 1, 1,'PLAYER_HAS_GREAT_PROPHET_REQUIREMENTS_CosMali');
INSERT INTO ModifierArguments (ModifierId, Name, Value) VALUES
('SUNDIATA_KEITA_INTERNATIONAL_TRADE_ROUTES_FAITH_CosMali' , 'YieldType' , 'YIELD_FAITH'),
('SUNDIATA_KEITA_INTERNATIONAL_TRADE_ROUTES_FAITH_CosMali' , 'Amount' , '2');
--商业给大文点
INSERT INTO TraitModifiers (TraitType, ModifierId) VALUES 
('TRAIT_LEADER_SUNDIATA_KEITA', 'SUNDIATA_KEITA_GREAT_WRITER_CosMali');
INSERT INTO Modifiers (ModifierId, ModifierType, SubjectRequirementSetId) VALUES
('SUNDIATA_KEITA_GREAT_WRITER_CosMali', 'MODIFIER_PLAYER_CITIES_ADJUST_GREAT_PERSON_POINT', 'CITY_HAS_COMMERCIAL_HUB');
INSERT INTO ModifierArguments (ModifierId, Name, Value) VALUES
('SUNDIATA_KEITA_GREAT_WRITER_CosMali', 'GreatPersonClassType', 'GREAT_PERSON_CLASS_WRITER'),
('SUNDIATA_KEITA_GREAT_WRITER_CosMali', 'Amount', '1');
/* --招募大艺术家后所有贸易路线+1文
INSERT INTO TraitModifiers (TraitType, ModifierId) VALUES 
    ('TRAIT_LEADER_SUNDIATA_KEITA', 'SUNDIATA_KEITA_DOMESTIC_TRADE_ROUTES_CULTURE2_CosMali');
INSERT INTO Modifiers (ModifierId, ModifierType, RunOnce, Permanent, OwnerRequirementSetId)
	VALUES 	('SUNDIATA_KEITA_DOMESTIC_TRADE_ROUTES_CULTURE2_CosMali' , 'MODIFIER_PLAYER_ADJUST_TRADE_ROUTE_YIELD_FOR_DOMESTIC', 1, 1,'PLAYER_HAS_GREAT_ARTIST_REQUIREMENTS_CosMali');
INSERT INTO RequirementSets (RequirementSetId , RequirementSetType)
	VALUES ('PLAYER_HAS_GREAT_ARTIST_REQUIREMENTS_CosMali' , 'REQUIREMENTSET_TEST_ALL');
INSERT INTO RequirementSetRequirements (RequirementSetId , RequirementId)
	VALUES ('PLAYER_HAS_GREAT_ARTIST_REQUIREMENTS_CosMali' , 'PLAYER_HAS_GREAT_ARTIST');
INSERT INTO Requirements (RequirementId , RequirementType)
	VALUES ('PLAYER_HAS_GREAT_ARTIST' , 'REQUIREMENT_PLAYER_HAS_GREAT_PERSON_CLASS');
INSERT INTO RequirementArguments (RequirementId, Name, Value)
	VALUES ('PLAYER_HAS_GREAT_ARTIST' , 'GreatPersonClass', 'GREAT_PERSON_CLASS_ARTIST');
INSERT INTO ModifierArguments (ModifierId, Name, Value) VALUES
('SUNDIATA_KEITA_DOMESTIC_TRADE_ROUTES_CULTURE2_CosMali' , 'YieldType' , 'YIELD_CULTURE'),
('SUNDIATA_KEITA_DOMESTIC_TRADE_ROUTES_CULTURE2_CosMali' , 'Amount' , '1');
INSERT INTO TraitModifiers (TraitType, ModifierId) VALUES 
    ('TRAIT_LEADER_SUNDIATA_KEITA', 'SUNDIATA_KEITA_INTERNATIONAL_TRADE_ROUTES_CULTURE2_CosMali');
INSERT INTO Modifiers (ModifierId, ModifierType, RunOnce, Permanent, OwnerRequirementSetId)
	VALUES 	('SUNDIATA_KEITA_INTERNATIONAL_TRADE_ROUTES_CULTURE2_CosMali' , 'MODIFIER_PLAYER_ADJUST_TRADE_ROUTE_YIELD_FOR_INTERNATIONAL', 1, 1,'PLAYER_HAS_GREAT_ARTIST_REQUIREMENTS_CosMali');
INSERT INTO ModifierArguments (ModifierId, Name, Value) VALUES
('SUNDIATA_KEITA_INTERNATIONAL_TRADE_ROUTES_CULTURE2_CosMali' , 'YieldType' , 'YIELD_CULTURE'),
('SUNDIATA_KEITA_INTERNATIONAL_TRADE_ROUTES_CULTURE2_CosMali' , 'Amount' , '1');
--招募大音乐家后所有贸易路线+1文
INSERT INTO TraitModifiers (TraitType, ModifierId) VALUES 
    ('TRAIT_LEADER_SUNDIATA_KEITA', 'SUNDIATA_KEITA_DOMESTIC_TRADE_ROUTES_CULTURE3_CosMali');
INSERT INTO Modifiers (ModifierId, ModifierType, RunOnce, Permanent, OwnerRequirementSetId)
	VALUES 	('SUNDIATA_KEITA_DOMESTIC_TRADE_ROUTES_CULTURE3_CosMali' , 'MODIFIER_PLAYER_ADJUST_TRADE_ROUTE_YIELD_FOR_DOMESTIC', 1, 1,'PLAYER_HAS_GREAT_MUSICIAN_REQUIREMENTS_CosMali');
INSERT INTO RequirementSets (RequirementSetId , RequirementSetType)
	VALUES ('PLAYER_HAS_GREAT_MUSICIAN_REQUIREMENTS_CosMali' , 'REQUIREMENTSET_TEST_ALL');
INSERT INTO RequirementSetRequirements (RequirementSetId , RequirementId)
	VALUES ('PLAYER_HAS_GREAT_MUSICIAN_REQUIREMENTS_CosMali' , 'PLAYER_HAS_GREAT_MUSICIAN');
INSERT INTO Requirements (RequirementId , RequirementType)
	VALUES ('PLAYER_HAS_GREAT_MUSICIAN' , 'REQUIREMENT_PLAYER_HAS_GREAT_PERSON_CLASS');
INSERT INTO RequirementArguments (RequirementId, Name, Value)
	VALUES ('PLAYER_HAS_GREAT_MUSICIAN' , 'GreatPersonClass', 'GREAT_PERSON_CLASS_MUSICIAN');
INSERT INTO ModifierArguments (ModifierId, Name, Value) VALUES
('SUNDIATA_KEITA_DOMESTIC_TRADE_ROUTES_CULTURE3_CosMali' , 'YieldType' , 'YIELD_CULTURE'),
('SUNDIATA_KEITA_DOMESTIC_TRADE_ROUTES_CULTURE3_CosMali' , 'Amount' , '1');
INSERT INTO TraitModifiers (TraitType, ModifierId) VALUES 
    ('TRAIT_LEADER_SUNDIATA_KEITA', 'SUNDIATA_KEITA_INTERNATIONAL_TRADE_ROUTES_CULTURE3_CosMali');
INSERT INTO Modifiers (ModifierId, ModifierType, RunOnce, Permanent, OwnerRequirementSetId)
	VALUES 	('SUNDIATA_KEITA_INTERNATIONAL_TRADE_ROUTES_CULTURE3_CosMali' , 'MODIFIER_PLAYER_ADJUST_TRADE_ROUTE_YIELD_FOR_INTERNATIONAL', 1, 1,'PLAYER_HAS_GREAT_MUSICIAN_REQUIREMENTS_CosMali');
INSERT INTO ModifierArguments (ModifierId, Name, Value) VALUES
('SUNDIATA_KEITA_INTERNATIONAL_TRADE_ROUTES_CULTURE3_CosMali' , 'YieldType' , 'YIELD_CULTURE'),
('SUNDIATA_KEITA_INTERNATIONAL_TRADE_ROUTES_CULTURE3_CosMali' , 'Amount' , '1');
--招募大科学家后所有贸易路线+1科
INSERT INTO TraitModifiers (TraitType, ModifierId) VALUES 
    ('TRAIT_LEADER_SUNDIATA_KEITA', 'SUNDIATA_KEITA_DOMESTIC_TRADE_ROUTES_SCIENCE_CosMali');
INSERT INTO Modifiers (ModifierId, ModifierType, RunOnce, Permanent, OwnerRequirementSetId)
	VALUES 	('SUNDIATA_KEITA_DOMESTIC_TRADE_ROUTES_SCIENCE_CosMali' , 'MODIFIER_PLAYER_ADJUST_TRADE_ROUTE_YIELD_FOR_DOMESTIC', 1, 1,'PLAYER_HAS_GREAT_SCIENTIST_REQUIREMENTS_CosMali');
INSERT INTO RequirementSets (RequirementSetId , RequirementSetType)
	VALUES ('PLAYER_HAS_GREAT_SCIENTIST_REQUIREMENTS_CosMali' , 'REQUIREMENTSET_TEST_ALL');
INSERT INTO RequirementSetRequirements (RequirementSetId , RequirementId)
	VALUES ('PLAYER_HAS_GREAT_SCIENTIST_REQUIREMENTS_CosMali' , 'PLAYER_HAS_GREAT_SCIENTIST');
INSERT INTO Requirements (RequirementId , RequirementType)
	VALUES ('PLAYER_HAS_GREAT_SCIENTIST' , 'REQUIREMENT_PLAYER_HAS_GREAT_PERSON_CLASS');
INSERT INTO RequirementArguments (RequirementId, Name, Value)
	VALUES ('PLAYER_HAS_GREAT_SCIENTIST' , 'GreatPersonClass', 'GREAT_PERSON_CLASS_SCIENTIST');
INSERT INTO ModifierArguments (ModifierId, Name, Value) VALUES
('SUNDIATA_KEITA_DOMESTIC_TRADE_ROUTES_SCIENCE_CosMali' , 'YieldType' , 'YIELD_SCIENCE'),
('SUNDIATA_KEITA_DOMESTIC_TRADE_ROUTES_SCIENCE_CosMali' , 'Amount' , '1');
INSERT INTO TraitModifiers (TraitType, ModifierId) VALUES 
    ('TRAIT_LEADER_SUNDIATA_KEITA', 'SUNDIATA_KEITA_INTERNATIONAL_TRADE_ROUTES_SCIENCE_CosMali');
INSERT INTO Modifiers (ModifierId, ModifierType, RunOnce, Permanent, OwnerRequirementSetId)
	VALUES 	('SUNDIATA_KEITA_INTERNATIONAL_TRADE_ROUTES_SCIENCE_CosMali' , 'MODIFIER_PLAYER_ADJUST_TRADE_ROUTE_YIELD_FOR_INTERNATIONAL', 1, 1,'PLAYER_HAS_GREAT_SCIENTIST_REQUIREMENTS_CosMali');
INSERT INTO ModifierArguments (ModifierId, Name, Value) VALUES
('SUNDIATA_KEITA_INTERNATIONAL_TRADE_ROUTES_SCIENCE_CosMali' , 'YieldType' , 'YIELD_SCIENCE'),
('SUNDIATA_KEITA_INTERNATIONAL_TRADE_ROUTES_SCIENCE_CosMali' , 'Amount' , '1');
--招募海军统帅后所有贸易路线+1粮
INSERT INTO TraitModifiers (TraitType, ModifierId) VALUES 
    ('TRAIT_LEADER_SUNDIATA_KEITA', 'SUNDIATA_KEITA_DOMESTIC_TRADE_ROUTES_FOOD_CosMali');
INSERT INTO Modifiers (ModifierId, ModifierType, RunOnce, Permanent, OwnerRequirementSetId)
	VALUES 	('SUNDIATA_KEITA_DOMESTIC_TRADE_ROUTES_FOOD_CosMali' , 'MODIFIER_PLAYER_ADJUST_TRADE_ROUTE_YIELD_FOR_DOMESTIC', 1, 1,'PLAYER_HAS_GREAT_ADMIRAL_CLASS_REQUIREMENTS');
INSERT INTO ModifierArguments (ModifierId, Name, Value) VALUES
('SUNDIATA_KEITA_DOMESTIC_TRADE_ROUTES_FOOD_CosMali' , 'YieldType' , 'YIELD_FOOD'),
('SUNDIATA_KEITA_DOMESTIC_TRADE_ROUTES_FOOD_CosMali' , 'Amount' , '1');
INSERT INTO TraitModifiers (TraitType, ModifierId) VALUES 
    ('TRAIT_LEADER_SUNDIATA_KEITA', 'SUNDIATA_KEITA_INTERNATIONAL_TRADE_ROUTES_FOOD_CosMali');
INSERT INTO Modifiers (ModifierId, ModifierType, RunOnce, Permanent, OwnerRequirementSetId)
	VALUES 	('SUNDIATA_KEITA_INTERNATIONAL_TRADE_ROUTES_FOOD_CosMali' , 'MODIFIER_PLAYER_ADJUST_TRADE_ROUTE_YIELD_FOR_INTERNATIONAL', 1, 1,'PLAYER_HAS_GREAT_ADMIRAL_CLASS_REQUIREMENTS');
INSERT INTO ModifierArguments (ModifierId, Name, Value) VALUES
('SUNDIATA_KEITA_INTERNATIONAL_TRADE_ROUTES_FOOD_CosMali' , 'YieldType' , 'YIELD_FOOD'),
('SUNDIATA_KEITA_INTERNATIONAL_TRADE_ROUTES_FOOD_CosMali' , 'Amount' , '1');
--招募大将军后所有贸易路线+1锤
INSERT INTO TraitModifiers (TraitType, ModifierId) VALUES 
    ('TRAIT_LEADER_SUNDIATA_KEITA', 'SUNDIATA_KEITA_DOMESTIC_TRADE_ROUTES_PRODUCTION_CosMali');
INSERT INTO Modifiers (ModifierId, ModifierType, RunOnce, Permanent, OwnerRequirementSetId)
	VALUES 	('SUNDIATA_KEITA_DOMESTIC_TRADE_ROUTES_PRODUCTION_CosMali' , 'MODIFIER_PLAYER_ADJUST_TRADE_ROUTE_YIELD_FOR_DOMESTIC', 1, 1,'PLAYER_HAS_GREAT_GENERAL_REQUIREMENTS_CosMali');
INSERT INTO RequirementSets (RequirementSetId , RequirementSetType)
	VALUES ('PLAYER_HAS_GREAT_GENERAL_REQUIREMENTS_CosMali' , 'REQUIREMENTSET_TEST_ALL');
INSERT INTO RequirementSetRequirements (RequirementSetId , RequirementId)
	VALUES ('PLAYER_HAS_GREAT_GENERAL_REQUIREMENTS_CosMali' , 'PLAYER_HAS_GREAT_GENERAL');
INSERT INTO Requirements (RequirementId , RequirementType)
	VALUES ('PLAYER_HAS_GREAT_GENERAL' , 'REQUIREMENT_PLAYER_HAS_GREAT_PERSON_CLASS');
INSERT INTO RequirementArguments (RequirementId, Name, Value)
	VALUES ('PLAYER_HAS_GREAT_GENERAL' , 'GreatPersonClass', 'GREAT_PERSON_CLASS_GENERAL');
INSERT INTO ModifierArguments (ModifierId, Name, Value) VALUES
('SUNDIATA_KEITA_DOMESTIC_TRADE_ROUTES_PRODUCTION_CosMali' , 'YieldType' , 'YIELD_PRODUCTION'),
('SUNDIATA_KEITA_DOMESTIC_TRADE_ROUTES_PRODUCTION_CosMali' , 'Amount' , '1');
INSERT INTO TraitModifiers (TraitType, ModifierId) VALUES 
    ('TRAIT_LEADER_SUNDIATA_KEITA', 'SUNDIATA_KEITA_INTERNATIONAL_TRADE_ROUTES_PRODUCTION_CosMali');
INSERT INTO Modifiers (ModifierId, ModifierType, RunOnce, Permanent, OwnerRequirementSetId)
	VALUES 	('SUNDIATA_KEITA_INTERNATIONAL_TRADE_ROUTES_PRODUCTION_CosMali' , 'MODIFIER_PLAYER_ADJUST_TRADE_ROUTE_YIELD_FOR_INTERNATIONAL', 1, 1,'PLAYER_HAS_GREAT_GENERAL_REQUIREMENTS_CosMali');
INSERT INTO ModifierArguments (ModifierId, Name, Value) VALUES
('SUNDIATA_KEITA_INTERNATIONAL_TRADE_ROUTES_PRODUCTION_CosMali' , 'YieldType' , 'YIELD_PRODUCTION'),
('SUNDIATA_KEITA_INTERNATIONAL_TRADE_ROUTES_PRODUCTION_CosMali' , 'Amount' , '1');
--招募大工程师后所有贸易路线+1锤
INSERT INTO TraitModifiers (TraitType, ModifierId) VALUES 
    ('TRAIT_LEADER_SUNDIATA_KEITA', 'SUNDIATA_KEITA_DOMESTIC_TRADE_ROUTES_PRODUCTION2_CosMali');
INSERT INTO Modifiers (ModifierId, ModifierType, RunOnce, Permanent, OwnerRequirementSetId)
	VALUES 	('SUNDIATA_KEITA_DOMESTIC_TRADE_ROUTES_PRODUCTION2_CosMali' , 'MODIFIER_PLAYER_ADJUST_TRADE_ROUTE_YIELD_FOR_DOMESTIC', 1, 1,'PLAYER_HAS_GREAT_ENGINEER_REQUIREMENTS_CosMali');
INSERT INTO RequirementSets (RequirementSetId , RequirementSetType)
	VALUES ('PLAYER_HAS_GREAT_ENGINEER_REQUIREMENTS_CosMali' , 'REQUIREMENTSET_TEST_ALL');
INSERT INTO RequirementSetRequirements (RequirementSetId , RequirementId)
	VALUES ('PLAYER_HAS_GREAT_ENGINEER_REQUIREMENTS_CosMali' , 'PLAYER_HAS_GREAT_ENGINEER');
INSERT INTO Requirements (RequirementId , RequirementType)
	VALUES ('PLAYER_HAS_GREAT_ENGINEER' , 'REQUIREMENT_PLAYER_HAS_GREAT_PERSON_CLASS');
INSERT INTO RequirementArguments (RequirementId, Name, Value)
	VALUES ('PLAYER_HAS_GREAT_ENGINEER' , 'GreatPersonClass', 'GREAT_PERSON_CLASS_ENGINEER');
INSERT INTO ModifierArguments (ModifierId, Name, Value) VALUES
('SUNDIATA_KEITA_DOMESTIC_TRADE_ROUTES_PRODUCTION2_CosMali' , 'YieldType' , 'YIELD_PRODUCTION'),
('SUNDIATA_KEITA_DOMESTIC_TRADE_ROUTES_PRODUCTION2_CosMali' , 'Amount' , '1');
INSERT INTO TraitModifiers (TraitType, ModifierId) VALUES 
    ('TRAIT_LEADER_SUNDIATA_KEITA', 'SUNDIATA_KEITA_INTERNATIONAL_TRADE_ROUTES_PRODUCTION2_CosMali');
INSERT INTO Modifiers (ModifierId, ModifierType, RunOnce, Permanent, OwnerRequirementSetId)
	VALUES 	('SUNDIATA_KEITA_INTERNATIONAL_TRADE_ROUTES_PRODUCTION2_CosMali' , 'MODIFIER_PLAYER_ADJUST_TRADE_ROUTE_YIELD_FOR_INTERNATIONAL', 1, 1,'PLAYER_HAS_GREAT_ENGINEER_REQUIREMENTS_CosMali');
INSERT INTO ModifierArguments (ModifierId, Name, Value) VALUES
('SUNDIATA_KEITA_INTERNATIONAL_TRADE_ROUTES_PRODUCTION2_CosMali' , 'YieldType' , 'YIELD_PRODUCTION'),
('SUNDIATA_KEITA_INTERNATIONAL_TRADE_ROUTES_PRODUCTION2_CosMali' , 'Amount' , '1'); */
--曼丁哥市场--
--贸易路线起点+2金
UPDATE District_TradeRouteYields SET YieldChangeAsOrigin=2 WHERE DistrictType='DISTRICT_SUGUBA' AND YieldType='YIELD_GOLD';
--港口加成
INSERT INTO District_Adjacencies (DistrictType, YieldChangeId) VALUES
('DISTRICT_SUGUBA', 'Harbor_Gold'),
('DISTRICT_SUGUBA', 'RoyalDock_Gold'),
('DISTRICT_SUGUBA', 'Cothon_Gold');
--对外贸易解锁
UPDATE Districts SET PrereqCivic='CIVIC_FOREIGN_TRADE' WHERE DistrictType='DISTRICT_SUGUBA';
UPDATE Districts SET PrereqTech=NULL WHERE DistrictType='DISTRICT_SUGUBA';