--挪威
--海岸湖泊海洋加一锤
INSERT INTO TraitModifiers (TraitType, ModifierId) VALUES
('TRAIT_CIVILIZATION_EARLY_OCEAN_NAVIGATION', 'COAST_PRODUCTION_CosNorway'),
('TRAIT_CIVILIZATION_EARLY_OCEAN_NAVIGATION', 'OCEAN_PRODUCTION_CosNorway');
INSERT INTO Modifiers (ModifierId, ModifierType, SubjectRequirementSetId) VALUES
('COAST_PRODUCTION_CosNorway' , 'MODIFIER_PLAYER_ADJUST_PLOT_YIELD', 'PLOT_HAS_COAST_REQUIREMENTS'),
('OCEAN_PRODUCTION_CosNorway' , 'MODIFIER_PLAYER_ADJUST_PLOT_YIELD', 'PLOT_HAS_OCEAN_REQUIREMENTS_CosNorway');
INSERT INTO RequirementSets (RequirementSetId , RequirementSetType)
	VALUES ('PLOT_HAS_OCEAN_REQUIREMENTS_CosNorway' , 'REQUIREMENTSET_TEST_ALL');
INSERT INTO RequirementSetRequirements (RequirementSetId , RequirementId) VALUES
('PLOT_HAS_OCEAN_REQUIREMENTS_CosNorway' , 'REQUIRES_TERRAIN_OCEAN');
/* INSERT INTO RequirementSetRequirements (RequirementSetId , RequirementId) VALUES
('PLOT_HAS_OCEAN_REQUIREMENTS_CosNorway' , 'REQUIRES_PLOT_HAS_OCEAN_CosNorway');
INSERT INTO Requirements (RequirementId , RequirementType) VALUES
('REQUIRES_PLOT_HAS_OCEAN_CosNorway' , 'REQUIREMENT_PLOT_TERRAIN_TYPE_MATCHES');
INSERT INTO RequirementArguments (RequirementId, Name, Value) VALUES
('REQUIRES_PLOT_HAS_OCEAN_CosNorway' , 'TerrainType' , 'TERRAIN_OCEAN'); */
INSERT INTO ModifierArguments (ModifierId, Name, Value) VALUES
('COAST_PRODUCTION_CosNorway' , 'YieldType', 'YIELD_PRODUCTION'),
('OCEAN_PRODUCTION_CosNorway' , 'YieldType', 'YIELD_PRODUCTION');
INSERT INTO ModifierArguments (ModifierId, Name, Value) VALUES
('COAST_PRODUCTION_CosNorway' , 'Amount', '1'),
('OCEAN_PRODUCTION_CosNorway' , 'Amount', '1');
--海军近战生产加速移至文明
INSERT INTO TraitModifiers (TraitType, ModifierId) VALUES
('TRAIT_CIVILIZATION_EARLY_OCEAN_NAVIGATION', 'TRAIT_ANCIENT_NAVAL_MELEE_PRODUCTION'),
('TRAIT_CIVILIZATION_EARLY_OCEAN_NAVIGATION', 'TRAIT_CLASSICAL_NAVAL_MELEE_PRODUCTION'),
('TRAIT_CIVILIZATION_EARLY_OCEAN_NAVIGATION', 'TRAIT_MEDIEVAL_NAVAL_MELEE_PRODUCTION'),
('TRAIT_CIVILIZATION_EARLY_OCEAN_NAVIGATION', 'TRAIT_RENAISSANCE_NAVAL_MELEE_PRODUCTION'),
('TRAIT_CIVILIZATION_EARLY_OCEAN_NAVIGATION', 'TRAIT_INDUSTRIAL_NAVAL_MELEE_PRODUCTION'),
('TRAIT_CIVILIZATION_EARLY_OCEAN_NAVIGATION', 'TRAIT_MODERN_NAVAL_MELEE_PRODUCTION'),
('TRAIT_CIVILIZATION_EARLY_OCEAN_NAVIGATION', 'TRAIT_ATOMIC_NAVAL_MELEE_PRODUCTION'),
('TRAIT_CIVILIZATION_EARLY_OCEAN_NAVIGATION', 'TRAIT_INFORMATION_NAVAL_MELEE_PRODUCTION');
DELETE FROM TraitModifiers WHERE TraitType='TRAIT_LEADER_MELEE_COASTAL_RAIDS' AND ModifierId=
'TRAIT_ANCIENT_NAVAL_MELEE_PRODUCTION' OR
'TRAIT_CLASSICAL_NAVAL_MELEE_PRODUCTION' OR
'TRAIT_MEDIEVAL_NAVAL_MELEE_PRODUCTION' OR
'TRAIT_RENAISSANCE_NAVAL_MELEE_PRODUCTION' OR
'TRAIT_INDUSTRIAL_NAVAL_MELEE_PRODUCTION' OR
'TRAIT_MODERN_NAVAL_MELEE_PRODUCTION' OR
'TRAIT_ATOMIC_NAVAL_MELEE_PRODUCTION' OR
'TRAIT_INFORMATION_NAVAL_MELEE_PRODUCTION';
--北境王--
--所有海军单位均可海岸扫荡
INSERT INTO TypeTags (Type, Tag) VALUES
('ABILITY_MELEE_COASTAL_RAID', 'CLASS_NAVAL_RANGED'),
('ABILITY_MELEE_COASTAL_RAID', 'CLASS_NAVAL_CARRIER');
--掠夺伐木场给科技
INSERT INTO TraitModifiers (TraitType, ModifierId) VALUES
('TRAIT_LEADER_MELEE_COASTAL_RAIDS', 'TRAIT_LEADER_PILLAGE_SCIENCE_LUMBER_MILLS_CosNorway');
INSERT INTO Modifiers (ModifierId, ModifierType) VALUES
('TRAIT_LEADER_PILLAGE_SCIENCE_LUMBER_MILLS_CosNorway' , 'MODIFIER_PLAYER_ADJUST_ADDITIONAL_PILLAGING');
INSERT INTO ModifierArguments (ModifierId, Name, Value) VALUES
('TRAIT_LEADER_PILLAGE_SCIENCE_LUMBER_MILLS_CosNorway' , 'PlunderType', 'PLUNDER_SCIENCE'),
('TRAIT_LEADER_PILLAGE_SCIENCE_LUMBER_MILLS_CosNorway' , 'ImprovementType', 'IMPROVEMENT_LUMBER_MILL'),
('TRAIT_LEADER_PILLAGE_SCIENCE_LUMBER_MILLS_CosNorway' , 'Amount', '15');
--掠夺农场、渔船给信仰
INSERT INTO TraitModifiers (TraitType, ModifierId) VALUES
('TRAIT_LEADER_MELEE_COASTAL_RAIDS', 'TRAIT_LEADER_PILLAGE_FAITH_FARMS_CosNorway');
INSERT INTO Modifiers (ModifierId, ModifierType) VALUES
('TRAIT_LEADER_PILLAGE_FAITH_FARMS_CosNorway' , 'MODIFIER_PLAYER_ADJUST_ADDITIONAL_PILLAGING');
INSERT INTO ModifierArguments (ModifierId, Name, Value) VALUES
('TRAIT_LEADER_PILLAGE_FAITH_FARMS_CosNorway' , 'PlunderType', 'PLUNDER_FAITH'),
('TRAIT_LEADER_PILLAGE_FAITH_FARMS_CosNorway' , 'ImprovementType', 'IMPROVEMENT_FARM'),
('TRAIT_LEADER_PILLAGE_FAITH_FARMS_CosNorway' , 'Amount', '15');
INSERT INTO TraitModifiers (TraitType, ModifierId) VALUES
('TRAIT_LEADER_MELEE_COASTAL_RAIDS', 'TRAIT_LEADER_PILLAGE_FAITH_FISHING_BOATS_CosNorway');
INSERT INTO Modifiers (ModifierId, ModifierType) VALUES
('TRAIT_LEADER_PILLAGE_FAITH_FISHING_BOATS_CosNorway' , 'MODIFIER_PLAYER_ADJUST_ADDITIONAL_PILLAGING');
INSERT INTO ModifierArguments (ModifierId, Name, Value) VALUES
('TRAIT_LEADER_PILLAGE_FAITH_FISHING_BOATS_CosNorway' , 'PlunderType', 'PLUNDER_FAITH'),
('TRAIT_LEADER_PILLAGE_FAITH_FISHING_BOATS_CosNorway' , 'ImprovementType', 'IMPROVEMENT_FISHING_BOATS'),
('TRAIT_LEADER_PILLAGE_FAITH_FISHING_BOATS_CosNorway' , 'Amount', '15');
--瓦良格--
--征集单位+100%战斗经验值，受伤后不会蒙受战斗力减益
INSERT INTO UnitAbilityModifiers (UnitAbilityType, ModifierId) VALUES
('ABILITY_LEVIED_HARALD', 'SAMURAI_NO_REDUCTION_DAMAGE'),
('ABILITY_LEVIED_HARALD', 'SERGEY_GORSHKOV_BONUS_EXPERIENCE');
--木板教堂送使者
INSERT INTO BuildingModifiers (BuildingType, ModifierId) VALUES 
    ('BUILDING_STAVE_CHURCH', 'INFLUENCETOKEN_CosNorway');
INSERT INTO Modifiers (ModifierId, ModifierType, SubjectRequirementSetId) VALUES
('INFLUENCETOKEN_CosNorway', 'MODIFIER_PLAYER_GRANT_INFLUENCE_TOKEN', 'PLAYER_IS_HARALD_ALT');
INSERT INTO ModifierArguments (ModifierId, Name ,Value) VALUES
('INFLUENCETOKEN_CosNorway', 'Amount','1');
--狂暴武士--
--无视控制区
INSERT INTO TypeTags (Type, Tag) VALUES
('ABILITY_IGNORE_ZOC', 'CLASS_MELEE_BERSERKER');
--+1移动力
UPDATE Units SET BaseMoves=3 WHERE UnitType='UNIT_NORWEGIAN_BERSERKER';
--树林二级关联
UPDATE StartBiasFeatures SET Tier=2 WHERE CivilizationType='CIVILIZATION_NORWAY' AND FeatureType='FEATURE_FOREST';
--海岸二级关联
UPDATE StartBiasTerrains SET Tier=2 WHERE TerrainType='TERRAIN_COAST' AND CivilizationType='CIVILIZATION_NORWAY';