--奥斯曼
--攻城单位加二移速
INSERT INTO TraitModifiers (TraitType , ModifierId)
	VALUES ('TRAIT_CIVILIZATION_GREAT_TURKISH_BOMBARD' , 'FASTER_SIEGE_CosOttomans');
INSERT INTO Modifiers (ModifierId , ModifierType ,SubjectRequirementSetId)
	VALUES ('FASTER_SIEGE_CosOttomans', 'MODIFIER_PLAYER_UNITS_ADJUST_MOVEMENT','UNIT_IS_SIEGE_Cos');
INSERT INTO RequirementSetRequirements (RequirementSetId , RequirementId)
	VALUES ('UNIT_IS_SIEGE_Cos' , 'REQUIRES_UNIT_IS_SIEGE_Cos');
INSERT INTO RequirementSets (RequirementSetId , RequirementSetType)
	VALUES ('UNIT_IS_SIEGE_Cos' , 'REQUIREMENTSET_TEST_ALL');
INSERT INTO Requirements (RequirementId , RequirementType)
	VALUES ('REQUIRES_UNIT_IS_SIEGE_Cos' , 'REQUIREMENT_UNIT_PROMOTION_CLASS_MATCHES');
INSERT INTO RequirementArguments (RequirementId , Name , Value)
	VALUES ('REQUIRES_UNIT_IS_SIEGE_Cos' , 'UnitPromotionClass' , 'PROMOTION_CLASS_SIEGE');
INSERT INTO ModifierArguments (ModifierId , Name , Value)
	VALUES ('FASTER_SIEGE_CosOttomans', 'Amount', '2');
--立法者--
--总督加强
--一级：立法者的城市生产所有单位+50%生产力
UPDATE Modifiers SET ModifierType='MODIFIER_SINGLE_CITY_ADJUST_UNIT_PRODUCTION_MODIFIER' WHERE ModifierId='PASHA_BONUS_UNIT_PRODUCTION';
UPDATE ModifierArguments SET Value='0' WHERE ModifierId='PASHA_BONUS_UNIT_PRODUCTION';
INSERT INTO TraitModifiers (TraitType , ModifierId)
	VALUES ('TRAIT_LEADER_SULEIMAN_GOVERNOR' , 'PASHA_BONUS_UNIT_PRODUCTION_CosOttomans');

INSERT INTO Modifiers (ModifierId , ModifierType ,SubjectRequirementSetId)
	VALUES ('PASHA_BONUS_UNIT_PRODUCTION_CosOttomans', 'MODIFIER_PLAYER_CITIES_ADJUST_UNIT_PRODUCTION_MODIFIER','CITY_HAS_GOVERNOR_PROMOTION_PASHA_CosOttomans');
INSERT INTO RequirementSetRequirements (RequirementSetId , RequirementId)
	VALUES ('CITY_HAS_GOVERNOR_PROMOTION_PASHA_CosOttomans' , 'REQUIRES_CITY_HAS_GOVERNOR_PROMOTION_PASHA_CosOttomans');
INSERT INTO RequirementSets (RequirementSetId , RequirementSetType)
	VALUES ('CITY_HAS_GOVERNOR_PROMOTION_PASHA_CosOttomans' , 'REQUIREMENTSET_TEST_ALL');
INSERT INTO Requirements (RequirementId , RequirementType)
	VALUES ('REQUIRES_CITY_HAS_GOVERNOR_PROMOTION_PASHA_CosOttomans' , 'REQUIREMENT_CITY_HAS_SPECIFIC_GOVERNOR_PROMOTION_TYPE');
INSERT INTO RequirementArguments (RequirementId , Name , Value)
	VALUES ('REQUIRES_CITY_HAS_GOVERNOR_PROMOTION_PASHA_CosOttomans' , 'GovernorPromotionType' , 'GOVERNOR_PROMOTION_PASHA');
INSERT INTO ModifierArguments (ModifierId , Name , Value)
	VALUES ('PASHA_BONUS_UNIT_PRODUCTION_CosOttomans', 'Amount', '50');
--塞拉斯克尔和首席驯鹰师合并
INSERT INTO GovernorPromotionModifiers (GovernorPromotionType , ModifierId)
	VALUES ('GOVERNOR_PROMOTION_SERASKER', 'HEAD_FALCONER_ADJUST_CITY_COMBAT_BONUS');
--首席驯鹰师:立法者的城市军营+2宜居度、商业+15%金币、市政+15%生产力
UPDATE GovernorPromotionModifiers SET ModifierId='HEAD_FALCONER_ENCAMPMENT_0AMENITY_CosOttomans' WHERE GovernorPromotionType='GOVERNOR_PROMOTION_HEAD_FALCONER' AND ModifierId='HEAD_FALCONER_ADJUST_CITY_COMBAT_BONUS';
INSERT INTO Modifiers (ModifierId , ModifierType ,SubjectRequirementSetId)
	VALUES ('HEAD_FALCONER_ENCAMPMENT_0AMENITY_CosOttomans', 'MODIFIER_CITY_DISTRICTS_ADJUST_DISTRICT_AMENITY','DISTRICT_IS_ENCAMPMENT');
INSERT INTO ModifierArguments (ModifierId , Name , Value)
	VALUES ('HEAD_FALCONER_ENCAMPMENT_0AMENITY_CosOttomans', 'Amount', '0');

INSERT INTO TraitModifiers (TraitType , ModifierId)
	VALUES ('TRAIT_LEADER_SULEIMAN_GOVERNOR' , 'HEAD_FALCONER_ENCAMPMENT_AMENITY_CosOttomans');
INSERT INTO Modifiers (ModifierId , ModifierType ,SubjectRequirementSetId)
	VALUES ('HEAD_FALCONER_ENCAMPMENT_AMENITY_CosOttomans', 'MODIFIER_PLAYER_CITIES_ADJUST_TRAIT_AMENITY','CITY_HAS_GOVERNOR_PROMOTION_HEAD_FALCONER_ENCAMPMENT_CosOttomans');
INSERT INTO RequirementSetRequirements (RequirementSetId , RequirementId) VALUES
('CITY_HAS_GOVERNOR_PROMOTION_HEAD_FALCONER_ENCAMPMENT_CosOttomans' , 'REQUIRES_CITY_HAS_GOVERNOR_PROMOTION_HEAD_FALCONER_CosOttomans'),('CITY_HAS_GOVERNOR_PROMOTION_HEAD_FALCONER_ENCAMPMENT_CosOttomans' , 'REQUIRES_CITY_HAS_ENCAMPMENT');
INSERT INTO RequirementSets (RequirementSetId , RequirementSetType)
	VALUES ('CITY_HAS_GOVERNOR_PROMOTION_HEAD_FALCONER_ENCAMPMENT_CosOttomans' , 'REQUIREMENTSET_TEST_ALL');
INSERT INTO Requirements (RequirementId , RequirementType)
	VALUES ('REQUIRES_CITY_HAS_GOVERNOR_PROMOTION_HEAD_FALCONER_CosOttomans' , 'REQUIREMENT_CITY_HAS_SPECIFIC_GOVERNOR_PROMOTION_TYPE');
INSERT INTO RequirementArguments (RequirementId , Name , Value) VALUES
('REQUIRES_CITY_HAS_GOVERNOR_PROMOTION_HEAD_FALCONER_CosOttomans' , 'GovernorPromotionType' , 'GOVERNOR_PROMOTION_HEAD_FALCONER');
INSERT INTO ModifierArguments (ModifierId , Name , Value)
	VALUES ('HEAD_FALCONER_ENCAMPMENT_AMENITY_CosOttomans', 'Amount', '2');

INSERT INTO TraitModifiers (TraitType , ModifierId)
	VALUES ('TRAIT_LEADER_SULEIMAN_GOVERNOR' , 'HEAD_FALCONER_COMMERCIAL_HUB_GOLD_CosOttomans');
INSERT INTO Modifiers (ModifierId , ModifierType ,SubjectRequirementSetId)
	VALUES ('HEAD_FALCONER_COMMERCIAL_HUB_GOLD_CosOttomans', 'MODIFIER_PLAYER_CITIES_ADJUST_CITY_YIELD_MODIFIER','CITY_HAS_GOVERNOR_PROMOTION_HEAD_FALCONER_COMMERCIAL_HUB_CosOttomans');
INSERT INTO RequirementSetRequirements (RequirementSetId , RequirementId) VALUES
('CITY_HAS_GOVERNOR_PROMOTION_HEAD_FALCONER_COMMERCIAL_HUB_CosOttomans' , 'REQUIRES_CITY_HAS_GOVERNOR_PROMOTION_HEAD_FALCONER_CosOttomans'),('CITY_HAS_GOVERNOR_PROMOTION_HEAD_FALCONER_COMMERCIAL_HUB_CosOttomans' , 'REQUIRES_CITY_HAS_COMMERCIAL_HUB');
INSERT INTO RequirementSets (RequirementSetId , RequirementSetType)
	VALUES ('CITY_HAS_GOVERNOR_PROMOTION_HEAD_FALCONER_COMMERCIAL_HUB_CosOttomans' , 'REQUIREMENTSET_TEST_ALL');
INSERT INTO ModifierArguments (ModifierId , Name , Value) VALUES
('HEAD_FALCONER_COMMERCIAL_HUB_GOLD_CosOttomans' , 'YieldType', 'YIELD_GOLD'),
('HEAD_FALCONER_COMMERCIAL_HUB_GOLD_CosOttomans', 'Amount', '15');

INSERT INTO TraitModifiers (TraitType , ModifierId)
	VALUES ('TRAIT_LEADER_SULEIMAN_GOVERNOR' , 'HEAD_FALCONER_GOV_PRODUCTION_CosOttomans');
INSERT INTO Modifiers (ModifierId , ModifierType ,SubjectRequirementSetId)
	VALUES ('HEAD_FALCONER_GOV_PRODUCTION_CosOttomans', 'MODIFIER_PLAYER_CITIES_ADJUST_CITY_YIELD_MODIFIER','CITY_HAS_GOVERNOR_PROMOTION_HEAD_FALCONER_GOV_CosOttomans');
INSERT INTO RequirementSetRequirements (RequirementSetId , RequirementId) VALUES
('CITY_HAS_GOVERNOR_PROMOTION_HEAD_FALCONER_GOV_CosOttomans' , 'REQUIRES_CITY_HAS_GOVERNOR_PROMOTION_HEAD_FALCONER_CosOttomans'),('CITY_HAS_GOVERNOR_PROMOTION_HEAD_FALCONER_GOV_CosOttomans' , 'REQUIRES_CITY_HAS_GOV_DISTRICT');
INSERT INTO RequirementSets (RequirementSetId , RequirementSetType)
	VALUES ('CITY_HAS_GOVERNOR_PROMOTION_HEAD_FALCONER_GOV_CosOttomans' , 'REQUIREMENTSET_TEST_ALL');
INSERT INTO ModifierArguments (ModifierId , Name , Value) VALUES
('HEAD_FALCONER_GOV_PRODUCTION_CosOttomans' , 'YieldType', 'YIELD_PRODUCTION'),
('HEAD_FALCONER_GOV_PRODUCTION_CosOttomans', 'Amount', '15');
--卡普阿迦和大维齐尔合并
INSERT INTO GovernorPromotionModifiers (GovernorPromotionType , ModifierId)
	VALUES ('GOVERNOR_PROMOTION_CAPOU_AGHA' , 'GRAND_VIZIER_ADJUST_IGNORE_CULTURAL_IDENTITY');
--卡斯-奥达-巴什同盟点数增多
UPDATE ModifierArguments SET Value='8' WHERE ModifierId='KHASS_ODA_BASHI_ADJUST_ALLIANCE_POINTS';
--大维齐尔：本城生产军事单位自带升级、立法者平民单位造一送一
UPDATE GovernorPromotionModifiers SET ModifierId='CITY_DEFENDER_FREE_PROMOTIONS' WHERE GovernorPromotionType='GOVERNOR_PROMOTION_GRAND_VISIER' AND ModifierId='GRAND_VIZIER_ADJUST_IGNORE_CULTURAL_IDENTITY';
INSERT INTO TraitModifiers (TraitType , ModifierId)
	VALUES ('TRAIT_LEADER_SULEIMAN_GOVERNOR' , 'GRAND_VIZIER_EXTRA_CIVILIAN_CosOttomans');
INSERT INTO Types (Type,Kind) 
	VALUES ('MODIFIER_PLAYER_CITIES_ADJUST_EXTRA_UNIT_COPY_TAG_Cos', 'KIND_MODIFIER');
INSERT INTO DynamicModifiers (ModifierType, CollectionType, EffectType)
	VALUES ('MODIFIER_PLAYER_CITIES_ADJUST_EXTRA_UNIT_COPY_TAG_Cos', 'COLLECTION_PLAYER_CITIES', 'EFFECT_ADJUST_EXTRA_UNIT_COPY_TAG');
INSERT INTO Modifiers (ModifierId, ModifierType, SubjectRequirementSetId) VALUES
('GRAND_VIZIER_EXTRA_CIVILIAN_CosOttomans', 'MODIFIER_PLAYER_CITIES_ADJUST_EXTRA_UNIT_COPY_TAG_Cos', 'CITY_HAS_GOVERNOR_PROMOTION_GRAND_VISIER_CosOttomans');
INSERT INTO RequirementSetRequirements (RequirementSetId , RequirementId)
	VALUES ('CITY_HAS_GOVERNOR_PROMOTION_GRAND_VISIER_CosOttomans' , 'REQUIRES_CITY_HAS_GOVERNOR_PROMOTION_GRAND_VISIER_CosOttomans');
INSERT INTO RequirementSets (RequirementSetId , RequirementSetType)
	VALUES ('CITY_HAS_GOVERNOR_PROMOTION_GRAND_VISIER_CosOttomans' , 'REQUIREMENTSET_TEST_ALL');
INSERT INTO Requirements (RequirementId , RequirementType)
	VALUES ('REQUIRES_CITY_HAS_GOVERNOR_PROMOTION_GRAND_VISIER_CosOttomans' , 'REQUIREMENT_CITY_HAS_SPECIFIC_GOVERNOR_PROMOTION_TYPE');
INSERT INTO RequirementArguments (RequirementId , Name , Value)
	VALUES ('REQUIRES_CITY_HAS_GOVERNOR_PROMOTION_GRAND_VISIER_CosOttomans' , 'GovernorPromotionType' , 'GOVERNOR_PROMOTION_GRAND_VISIER');
INSERT INTO ModifierArguments (ModifierId , Name , Value) VALUES
('GRAND_VIZIER_EXTRA_CIVILIAN_CosOttomans', 'Tag', 'CLASS_CIVILIAN_Cos'),
('GRAND_VIZIER_EXTRA_CIVILIAN_CosOttomans', 'Amount', '1');
INSERT INTO TypeTags (Type,	Tag) VALUES
('UNIT_BUILDER','CLASS_CIVILIAN_Cos'),
('UNIT_SETTLER','CLASS_CIVILIAN_Cos'),
('UNIT_TRADER','CLASS_CIVILIAN_Cos');
INSERT INTO Tags (Tag, Vocabulary) VALUES
('CLASS_CIVILIAN_Cos','ABILITY_CLASS');
--大帝--
--非黄金获得泰姬陵效果
INSERT INTO TraitModifiers (TraitType , ModifierId)
	VALUES ('TRAIT_LEADER_SULEIMAN_ALT' , 'SULEIMAN_ERA_SCORE_CosOttomans');
INSERT INTO Modifiers (ModifierId, ModifierType, SubjectRequirementSetId) VALUES
('SULEIMAN_ERA_SCORE_CosOttomans', 'MODIFIER_PLAYER_ADJUST_PLAYER_ERA_SCORE_PER_PRIDE_MOMENT', 'PLAYER_NO_GOLDEN_AGE_REQUIREMENTS');
INSERT INTO ModifierArguments (ModifierId , Name , Value) VALUES
('SULEIMAN_ERA_SCORE_CosOttomans', 'MinScore', '2'),
('SULEIMAN_ERA_SCORE_CosOttomans', 'Amount', '1');
--黄金所有专业化区域+2锤2金
INSERT INTO TraitModifiers (TraitType , ModifierId)
	VALUES ('TRAIT_LEADER_SULEIMAN_ALT' , 'SULEIMAN_GOLDEN_AGE_GOLD_CosOttomans');
INSERT INTO Modifiers (ModifierId, ModifierType, SubjectRequirementSetId) VALUES
('SULEIMAN_GOLDEN_AGE_GOLD_CosOttomans', 'MODIFIER_PLAYER_CITIES_ADJUST_CITY_YIELD_PER_DISTRICT', 'PLAYER_HAS_GOLDEN_AGE');
INSERT INTO ModifierArguments (ModifierId , Name , Value) VALUES
('SULEIMAN_GOLDEN_AGE_GOLD_CosOttomans', 'YieldType', 'YIELD_GOLD'),
('SULEIMAN_GOLDEN_AGE_GOLD_CosOttomans', 'Amount', '2');
INSERT INTO TraitModifiers (TraitType , ModifierId)
	VALUES ('TRAIT_LEADER_SULEIMAN_ALT' , 'SULEIMAN_GOLDEN_AGE_PRODUCTION_CosOttomans');
INSERT INTO Modifiers (ModifierId, ModifierType, SubjectRequirementSetId) VALUES
('SULEIMAN_GOLDEN_AGE_PRODUCTION_CosOttomans', 'MODIFIER_PLAYER_CITIES_ADJUST_CITY_YIELD_PER_DISTRICT', 'PLAYER_HAS_GOLDEN_AGE');
INSERT INTO ModifierArguments (ModifierId , Name , Value) VALUES
('SULEIMAN_GOLDEN_AGE_PRODUCTION_CosOttomans', 'YieldType', 'YIELD_PRODUCTION'),
('SULEIMAN_GOLDEN_AGE_PRODUCTION_CosOttomans', 'Amount', '2');
--大巴扎--
--商业提供等同于相邻的生产力
INSERT INTO BuildingModifiers (BuildingType, ModifierId) VALUES 
    ('BUILDING_GRAND_BAZAAR', 'BUILDING_GRAND_BAZAAR_PRODUCTION_MIRRORS_GOLD_CosOttomans');
INSERT INTO Modifiers (ModifierId, ModifierType, SubjectRequirementSetId) VALUES
('BUILDING_GRAND_BAZAAR_PRODUCTION_MIRRORS_GOLD_CosOttomans', 'MODIFIER_PLAYER_DISTRICT_ADJUST_YIELD_BASED_ON_ADJACENCY_BONUS', NULL);
INSERT INTO ModifierArguments (ModifierId , Name , Value) VALUES
('BUILDING_GRAND_BAZAAR_PRODUCTION_MIRRORS_GOLD_CosOttomans', 'YieldTypeToGrant', 'YIELD_PRODUCTION'),
('BUILDING_GRAND_BAZAAR_PRODUCTION_MIRRORS_GOLD_CosOttomans', 'YieldTypeToMirror', 'YIELD_GOLD');
--10人口以上+1贸易路线容量
INSERT INTO BuildingModifiers (BuildingType, ModifierId) VALUES 
    ('BUILDING_GRAND_BAZAAR', 'BUILDING_GRAND_BAZAAR_TRADE_ROUTE_CAPACITY_CosOttomans');
INSERT INTO Modifiers (ModifierId, ModifierType, SubjectRequirementSetId) VALUES
('BUILDING_GRAND_BAZAAR_TRADE_ROUTE_CAPACITY_CosOttomans', 'MODIFIER_PLAYER_ADJUST_TRADE_ROUTE_CAPACITY', 'STADIUM_10_POPULATION_REQUIREMENTS');
INSERT INTO ModifierArguments (ModifierId , Name , Value) VALUES
('BUILDING_GRAND_BAZAAR_TRADE_ROUTE_CAPACITY_CosOttomans', 'Amount', '1');
--公会解锁
UPDATE Buildings SET PrereqTech=NULL, PrereqCivic='CIVIC_GUILDS' WHERE BuildingType='BUILDING_GRAND_BAZAAR';
