--瑞典
--图书馆给大作家点数
INSERT INTO TraitModifiers (TraitType , ModifierId)
	VALUES ('TRAIT_CIVILIZATION_NOBEL_PRIZE' , 'TRAIT_GREAT_WRITER_LIBRARY_MODIFIER_CosSweden');
INSERT INTO Modifiers (ModifierId, ModifierType, SubjectRequirementSetId)
	VALUES 	('TRAIT_GREAT_WRITER_LIBRARY_MODIFIER_CosSweden' , 'MODIFIER_PLAYER_CITIES_ADJUST_GREAT_PERSON_POINT', 'BUILDING_IS_LIBRARY');
INSERT INTO ModifierArguments (ModifierId, Name, Value)
	VALUES 	('TRAIT_GREAT_WRITER_LIBRARY_MODIFIER_CosSweden' , 'GreatPersonClassType', 'GREAT_PERSON_CLASS_WRITER');
INSERT INTO ModifierArguments (ModifierId, Name, Value)
	VALUES 	('TRAIT_GREAT_WRITER_LIBRARY_MODIFIER_CosSweden' , 'Amount', '1');
--工作坊给大商人点数
INSERT INTO TraitModifiers (TraitType , ModifierId)
	VALUES ('TRAIT_CIVILIZATION_NOBEL_PRIZE' , 'TRAIT_GREAT_MERCHANT_WORKSHOP_MODIFIER_CosSweden');
INSERT INTO Modifiers (ModifierId, ModifierType, SubjectRequirementSetId)
	VALUES 	('TRAIT_GREAT_MERCHANT_WORKSHOP_MODIFIER_CosSweden' , 'MODIFIER_PLAYER_CITIES_ADJUST_GREAT_PERSON_POINT', 'BUILDING_IS_WORKSHOP');
INSERT INTO ModifierArguments (ModifierId, Name, Value)
	VALUES 	('TRAIT_GREAT_MERCHANT_WORKSHOP_MODIFIER_CosSweden' , 'GreatPersonClassType', 'GREAT_PERSON_CLASS_MERCHANT');
INSERT INTO ModifierArguments (ModifierId, Name, Value)
	VALUES 	('TRAIT_GREAT_MERCHANT_WORKSHOP_MODIFIER_CosSweden' , 'Amount', '1');
--工厂给大商人点数
INSERT INTO TraitModifiers (TraitType , ModifierId)
	VALUES ('TRAIT_CIVILIZATION_NOBEL_PRIZE' , 'TRAIT_GREAT_MERCHANT_FACTORY_MODIFIER_CosSweden');
INSERT INTO Modifiers (ModifierId, ModifierType, SubjectRequirementSetId)
	VALUES 	('TRAIT_GREAT_MERCHANT_FACTORY_MODIFIER_CosSweden' , 'MODIFIER_PLAYER_CITIES_ADJUST_GREAT_PERSON_POINT', 'BUILDING_IS_FACTORY');
INSERT INTO ModifierArguments (ModifierId, Name, Value)
	VALUES 	('TRAIT_GREAT_MERCHANT_FACTORY_MODIFIER_CosSweden' , 'GreatPersonClassType', 'GREAT_PERSON_CLASS_MERCHANT');
INSERT INTO ModifierArguments (ModifierId, Name, Value)
	VALUES 	('TRAIT_GREAT_MERCHANT_FACTORY_MODIFIER_CosSweden' , 'Amount', '1');
--大学给大作家点数
INSERT INTO TraitModifiers (TraitType , ModifierId)
	VALUES ('TRAIT_CIVILIZATION_NOBEL_PRIZE' , 'TRAIT_GREAT_WRITER_UNIVERSITY_MODIFIER_CosSweden');
INSERT INTO Modifiers (ModifierId, ModifierType, SubjectRequirementSetId)
	VALUES 	('TRAIT_GREAT_WRITER_UNIVERSITY_MODIFIER_CosSweden' , 'MODIFIER_PLAYER_CITIES_ADJUST_GREAT_PERSON_POINT', 'BUILDING_IS_UNIVERSITY');
INSERT INTO ModifierArguments (ModifierId, Name, Value)
	VALUES 	('TRAIT_GREAT_WRITER_UNIVERSITY_MODIFIER_CosSweden' , 'GreatPersonClassType', 'GREAT_PERSON_CLASS_WRITER');
INSERT INTO ModifierArguments (ModifierId, Name, Value)
	VALUES 	('TRAIT_GREAT_WRITER_UNIVERSITY_MODIFIER_CosSweden' , 'Amount', '1');
--大学给大艺术家点数
INSERT INTO TraitModifiers (TraitType , ModifierId)
	VALUES ('TRAIT_CIVILIZATION_NOBEL_PRIZE' , 'TRAIT_GREAT_ARTIST_UNIVERSITY_MODIFIER_CosSweden');
INSERT INTO Modifiers (ModifierId, ModifierType, SubjectRequirementSetId)
	VALUES 	('TRAIT_GREAT_ARTIST_UNIVERSITY_MODIFIER_CosSweden' , 'MODIFIER_PLAYER_CITIES_ADJUST_GREAT_PERSON_POINT', 'BUILDING_IS_UNIVERSITY');
INSERT INTO ModifierArguments (ModifierId, Name, Value)
	VALUES 	('TRAIT_GREAT_ARTIST_UNIVERSITY_MODIFIER_CosSweden' , 'GreatPersonClassType', 'GREAT_PERSON_CLASS_ARTIST');
INSERT INTO ModifierArguments (ModifierId, Name, Value)
	VALUES 	('TRAIT_GREAT_ARTIST_UNIVERSITY_MODIFIER_CosSweden' , 'Amount', '1');
/* --大学给大音乐家点数
INSERT INTO TraitModifiers (TraitType , ModifierId)
	VALUES ('TRAIT_CIVILIZATION_NOBEL_PRIZE' , 'TRAIT_GREAT_MUSICIAN_UNIVERSITY_MODIFIER_CosSweden');
INSERT INTO Modifiers (ModifierId, ModifierType, SubjectRequirementSetId)
	VALUES 	('TRAIT_GREAT_MUSICIAN_UNIVERSITY_MODIFIER_CosSweden' , 'MODIFIER_PLAYER_CITIES_ADJUST_GREAT_PERSON_POINT', 'BUILDING_IS_UNIVERSITY');
INSERT INTO ModifierArguments (ModifierId, Name, Value)
	VALUES 	('TRAIT_GREAT_MUSICIAN_UNIVERSITY_MODIFIER_CosSweden' , 'GreatPersonClassType', 'GREAT_PERSON_CLASS_MUSICIAN');
INSERT INTO ModifierArguments (ModifierId, Name, Value)
	VALUES 	('TRAIT_GREAT_MUSICIAN_UNIVERSITY_MODIFIER_CosSweden' , 'Amount', '1'); */
--克里斯蒂娜
--图书馆给二著作槽位
INSERT INTO TraitModifiers (TraitType , ModifierId)
	VALUES ('TRAIT_LEADER_KRISTINA_AUTO_THEME' , 'KRISTINA_LIBRARY_GREAT_WRITING_SLOTS_CosSweden');
INSERT INTO Modifiers (ModifierId, ModifierType, SubjectRequirementSetId)
	VALUES 	('KRISTINA_LIBRARY_GREAT_WRITING_SLOTS_CosSweden' , 'MODIFIER_PLAYER_CITIES_ADJUST_EXTRA_GREAT_WORK_SLOTS', NULL);
INSERT INTO ModifierArguments (ModifierId, Name, Value)
	VALUES 	('KRISTINA_LIBRARY_GREAT_WRITING_SLOTS_CosSweden' , 'BuildingType', 'BUILDING_LIBRARY');
INSERT INTO ModifierArguments (ModifierId, Name, Value)
	VALUES 	('KRISTINA_LIBRARY_GREAT_WRITING_SLOTS_CosSweden' , 'GreatWorkSlotType', 'GREATWORKSLOT_WRITING');
INSERT INTO ModifierArguments (ModifierId, Name, Value)
	VALUES 	('KRISTINA_LIBRARY_GREAT_WRITING_SLOTS_CosSweden' , 'Amount', '2');
--两个槽位的建筑也可以主题化
UPDATE ModifierArguments SET Value='2' WHERE ModifierId='AUTO_THEME_AT_LEAST_3_SLOTS' AND Name='Amount';
--女王图书馆--
--造价降低
UPDATE Buildings SET Cost=180 WHERE BuildingType='BUILDING_QUEENS_BIBLIOTHEQUE';
--可用金币购买
UPDATE Buildings SET PurchaseYield='YIELD_GOLD' WHERE BuildingType='BUILDING_QUEENS_BIBLIOTHEQUE';
--生态博物馆--
INSERT INTO Improvement_YieldChanges (ImprovementType, YieldType, YieldChange) VALUES
('IMPROVEMENT_OPEN_AIR_MUSEUM', 'YIELD_FOOD', 0),
('IMPROVEMENT_OPEN_AIR_MUSEUM', 'YIELD_PRODUCTION', 0),
('IMPROVEMENT_OPEN_AIR_MUSEUM', 'YIELD_SCIENCE', 0);
--人文主义解锁
UPDATE Improvements SET PrereqCivic='CIVIC_HUMANISM' WHERE ImprovementType='IMPROVEMENT_OPEN_AIR_MUSEUM';
--可以建在树林雨林沼泽地热上
INSERT INTO Improvement_ValidFeatures (ImprovementType, FeatureType) VALUES
    ('IMPROVEMENT_OPEN_AIR_MUSEUM', 'FEATURE_FOREST'),
	('IMPROVEMENT_OPEN_AIR_MUSEUM', 'FEATURE_JUNGLE'),
	('IMPROVEMENT_OPEN_AIR_MUSEUM', 'FEATURE_MARSH'),
	('IMPROVEMENT_OPEN_AIR_MUSEUM', 'FEATURE_GEOTHERMAL_FISSURE');
--建在树林上+1锤
INSERT INTO ImprovementModifiers (ImprovementType, ModifierID) VALUES
('IMPROVEMENT_OPEN_AIR_MUSEUM', 'OPEN_AIR_MUSEUM_FOREST_PRODUCTION_CosSweden');
INSERT INTO Modifiers (ModifierId, ModifierType, SubjectRequirementSetId) VALUES
('OPEN_AIR_MUSEUM_FOREST_PRODUCTION_CosSweden' , 'MODIFIER_SINGLE_PLOT_ADJUST_PLOT_YIELDS','PLOT_HAS_FOREST_REQUIREMENTS_Cos');
INSERT INTO RequirementSets (RequirementSetId , RequirementSetType)
	VALUES ('PLOT_HAS_FOREST_REQUIREMENTS_Cos' , 'REQUIREMENTSET_TEST_ALL');
INSERT INTO RequirementSetRequirements (RequirementSetId , RequirementId) VALUES
('PLOT_HAS_FOREST_REQUIREMENTS_Cos' , 'PLOT_IS_FOREST_REQUIREMENT');
INSERT INTO ModifierArguments (ModifierId, Name, Value) VALUES
('OPEN_AIR_MUSEUM_FOREST_PRODUCTION_CosSweden' , 'YieldType' , 'YIELD_PRODUCTION'),
('OPEN_AIR_MUSEUM_FOREST_PRODUCTION_CosSweden' , 'Amount' , '1');
--建在雨林上+1粮
INSERT INTO ImprovementModifiers (ImprovementType, ModifierID) VALUES
('IMPROVEMENT_OPEN_AIR_MUSEUM', 'OPEN_AIR_MUSEUM_JUNGLE_FOOD_CosSweden');
INSERT INTO Modifiers (ModifierId, ModifierType, SubjectRequirementSetId) VALUES
('OPEN_AIR_MUSEUM_JUNGLE_FOOD_CosSweden' , 'MODIFIER_SINGLE_PLOT_ADJUST_PLOT_YIELDS','ZOO_RAINFOREST_REQUIREMENTS');
INSERT INTO ModifierArguments (ModifierId, Name, Value) VALUES
('OPEN_AIR_MUSEUM_JUNGLE_FOOD_CosSweden' , 'YieldType' , 'YIELD_FOOD'),
('OPEN_AIR_MUSEUM_JUNGLE_FOOD_CosSweden' , 'Amount' , '1');
--建在沼泽上+1粮
INSERT INTO ImprovementModifiers (ImprovementType, ModifierID) VALUES
('IMPROVEMENT_OPEN_AIR_MUSEUM', 'OPEN_AIR_MUSEUM_MARSH_FOOD_CosSweden');
INSERT INTO Modifiers (ModifierId, ModifierType, SubjectRequirementSetId) VALUES
('OPEN_AIR_MUSEUM_MARSH_FOOD_CosSweden' , 'MODIFIER_SINGLE_PLOT_ADJUST_PLOT_YIELDS','ZOO_MARSH_REQUIREMENTS');
INSERT INTO ModifierArguments (ModifierId, Name, Value) VALUES
('OPEN_AIR_MUSEUM_MARSH_FOOD_CosSweden' , 'YieldType' , 'YIELD_FOOD'),
('OPEN_AIR_MUSEUM_MARSH_FOOD_CosSweden' , 'Amount' , '1');
--建在地热上+1科
INSERT INTO ImprovementModifiers (ImprovementType, ModifierID) VALUES
('IMPROVEMENT_OPEN_AIR_MUSEUM', 'OPEN_AIR_MUSEUM_GEOTHERMAL_FISSURE_SCIENCE_CosSweden');
INSERT INTO Modifiers (ModifierId, ModifierType, SubjectRequirementSetId) VALUES
('OPEN_AIR_MUSEUM_GEOTHERMAL_FISSURE_SCIENCE_CosSweden' , 'MODIFIER_SINGLE_PLOT_ADJUST_PLOT_YIELDS','THERMAL_BATH_GEOTHERMAL_FISSURE_REQUIREMENTS');
INSERT INTO ModifierArguments (ModifierId, Name, Value) VALUES
('OPEN_AIR_MUSEUM_GEOTHERMAL_FISSURE_SCIENCE_CosSweden' , 'YieldType' , 'YIELD_SCIENCE'),
('OPEN_AIR_MUSEUM_GEOTHERMAL_FISSURE_SCIENCE_CosSweden' , 'Amount' , '1');