--苏美尔
--古典前科文+50%
INSERT INTO TraitModifiers (TraitType, ModifierId) VALUES ('TRAIT_CIVILIZATION_FIRST_CIVILIZATION', 'SCIENCE_BEFORE_CLASSICAL_CosSumeria');
INSERT INTO Modifiers (ModifierId, ModifierType, SubjectRequirementSetId)
	VALUES 	('SCIENCE_BEFORE_CLASSICAL_CosSumeria' , 'MODIFIER_PLAYER_CITIES_ADJUST_CITY_YIELD_MODIFIER', 'BEFORE_CLASSICAL_CosSumeria');
INSERT INTO RequirementSets (RequirementSetId , RequirementSetType)
	VALUES ('BEFORE_CLASSICAL_CosSumeria' , 'REQUIREMENTSET_TEST_ALL');
INSERT INTO RequirementSetRequirements (RequirementSetId , RequirementId) VALUES
('BEFORE_CLASSICAL_CosSumeria' , 'REQUIRES_PLAYER_IS_BEFORE_CLASSICAL_ERA_Cos');
INSERT INTO Requirements (RequirementId , RequirementType, Inverse)
	VALUES ('REQUIRES_PLAYER_IS_BEFORE_CLASSICAL_ERA_Cos' , 'REQUIREMENT_PLAYER_ERA_AT_LEAST',1);
INSERT INTO RequirementArguments (RequirementId, Name, Value)
	VALUES ('REQUIRES_PLAYER_IS_BEFORE_CLASSICAL_ERA_Cos' , 'EraType' , 'ERA_CLASSICAL');
INSERT INTO ModifierArguments (ModifierId, Name, Value)
	VALUES 	('SCIENCE_BEFORE_CLASSICAL_CosSumeria' , 'YieldType', 'YIELD_SCIENCE');
INSERT INTO ModifierArguments (ModifierId, Name, Value)
	VALUES 	('SCIENCE_BEFORE_CLASSICAL_CosSumeria' , 'Amount', '50');
INSERT INTO TraitModifiers (TraitType, ModifierId) VALUES ('TRAIT_CIVILIZATION_FIRST_CIVILIZATION', 'CULTURE_BEFORE_CLASSICAL_CosSumeria');
INSERT INTO Modifiers (ModifierId, ModifierType, SubjectRequirementSetId)
	VALUES 	('CULTURE_BEFORE_CLASSICAL_CosSumeria' , 'MODIFIER_PLAYER_CITIES_ADJUST_CITY_YIELD_MODIFIER', 'BEFORE_CLASSICAL_CosSumeria');
INSERT INTO ModifierArguments (ModifierId, Name, Value)
	VALUES 	('CULTURE_BEFORE_CLASSICAL_CosSumeria' , 'YieldType', 'YIELD_CULTURE');
INSERT INTO ModifierArguments (ModifierId, Name, Value)
	VALUES 	('CULTURE_BEFORE_CLASSICAL_CosSumeria' , 'Amount', '50');
--金字形神塔--
INSERT INTO Improvement_YieldChanges (ImprovementType, YieldType, YieldChange) VALUES
('IMPROVEMENT_ZIGGURAT', 'YIELD_FAITH', 0),
('IMPROVEMENT_ZIGGURAT', 'YIELD_FOOD', 0),
('IMPROVEMENT_ZIGGURAT', 'YIELD_PRODUCTION', 0),
('IMPROVEMENT_ZIGGURAT', 'YIELD_GOLD', 0);
--所有为改良设施提供产出加成的万神殿也能为金字形神塔提供对应产出
--节庆
UPDATE Modifiers SET SubjectRequirementSetId='PLOT_HAS_PLANTATION_ZIGGURAT_REQUIREMENTS' WHERE ModifierId='GODDESS_OF_FESTIVALS_PLANTATION_CULTURE_MODIFIER';
INSERT INTO RequirementSets (RequirementSetId , RequirementSetType)
	VALUES ('PLOT_HAS_PLANTATION_ZIGGURAT_REQUIREMENTS' , 'REQUIREMENTSET_TEST_ANY');
INSERT INTO RequirementSetRequirements (RequirementSetId , RequirementId) VALUES
('PLOT_HAS_PLANTATION_ZIGGURAT_REQUIREMENTS' , 'REQUIRES_PLOT_HAS_PLANTATION'),
('PLOT_HAS_PLANTATION_ZIGGURAT_REQUIREMENTS' , 'REQUIRES_PLOT_HAS_ZIGGURAT_CosSumeria');
INSERT INTO Requirements (RequirementId , RequirementType)
	VALUES ('REQUIRES_PLOT_HAS_ZIGGURAT_CosSumeria' , 'REQUIREMENT_PLOT_IMPROVEMENT_TYPE_MATCHES');
INSERT INTO RequirementArguments (RequirementId, Name, Value)
	VALUES ('REQUIRES_PLOT_HAS_ZIGGURAT_CosSumeria' , 'ImprovementType' , 'IMPROVEMENT_ZIGGURAT');
--天空
UPDATE Modifiers SET SubjectRequirementSetId='PLOT_HAS_PASTURE_ZIGGURAT_REQUIREMENTS' WHERE ModifierId='GOD_OF_THE_OPEN_SKY_PASTURE_CULTURE_MODIFIER';
INSERT INTO RequirementSets (RequirementSetId , RequirementSetType)
	VALUES ('PLOT_HAS_PASTURE_ZIGGURAT_REQUIREMENTS' , 'REQUIREMENTSET_TEST_ANY');
INSERT INTO RequirementSetRequirements (RequirementSetId , RequirementId) VALUES
('PLOT_HAS_PASTURE_ZIGGURAT_REQUIREMENTS' , 'REQUIRES_PLOT_HAS_PASTURE'),
('PLOT_HAS_PASTURE_ZIGGURAT_REQUIREMENTS' , 'REQUIRES_PLOT_HAS_ZIGGURAT_CosSumeria');
/* --工匠
UPDATE Modifiers SET SubjectRequirementSetId='PLOT_HAS_STRATEGIC_IMPROVED_ZIGGURAT_REQUIREMENTS' WHERE ModifierId='GOD_OF_CRAFTSMEN_STRATEGIC_IMPROVED_PRODUCTION_MODIFIER';
UPDATE Modifiers SET SubjectRequirementSetId='PLOT_HAS_STRATEGIC_IMPROVED_ZIGGURAT_REQUIREMENTS' WHERE ModifierId='GOD_OF_CRAFTSMEN_STRATEGIC_IMPROVED_FAITH_MODIFIER';
INSERT INTO RequirementSets (RequirementSetId , RequirementSetType)
	VALUES ('PLOT_HAS_STRATEGIC_IMPROVED_ZIGGURAT_REQUIREMENTS' , 'REQUIREMENTSET_TEST_ANY');
INSERT INTO RequirementSetRequirements (RequirementSetId , RequirementId) VALUES
('PLOT_HAS_STRATEGIC_IMPROVED_ZIGGURAT_REQUIREMENTS' , 'REQUIRES_PLOT_HAS_IMPROVED_STRATEGIC'),
('PLOT_HAS_STRATEGIC_IMPROVED_ZIGGURAT_REQUIREMENTS' , 'REQUIRES_PLOT_HAS_ZIGGURAT_CosSumeria'); */
--猎
UPDATE Modifiers SET SubjectRequirementSetId='PLOT_HAS_CAMP_ZIGGURAT_REQUIREMENTS' WHERE ModifierId='GODDESS_OF_THE_HUNT_CAMP_FOOD_MODIFIER';
UPDATE Modifiers SET SubjectRequirementSetId='PLOT_HAS_CAMP_ZIGGURAT_REQUIREMENTS' WHERE ModifierId='GODDESS_OF_THE_HUNT_CAMP_PRODUCTION_MODIFIER';
INSERT INTO RequirementSets (RequirementSetId , RequirementSetType)
	VALUES ('PLOT_HAS_CAMP_ZIGGURAT_REQUIREMENTS' , 'REQUIREMENTSET_TEST_ANY');
INSERT INTO RequirementSetRequirements (RequirementSetId , RequirementId) VALUES
('PLOT_HAS_CAMP_ZIGGURAT_REQUIREMENTS' , 'REQUIRES_PLOT_HAS_CAMP'),
('PLOT_HAS_CAMP_ZIGGURAT_REQUIREMENTS' , 'REQUIRES_PLOT_HAS_ZIGGURAT_CosSumeria');
--石圈
UPDATE Modifiers SET SubjectRequirementSetId='PLOT_HAS_QUARRY_ZIGGURAT_REQUIREMENTS' WHERE ModifierId='STONE_CIRCLES_QUARRY_FAITH_MODIFIER';
INSERT INTO RequirementSets (RequirementSetId , RequirementSetType)
	VALUES ('PLOT_HAS_QUARRY_ZIGGURAT_REQUIREMENTS' , 'REQUIREMENTSET_TEST_ANY');
INSERT INTO RequirementSetRequirements (RequirementSetId , RequirementId) VALUES
('PLOT_HAS_QUARRY_ZIGGURAT_REQUIREMENTS' , 'REQUIRES_PLOT_HAS_QUARRY'),
('PLOT_HAS_QUARRY_ZIGGURAT_REQUIREMENTS' , 'REQUIRES_PLOT_HAS_ZIGGURAT_CosSumeria');
--海神
UPDATE Modifiers SET SubjectRequirementSetId='PLOT_HAS_FISHINGBOATS_ZIGGURAT_REQUIREMENTS' WHERE ModifierId='GOD_OF_THE_SEA_FISHINGBOATS_PRODUCTION_MODIFIER';
INSERT INTO RequirementSets (RequirementSetId , RequirementSetType)
	VALUES ('PLOT_HAS_FISHINGBOATS_ZIGGURAT_REQUIREMENTS' , 'REQUIREMENTSET_TEST_ANY');
INSERT INTO RequirementSetRequirements (RequirementSetId , RequirementId) VALUES
('PLOT_HAS_FISHINGBOATS_ZIGGURAT_REQUIREMENTS' , 'REQUIRES_PLOT_HAS_FISHINGBOATS'),
('PLOT_HAS_FISHINGBOATS_ZIGGURAT_REQUIREMENTS' , 'REQUIRES_PLOT_HAS_ZIGGURAT_CosSumeria');
--宗偶
UPDATE Modifiers SET SubjectRequirementSetId='PLOT_HAS_LUXURY_MINE_ZIGGURAT_REQUIREMENTS' WHERE ModifierId='RELIGIOUS_IDOLS_LUXURY_MINE_FAITH_MODIFIER';
INSERT INTO RequirementSets (RequirementSetId , RequirementSetType)
	VALUES ('PLOT_HAS_LUXURY_MINE_ZIGGURAT_REQUIREMENTS' , 'REQUIREMENTSET_TEST_ANY');
INSERT INTO RequirementSetRequirements (RequirementSetId , RequirementId) VALUES
('PLOT_HAS_LUXURY_MINE_ZIGGURAT_REQUIREMENTS' , 'PLOT_HAS_LUXURY_MINE_MET_Cos'),
('PLOT_HAS_LUXURY_MINE_ZIGGURAT_REQUIREMENTS' , 'REQUIRES_PLOT_HAS_ZIGGURAT_CosSumeria');
INSERT INTO Requirements (RequirementId , RequirementType) VALUES
('PLOT_HAS_LUXURY_MINE_MET_Cos' , 'REQUIREMENT_REQUIREMENTSET_IS_MET');
INSERT INTO RequirementArguments (RequirementId, Name, Value) VALUES
('PLOT_HAS_LUXURY_MINE_MET_Cos' , 'RequirementSetId' , 'PLOT_HAS_LUXURY_MINE_REQUIREMENTS');
--中世纪+1科
INSERT INTO ImprovementModifiers (ImprovementType, ModifierID) VALUES
('IMPROVEMENT_ZIGGURAT', 'ZIGGURAT_SCIENCE_BONUS_MEDIEVAL_CosSumeria');
INSERT INTO Modifiers (ModifierId, ModifierType, SubjectRequirementSetId) VALUES
('ZIGGURAT_SCIENCE_BONUS_MEDIEVAL_CosSumeria' , 'MODIFIER_SINGLE_PLOT_ADJUST_PLOT_YIELDS','ZIGGURAT_MEDIEVAL_REQUIREMENTS_CosSumeria');
INSERT INTO RequirementSets (RequirementSetId , RequirementSetType)
	VALUES ('ZIGGURAT_MEDIEVAL_REQUIREMENTS_CosSumeria' , 'REQUIREMENTSET_TEST_ALL');
INSERT INTO RequirementSetRequirements (RequirementSetId , RequirementId) VALUES
('ZIGGURAT_MEDIEVAL_REQUIREMENTS_CosSumeria' , 'REQUIRES_PLAYER_IS_MEDIEVAL_ERA_Cos');
INSERT INTO Requirements (RequirementId , RequirementType)
	VALUES ('REQUIRES_PLAYER_IS_MEDIEVAL_ERA_Cos' , 'REQUIREMENT_PLAYER_ERA_AT_LEAST');
INSERT INTO RequirementArguments (RequirementId, Name, Value)
	VALUES ('REQUIRES_PLAYER_IS_MEDIEVAL_ERA_Cos' , 'EraType' , 'ERA_MEDIEVAL');
INSERT INTO ModifierArguments (ModifierId, Name, Value) VALUES
('ZIGGURAT_SCIENCE_BONUS_MEDIEVAL_CosSumeria' , 'YieldType' , 'YIELD_SCIENCE'),
('ZIGGURAT_SCIENCE_BONUS_MEDIEVAL_CosSumeria' , 'Amount' , '1');
--工业时代+1科
INSERT INTO ImprovementModifiers (ImprovementType, ModifierID) VALUES
('IMPROVEMENT_ZIGGURAT', 'ZIGGURAT_SCIENCE_BONUS_INDUSTRIAL_CosSumeria');
INSERT INTO Modifiers (ModifierId, ModifierType, SubjectRequirementSetId) VALUES
('ZIGGURAT_SCIENCE_BONUS_INDUSTRIAL_CosSumeria' , 'MODIFIER_SINGLE_PLOT_ADJUST_PLOT_YIELDS','ZIGGURAT_INDUSTRIAL_REQUIREMENTS_CosSumeria');
INSERT INTO RequirementSets (RequirementSetId , RequirementSetType)
	VALUES ('ZIGGURAT_INDUSTRIAL_REQUIREMENTS_CosSumeria' , 'REQUIREMENTSET_TEST_ALL');
INSERT INTO RequirementSetRequirements (RequirementSetId , RequirementId) VALUES
('ZIGGURAT_INDUSTRIAL_REQUIREMENTS_CosSumeria' , 'REQUIRES_PLAYER_IS_INDUSTRIAL_ERA');
INSERT INTO ModifierArguments (ModifierId, Name, Value) VALUES
('ZIGGURAT_SCIENCE_BONUS_INDUSTRIAL_CosSumeria' , 'YieldType' , 'YIELD_SCIENCE'),
('ZIGGURAT_SCIENCE_BONUS_INDUSTRIAL_CosSumeria' , 'Amount' , '1');
--原子能时代+1科
INSERT INTO ImprovementModifiers (ImprovementType, ModifierID) VALUES
('IMPROVEMENT_ZIGGURAT', 'ZIGGURAT_SCIENCE_BONUS_ATOMIC_CosSumeria');
INSERT INTO Modifiers (ModifierId, ModifierType, SubjectRequirementSetId) VALUES
('ZIGGURAT_SCIENCE_BONUS_ATOMIC_CosSumeria' , 'MODIFIER_SINGLE_PLOT_ADJUST_PLOT_YIELDS','ZIGGURAT_ATOMIC_REQUIREMENTS_CosSumeria');
INSERT INTO RequirementSets (RequirementSetId , RequirementSetType)
	VALUES ('ZIGGURAT_ATOMIC_REQUIREMENTS_CosSumeria' , 'REQUIREMENTSET_TEST_ALL');
INSERT INTO RequirementSetRequirements (RequirementSetId , RequirementId) VALUES
('ZIGGURAT_ATOMIC_REQUIREMENTS_CosSumeria' , 'REQUIRES_PLAYER_IS_ATOMIC_ERA_Cos');
INSERT INTO Requirements (RequirementId , RequirementType)
	VALUES ('REQUIRES_PLAYER_IS_ATOMIC_ERA_Cos' , 'REQUIREMENT_PLAYER_ERA_AT_LEAST');
INSERT INTO RequirementArguments (RequirementId, Name, Value)
	VALUES ('REQUIRES_PLAYER_IS_ATOMIC_ERA_Cos' , 'EraType' , 'ERA_ATOMIC');
INSERT INTO ModifierArguments (ModifierId, Name, Value) VALUES
('ZIGGURAT_SCIENCE_BONUS_ATOMIC_CosSumeria' , 'YieldType' , 'YIELD_SCIENCE'),
('ZIGGURAT_SCIENCE_BONUS_ATOMIC_CosSumeria' , 'Amount' , '1');