--工--
--布宜诺斯艾利斯--
--改良加成资源+1锤
INSERT INTO TraitModifiers (TraitType, ModifierId) VALUES 
('MINOR_CIV_BUENOS_AIRES_TRAIT', 'MINOR_CIV_BUENOS_AIRES_UNIQUE_INFLUENCE_BONUS_Cos');
INSERT INTO Modifiers (ModifierId, ModifierType, SubjectRequirementSetId) VALUES 	
('MINOR_CIV_BUENOS_AIRES_UNIQUE_INFLUENCE_BONUS_Cos', 'MODIFIER_ALL_PLAYERS_ATTACH_MODIFIER', 'PLAYER_IS_SUZERAIN');
INSERT INTO Modifiers (ModifierId, ModifierType, SubjectRequirementSetId) VALUES ('MINOR_CIV_BUENOS_AIRES_BONUS_RESOURCE_PRODUCTION_Cos', 'MODIFIER_PLAYER_ADJUST_PLOT_YIELD', 'PLOT_IMPROVED_BONUS_RESOURCE_REQUIREMENTS_Cos');
INSERT INTO RequirementSets (RequirementSetId , RequirementSetType)
	VALUES ('PLOT_IMPROVED_BONUS_RESOURCE_REQUIREMENTS_Cos' , 'REQUIREMENTSET_TEST_ALL');
INSERT INTO RequirementSetRequirements (RequirementSetId , RequirementId) VALUES
('PLOT_IMPROVED_BONUS_RESOURCE_REQUIREMENTS_Cos', 'REQUIRES_PLOT_HAS_BONUS'),
('PLOT_IMPROVED_BONUS_RESOURCE_REQUIREMENTS_Cos', 'REQUIRES_PLOT_HAS_IMPROVEMENT_Cos');
INSERT INTO ModifierArguments (ModifierId, Name, Value) VALUES
('MINOR_CIV_BUENOS_AIRES_UNIQUE_INFLUENCE_BONUS_Cos', 'ModifierId', 'MINOR_CIV_BUENOS_AIRES_BONUS_RESOURCE_PRODUCTION_Cos');
INSERT INTO ModifierArguments (ModifierId, Name, Value) VALUES
('MINOR_CIV_BUENOS_AIRES_BONUS_RESOURCE_PRODUCTION_Cos', 'YieldType', 'YIELD_PRODUCTION'),
('MINOR_CIV_BUENOS_AIRES_BONUS_RESOURCE_PRODUCTION_Cos', 'Amount', '1');
--加的夫--
--港口建筑6%产能
INSERT INTO TraitModifiers (TraitType, ModifierId) VALUES 
('MINOR_CIV_CARDIFF_TRAIT', 'MINOR_CIV_CARDIFF_UNIQUE_INFLUENCE_PRODUCTION_LIGHTHOUSE_Cos'),
('MINOR_CIV_CARDIFF_TRAIT', 'MINOR_CIV_CARDIFF_UNIQUE_INFLUENCE_PRODUCTION_SHIPYARD_Cos'),
('MINOR_CIV_CARDIFF_TRAIT', 'MINOR_CIV_CARDIFF_UNIQUE_INFLUENCE_PRODUCTION_SEAPORT_Cos');
INSERT INTO Modifiers (ModifierId, ModifierType, SubjectRequirementSetId) VALUES 	
('MINOR_CIV_CARDIFF_UNIQUE_INFLUENCE_PRODUCTION_LIGHTHOUSE_Cos', 'MODIFIER_ALL_PLAYERS_ATTACH_MODIFIER', 'PLAYER_IS_SUZERAIN'),
('MINOR_CIV_CARDIFF_UNIQUE_INFLUENCE_PRODUCTION_SHIPYARD_Cos', 'MODIFIER_ALL_PLAYERS_ATTACH_MODIFIER', 'PLAYER_IS_SUZERAIN'),
('MINOR_CIV_CARDIFF_UNIQUE_INFLUENCE_PRODUCTION_SEAPORT_Cos', 'MODIFIER_ALL_PLAYERS_ATTACH_MODIFIER', 'PLAYER_IS_SUZERAIN');
INSERT INTO Modifiers (ModifierId, ModifierType, SubjectRequirementSetId) VALUES ('MINOR_CIV_CARDIFF_PRODUCTION_LIGHTHOUSE_Cos', 'MODIFIER_PLAYER_CITIES_ADJUST_CITY_YIELD_MODIFIER', 'BUILDING_IS_LIGHTHOUSE'),
('MINOR_CIV_CARDIFF_PRODUCTION_SHIPYARD_Cos', 'MODIFIER_PLAYER_CITIES_ADJUST_CITY_YIELD_MODIFIER', 'BUILDING_IS_SHIPYARD'),
('MINOR_CIV_CARDIFF_PRODUCTION_SEAPORT_Cos', 'MODIFIER_PLAYER_CITIES_ADJUST_CITY_YIELD_MODIFIER', 'BUILDING_IS_SEAPORT');
INSERT INTO ModifierArguments (ModifierId, Name, Value) VALUES
('MINOR_CIV_CARDIFF_UNIQUE_INFLUENCE_PRODUCTION_LIGHTHOUSE_Cos', 'ModifierId', 'MINOR_CIV_CARDIFF_PRODUCTION_LIGHTHOUSE_Cos'),
('MINOR_CIV_CARDIFF_UNIQUE_INFLUENCE_PRODUCTION_SHIPYARD_Cos', 'ModifierId', 'MINOR_CIV_CARDIFF_PRODUCTION_SHIPYARD_Cos'),
('MINOR_CIV_CARDIFF_UNIQUE_INFLUENCE_PRODUCTION_SEAPORT_Cos', 'ModifierId', 'MINOR_CIV_CARDIFF_PRODUCTION_SEAPORT_Cos');
INSERT INTO ModifierArguments (ModifierId, Name, Value) VALUES
('MINOR_CIV_CARDIFF_PRODUCTION_LIGHTHOUSE_Cos', 'YieldType', 'YIELD_PRODUCTION'),
('MINOR_CIV_CARDIFF_PRODUCTION_LIGHTHOUSE_Cos', 'Amount', '6'),
('MINOR_CIV_CARDIFF_PRODUCTION_SHIPYARD_Cos', 'YieldType', 'YIELD_PRODUCTION'),
('MINOR_CIV_CARDIFF_PRODUCTION_SHIPYARD_Cos', 'Amount', '6'),
('MINOR_CIV_CARDIFF_PRODUCTION_SEAPORT_Cos', 'YieldType', 'YIELD_PRODUCTION'),
('MINOR_CIV_CARDIFF_PRODUCTION_SEAPORT_Cos', 'Amount', '6');
--香港--
--项目+25%
UPDATE ModifierArguments SET Value='25' WHERE ModifierId='MINOR_CIV_HONG_KONG_PROJECT_PRODUCTION_BONUS';
--新加坡--
--外商+2锤
INSERT INTO TraitModifiers (TraitType, ModifierId) VALUES
('MINOR_CIV_SINGAPORE_TRAIT', 'MINOR_CIV_SINGAPORE_UNIQUE_INFLUENCE_BONUS_Cos');
INSERT INTO Modifiers (ModifierId, ModifierType, SubjectRequirementSetId) VALUES 	
('MINOR_CIV_SINGAPORE_UNIQUE_INFLUENCE_BONUS_Cos', 'MODIFIER_ALL_PLAYERS_ATTACH_MODIFIER', 'PLAYER_IS_SUZERAIN');
INSERT INTO Modifiers (ModifierId , ModifierType , SubjectRequirementSetId) VALUES
('MINOR_CIV_SINGAPORE_PRODUCTION_FOR_INTERNATIONAL_Cos', 'MODIFIER_PLAYER_ADJUST_TRADE_ROUTE_YIELD_FOR_INTERNATIONAL', NULL);
INSERT INTO ModifierArguments (ModifierId, Name, Value) VALUES
('MINOR_CIV_SINGAPORE_UNIQUE_INFLUENCE_BONUS_Cos', 'ModifierId', 'MINOR_CIV_SINGAPORE_PRODUCTION_FOR_INTERNATIONAL_Cos');
INSERT INTO ModifierArguments (ModifierId , Name , Value) VALUES
('MINOR_CIV_SINGAPORE_PRODUCTION_FOR_INTERNATIONAL_Cos', 'YieldType', 'YIELD_PRODUCTION'),
('MINOR_CIV_SINGAPORE_PRODUCTION_FOR_INTERNATIONAL_Cos', 'Amount', '2');
--军--
--阿卡德--
--武僧吃效果
INSERT INTO TraitModifiers (TraitType, ModifierId) VALUES
('MINOR_CIV_AKKAD_TRAIT', 'MINOR_CIV_AKKAD_UNIQUE_INFLUENCE_BONUS_MONK_Cos');
INSERT INTO Modifiers (ModifierId, ModifierType, SubjectRequirementSetId) VALUES 	
('MINOR_CIV_AKKAD_UNIQUE_INFLUENCE_BONUS_MONK_Cos', 'MODIFIER_ALL_PLAYERS_ATTACH_MODIFIER', 'PLAYER_IS_SUZERAIN');
INSERT INTO Modifiers (ModifierId , ModifierType , SubjectRequirementSetId) VALUES
('MINOR_CIV_AKKAD_ENABLE_WALL_ATTACK_WHOLE_GAME_MONK_Cos', 'MODIFIER_PLAYER_UNITS_ADJUST_ENABLE_WALL_ATTACK_WHOLE_GAME_PROMOTION_CLASS', NULL);
INSERT INTO ModifierArguments (ModifierId, Name, Value) VALUES
('MINOR_CIV_AKKAD_UNIQUE_INFLUENCE_BONUS_MONK_Cos', 'ModifierId', 'MINOR_CIV_AKKAD_ENABLE_WALL_ATTACK_WHOLE_GAME_MONK_Cos');
INSERT INTO ModifierArguments (ModifierId , Name , Value) VALUES
('MINOR_CIV_AKKAD_ENABLE_WALL_ATTACK_WHOLE_GAME_MONK_Cos', 'PromotionClass', 'PROMOTION_CLASS_MONK');
--普雷斯拉夫--
--军营建筑人口锤
INSERT INTO TraitModifiers (TraitType, ModifierId) VALUES 
('MINOR_CIV_PRESLAV_TRAIT', 'MINOR_CIV_PRESLAV_UNIQUE_INFLUENCE_BARRACKS_STABLE_PRODUCTION_Cos'),
('MINOR_CIV_PRESLAV_TRAIT', 'MINOR_CIV_PRESLAV_UNIQUE_INFLUENCE_ARMORY_PRODUCTION_Cos'),
('MINOR_CIV_PRESLAV_TRAIT', 'MINOR_CIV_PRESLAV_UNIQUE_INFLUENCE_MILITARY_ACADEMY_PRODUCTION_Cos');
INSERT INTO Modifiers (ModifierId, ModifierType, SubjectRequirementSetId) VALUES 	
('MINOR_CIV_PRESLAV_UNIQUE_INFLUENCE_BARRACKS_STABLE_PRODUCTION_Cos', 'MODIFIER_ALL_PLAYERS_ATTACH_MODIFIER', 'PLAYER_IS_SUZERAIN'),
('MINOR_CIV_PRESLAV_UNIQUE_INFLUENCE_ARMORY_PRODUCTION_Cos', 'MODIFIER_ALL_PLAYERS_ATTACH_MODIFIER', 'PLAYER_IS_SUZERAIN'),
('MINOR_CIV_PRESLAV_UNIQUE_INFLUENCE_MILITARY_ACADEMY_PRODUCTION_Cos', 'MODIFIER_ALL_PLAYERS_ATTACH_MODIFIER', 'PLAYER_IS_SUZERAIN');
INSERT INTO Modifiers (ModifierId, ModifierType, SubjectRequirementSetId) VALUES ('MINOR_CIV_PRESLAV_BARRACKS_STABLE_PRODUCTION_Cos', 'MODIFIER_PLAYER_CITIES_ADJUST_CITY_YIELD_PER_POPULATION', 'BUILDING_IS_BARRACKS_STABLE_MILITARITIC_CITY_STATE'),
('MINOR_CIV_PRESLAV_ARMORY_PRODUCTION_Cos', 'MODIFIER_PLAYER_CITIES_ADJUST_CITY_YIELD_PER_POPULATION', 'BUILDING_IS_ARMORY'),
('MINOR_CIV_PRESLAV_MILITARY_ACADEMY_PRODUCTION_Cos', 'MODIFIER_PLAYER_CITIES_ADJUST_CITY_YIELD_PER_POPULATION', 'BUILDING_IS_MILITARY_ACADEMY');
INSERT INTO ModifierArguments (ModifierId, Name, Value) VALUES
('MINOR_CIV_PRESLAV_UNIQUE_INFLUENCE_BARRACKS_STABLE_PRODUCTION_Cos', 'ModifierId', 'MINOR_CIV_PRESLAV_BARRACKS_STABLE_PRODUCTION_Cos'),
('MINOR_CIV_PRESLAV_UNIQUE_INFLUENCE_ARMORY_PRODUCTION_Cos', 'ModifierId', 'MINOR_CIV_PRESLAV_ARMORY_PRODUCTION_Cos'),
('MINOR_CIV_PRESLAV_UNIQUE_INFLUENCE_MILITARY_ACADEMY_PRODUCTION_Cos', 'ModifierId', 'MINOR_CIV_PRESLAV_MILITARY_ACADEMY_PRODUCTION_Cos');
INSERT INTO ModifierArguments (ModifierId, Name, Value) VALUES
('MINOR_CIV_PRESLAV_BARRACKS_STABLE_PRODUCTION_Cos', 'YieldType', 'YIELD_PRODUCTION'),
('MINOR_CIV_PRESLAV_BARRACKS_STABLE_PRODUCTION_Cos', 'Amount', '0.5'),
('MINOR_CIV_PRESLAV_ARMORY_PRODUCTION_Cos', 'YieldType', 'YIELD_PRODUCTION'),
('MINOR_CIV_PRESLAV_ARMORY_PRODUCTION_Cos', 'Amount', '0.5'),
('MINOR_CIV_PRESLAV_MILITARY_ACADEMY_PRODUCTION_Cos', 'YieldType', 'YIELD_PRODUCTION'),
('MINOR_CIV_PRESLAV_MILITARY_ACADEMY_PRODUCTION_Cos', 'Amount', '0.5');
--瓦莱塔--
--信仰买市政广场建筑
INSERT INTO TraitModifiers (TraitType, ModifierId) VALUES 
('MINOR_CIV_VALLETTA_TRAIT', 'MINOR_CIV_VALLETTA_UNIQUE_INFLUENCE_GOVERNMENT_BUILDINGS_BONUS_Cos');
INSERT INTO Modifiers (ModifierId, ModifierType, SubjectRequirementSetId) VALUES 	
('MINOR_CIV_VALLETTA_UNIQUE_INFLUENCE_GOVERNMENT_BUILDINGS_BONUS_Cos', 'MODIFIER_ALL_PLAYERS_ATTACH_MODIFIER', 'PLAYER_IS_SUZERAIN'),
('MINOR_CIV_VALLETTA_GOVERNMENT_BUILDINGS_BONUS_Cos', 'MODIFIER_PLAYER_CITIES_ENABLE_BUILDING_FAITH_PURCHASE', NULL);
INSERT INTO ModifierArguments (ModifierId, Name, Value) VALUES
('MINOR_CIV_VALLETTA_UNIQUE_INFLUENCE_GOVERNMENT_BUILDINGS_BONUS_Cos', 'ModifierId', 'MINOR_CIV_VALLETTA_GOVERNMENT_BUILDINGS_BONUS_Cos'),
('MINOR_CIV_VALLETTA_GOVERNMENT_BUILDINGS_BONUS_Cos', 'DistrictType', 'DISTRICT_GOVERNMENT');
--沃林--
--给50%点数
UPDATE ModifierArguments SET Value='50' WHERE ModifierId='WOLIN_GREAT_GENERAL_POINTS' AND Name='Amount';
UPDATE ModifierArguments SET Value='50' WHERE ModifierId='WOLIN_GREAT_ADMIRAL_POINTS' AND Name='Amount';
--科--
--安善--
--遗物、文物+2科
UPDATE ModifierArguments SET Value='2' WHERE ModifierId='MINOR_CIV_BABYLON_GREAT_WORK_ARTIFACT_SCIENCE' AND Name='YieldChange';
UPDATE ModifierArguments SET Value='2' WHERE ModifierId='MINOR_CIV_BABYLON_GREAT_WORK_RELIC_SCIENCE' AND Name='YieldChange';
--学院+1大文点
INSERT INTO TraitModifiers (TraitType, ModifierId) VALUES 
('MINOR_CIV_BABYLON_TRAIT', 'MINOR_CIV_ANSHAN_UNIQUE_INFLUENCE_GREAT_WRITER_Cos');
INSERT INTO Modifiers (ModifierId, ModifierType, SubjectRequirementSetId) VALUES 	
('MINOR_CIV_ANSHAN_UNIQUE_INFLUENCE_GREAT_WRITER_Cos', 'MODIFIER_ALL_PLAYERS_ATTACH_MODIFIER', 'PLAYER_IS_SUZERAIN'),
('MINOR_CIV_ANSHAN_GREAT_WRITER_Cos', 'MODIFIER_PLAYER_CITIES_ADJUST_GREAT_PERSON_POINT', 'CITY_HAS_CAMPUS_MACEDON');
INSERT INTO ModifierArguments (ModifierId, Name, Value) VALUES
('MINOR_CIV_ANSHAN_UNIQUE_INFLUENCE_GREAT_WRITER_Cos', 'ModifierId', 'MINOR_CIV_ANSHAN_GREAT_WRITER_Cos'),
('MINOR_CIV_ANSHAN_GREAT_WRITER_Cos', 'GreatPersonClassType', 'GREAT_PERSON_CLASS_WRITER'),
('MINOR_CIV_ANSHAN_GREAT_WRITER_Cos', 'Amount', '1');
--非斯--
--信教城市+1.5科技
INSERT INTO TraitModifiers (TraitType, ModifierId) VALUES 
('MINOR_CIV_FEZ_TRAIT', 'MINOR_CIV_FEZ_UNIQUE_INFLUENCE_BELIEF_YIELD_Cos');
INSERT INTO Modifiers (ModifierId, ModifierType, SubjectRequirementSetId) VALUES 	
('MINOR_CIV_FEZ_UNIQUE_INFLUENCE_BELIEF_YIELD_Cos', 'MODIFIER_ALL_PLAYERS_ATTACH_MODIFIER', 'PLAYER_IS_SUZERAIN'),
('MINOR_CIV_FEZ_BELIEF_YIELD_Cos', 'MODIFIER_PLAYER_RELIGION_ADD_RELIGIOUS_BELIEF_YIELD', NULL);
INSERT INTO ModifierArguments (ModifierId, Name, Value) VALUES
('MINOR_CIV_FEZ_UNIQUE_INFLUENCE_BELIEF_YIELD_Cos', 'ModifierId', 'MINOR_CIV_FEZ_BELIEF_YIELD_Cos'),
('MINOR_CIV_FEZ_BELIEF_YIELD_Cos', 'BeliefYieldType', 'BELIEF_YIELD_PER_CITY'),
('MINOR_CIV_FEZ_BELIEF_YIELD_Cos', 'YieldType', 'YIELD_SCIENCE'),
('MINOR_CIV_FEZ_BELIEF_YIELD_Cos', 'PerXItems', '1'),
('MINOR_CIV_FEZ_BELIEF_YIELD_Cos', 'Amount', '1.5');
INSERT INTO TraitModifiers (TraitType, ModifierId) VALUES 
('MINOR_CIV_FEZ_TRAIT', 'MINOR_CIV_FEZ_UNIQUE_INFLUENCE_FOREIGN_BELIEF_YIELD_Cos');
INSERT INTO Modifiers (ModifierId, ModifierType, SubjectRequirementSetId) VALUES 	
('MINOR_CIV_FEZ_UNIQUE_INFLUENCE_FOREIGN_BELIEF_YIELD_Cos', 'MODIFIER_ALL_PLAYERS_ATTACH_MODIFIER', 'PLAYER_IS_SUZERAIN'),
('MINOR_CIV_FEZ_FOREIGN_BELIEF_YIELD_Cos', 'MODIFIER_PLAYER_RELIGION_ADD_RELIGIOUS_BELIEF_YIELD', NULL);
INSERT INTO ModifierArguments (ModifierId, Name, Value) VALUES
('MINOR_CIV_FEZ_UNIQUE_INFLUENCE_FOREIGN_BELIEF_YIELD_Cos', 'ModifierId', 'MINOR_CIV_FEZ_FOREIGN_BELIEF_YIELD_Cos'),
('MINOR_CIV_FEZ_FOREIGN_BELIEF_YIELD_Cos', 'BeliefYieldType', 'BELIEF_YIELD_PER_FOREIGN_CITY'),
('MINOR_CIV_FEZ_FOREIGN_BELIEF_YIELD_Cos', 'YieldType', 'YIELD_SCIENCE'),
('MINOR_CIV_FEZ_FOREIGN_BELIEF_YIELD_Cos', 'PerXItems', '1'),
('MINOR_CIV_FEZ_FOREIGN_BELIEF_YIELD_Cos', 'Amount', '1.5');
--哈图沙--
--不管改良与否都加
UPDATE Modifiers SET SubjectRequirementSetId=NULL WHERE ModifierId='MINOR_CIV_HATTUSA_ALUMINUM_RESOURCE_XP2';
UPDATE Modifiers SET SubjectRequirementSetId=NULL WHERE ModifierId='MINOR_CIV_HATTUSA_COAL_RESOURCE_XP2';
UPDATE Modifiers SET SubjectRequirementSetId=NULL WHERE ModifierId='MINOR_CIV_HATTUSA_HORSES_RESOURCE_XP2';
UPDATE Modifiers SET SubjectRequirementSetId=NULL WHERE ModifierId='MINOR_CIV_HATTUSA_IRON_RESOURCE_XP2';
UPDATE Modifiers SET SubjectRequirementSetId=NULL WHERE ModifierId='MINOR_CIV_HATTUSA_NITER_RESOURCE_XP2';
UPDATE Modifiers SET SubjectRequirementSetId=NULL WHERE ModifierId='MINOR_CIV_HATTUSA_OIL_RESOURCE_XP2';
UPDATE Modifiers SET SubjectRequirementSetId=NULL WHERE ModifierId='MINOR_CIV_HATTUSA_URANIUM_RESOURCE_XP2';
--解锁全部战略
INSERT INTO TraitModifiers (TraitType, ModifierId) VALUES 
('MINOR_CIV_HATTUSA_TRAIT', 'MINOR_CIV_HATTUSA_UNIQUE_INFLUENCE_REVEAL_HORSE_Cos');
INSERT INTO Modifiers (ModifierId, ModifierType, SubjectRequirementSetId) VALUES 	
('MINOR_CIV_HATTUSA_UNIQUE_INFLUENCE_REVEAL_HORSE_Cos', 'MODIFIER_ALL_PLAYERS_ATTACH_MODIFIER', 'PLAYER_IS_SUZERAIN');
INSERT INTO Modifiers (ModifierId, ModifierType, RunOnce, Permanent) VALUES 	
('MINOR_CIV_HATTUSA_REVEAL_HORSE_Cos', 'MODIFIER_PLAYER_GRANT_FREE_RESOURCE_VISIBILITY', 1, 0);
INSERT INTO ModifierArguments (ModifierId, Name, Value) VALUES
('MINOR_CIV_HATTUSA_UNIQUE_INFLUENCE_REVEAL_HORSE_Cos', 'ModifierId', 'MINOR_CIV_HATTUSA_REVEAL_HORSE_Cos'),
('MINOR_CIV_HATTUSA_REVEAL_HORSE_Cos', 'ResourceType', 'RESOURCE_HORSES');
INSERT INTO TraitModifiers (TraitType, ModifierId) VALUES 
('MINOR_CIV_HATTUSA_TRAIT', 'MINOR_CIV_HATTUSA_UNIQUE_INFLUENCE_REVEAL_IRON_Cos');
INSERT INTO Modifiers (ModifierId, ModifierType, SubjectRequirementSetId) VALUES 	
('MINOR_CIV_HATTUSA_UNIQUE_INFLUENCE_REVEAL_IRON_Cos', 'MODIFIER_ALL_PLAYERS_ATTACH_MODIFIER', 'PLAYER_IS_SUZERAIN');
INSERT INTO Modifiers (ModifierId, ModifierType, RunOnce, Permanent) VALUES 	
('MINOR_CIV_HATTUSA_REVEAL_IRON_Cos', 'MODIFIER_PLAYER_GRANT_FREE_RESOURCE_VISIBILITY', 1, 0);
INSERT INTO ModifierArguments (ModifierId, Name, Value) VALUES
('MINOR_CIV_HATTUSA_UNIQUE_INFLUENCE_REVEAL_IRON_Cos', 'ModifierId', 'MINOR_CIV_HATTUSA_REVEAL_IRON_Cos'),
('MINOR_CIV_HATTUSA_REVEAL_IRON_Cos', 'ResourceType', 'RESOURCE_IRON');
INSERT INTO TraitModifiers (TraitType, ModifierId) VALUES 
('MINOR_CIV_HATTUSA_TRAIT', 'MINOR_CIV_HATTUSA_UNIQUE_INFLUENCE_REVEAL_NITER_Cos');
INSERT INTO Modifiers (ModifierId, ModifierType, SubjectRequirementSetId) VALUES 	
('MINOR_CIV_HATTUSA_UNIQUE_INFLUENCE_REVEAL_NITER_Cos', 'MODIFIER_ALL_PLAYERS_ATTACH_MODIFIER', 'PLAYER_IS_SUZERAIN');
INSERT INTO Modifiers (ModifierId, ModifierType, RunOnce, Permanent) VALUES 	
('MINOR_CIV_HATTUSA_REVEAL_NITER_Cos', 'MODIFIER_PLAYER_GRANT_FREE_RESOURCE_VISIBILITY', 1, 0);
INSERT INTO ModifierArguments (ModifierId, Name, Value) VALUES
('MINOR_CIV_HATTUSA_UNIQUE_INFLUENCE_REVEAL_NITER_Cos', 'ModifierId', 'MINOR_CIV_HATTUSA_REVEAL_NITER_Cos'),
('MINOR_CIV_HATTUSA_REVEAL_NITER_Cos', 'ResourceType', 'RESOURCE_NITER');
INSERT INTO TraitModifiers (TraitType, ModifierId) VALUES 
('MINOR_CIV_HATTUSA_TRAIT', 'MINOR_CIV_HATTUSA_UNIQUE_INFLUENCE_REVEAL_COAL_Cos');
INSERT INTO Modifiers (ModifierId, ModifierType, SubjectRequirementSetId) VALUES 	
('MINOR_CIV_HATTUSA_UNIQUE_INFLUENCE_REVEAL_COAL_Cos', 'MODIFIER_ALL_PLAYERS_ATTACH_MODIFIER', 'PLAYER_IS_SUZERAIN');
INSERT INTO Modifiers (ModifierId, ModifierType, RunOnce, Permanent) VALUES 	
('MINOR_CIV_HATTUSA_REVEAL_COAL_Cos', 'MODIFIER_PLAYER_GRANT_FREE_RESOURCE_VISIBILITY', 1, 0);
INSERT INTO ModifierArguments (ModifierId, Name, Value) VALUES
('MINOR_CIV_HATTUSA_UNIQUE_INFLUENCE_REVEAL_COAL_Cos', 'ModifierId', 'MINOR_CIV_HATTUSA_REVEAL_COAL_Cos'),
('MINOR_CIV_HATTUSA_REVEAL_COAL_Cos', 'ResourceType', 'RESOURCE_COAL');
INSERT INTO TraitModifiers (TraitType, ModifierId) VALUES 
('MINOR_CIV_HATTUSA_TRAIT', 'MINOR_CIV_HATTUSA_UNIQUE_INFLUENCE_REVEAL_OIL_Cos');
INSERT INTO Modifiers (ModifierId, ModifierType, SubjectRequirementSetId) VALUES 	
('MINOR_CIV_HATTUSA_UNIQUE_INFLUENCE_REVEAL_OIL_Cos', 'MODIFIER_ALL_PLAYERS_ATTACH_MODIFIER', 'PLAYER_IS_SUZERAIN');
INSERT INTO Modifiers (ModifierId, ModifierType, RunOnce, Permanent) VALUES 	
('MINOR_CIV_HATTUSA_REVEAL_OIL_Cos', 'MODIFIER_PLAYER_GRANT_FREE_RESOURCE_VISIBILITY', 1, 0);
INSERT INTO ModifierArguments (ModifierId, Name, Value) VALUES
('MINOR_CIV_HATTUSA_UNIQUE_INFLUENCE_REVEAL_OIL_Cos', 'ModifierId', 'MINOR_CIV_HATTUSA_REVEAL_OIL_Cos'),
('MINOR_CIV_HATTUSA_REVEAL_OIL_Cos', 'ResourceType', 'RESOURCE_OIL');
INSERT INTO TraitModifiers (TraitType, ModifierId) VALUES 
('MINOR_CIV_HATTUSA_TRAIT', 'MINOR_CIV_HATTUSA_UNIQUE_INFLUENCE_REVEAL_URANIUM_Cos');
INSERT INTO Modifiers (ModifierId, ModifierType, SubjectRequirementSetId) VALUES 	
('MINOR_CIV_HATTUSA_UNIQUE_INFLUENCE_REVEAL_URANIUM_Cos', 'MODIFIER_ALL_PLAYERS_ATTACH_MODIFIER', 'PLAYER_IS_SUZERAIN');
INSERT INTO Modifiers (ModifierId, ModifierType, RunOnce, Permanent) VALUES 	
('MINOR_CIV_HATTUSA_REVEAL_URANIUM_Cos', 'MODIFIER_PLAYER_GRANT_FREE_RESOURCE_VISIBILITY', 1, 0);
INSERT INTO ModifierArguments (ModifierId, Name, Value) VALUES
('MINOR_CIV_HATTUSA_UNIQUE_INFLUENCE_REVEAL_URANIUM_Cos', 'ModifierId', 'MINOR_CIV_HATTUSA_REVEAL_URANIUM_Cos'),
('MINOR_CIV_HATTUSA_REVEAL_URANIUM_Cos', 'ResourceType', 'RESOURCE_URANIUM');
INSERT INTO TraitModifiers (TraitType, ModifierId) VALUES 
('MINOR_CIV_HATTUSA_TRAIT', 'MINOR_CIV_HATTUSA_UNIQUE_INFLUENCE_REVEAL_ALUMINUM_Cos');
INSERT INTO Modifiers (ModifierId, ModifierType, SubjectRequirementSetId) VALUES 	
('MINOR_CIV_HATTUSA_UNIQUE_INFLUENCE_REVEAL_ALUMINUM_Cos', 'MODIFIER_ALL_PLAYERS_ATTACH_MODIFIER', 'PLAYER_IS_SUZERAIN');
INSERT INTO Modifiers (ModifierId, ModifierType, RunOnce, Permanent) VALUES 	
('MINOR_CIV_HATTUSA_REVEAL_ALUMINUM_Cos', 'MODIFIER_PLAYER_GRANT_FREE_RESOURCE_VISIBILITY', 1, 0);
INSERT INTO ModifierArguments (ModifierId, Name, Value) VALUES
('MINOR_CIV_HATTUSA_UNIQUE_INFLUENCE_REVEAL_ALUMINUM_Cos', 'ModifierId', 'MINOR_CIV_HATTUSA_REVEAL_ALUMINUM_Cos'),
('MINOR_CIV_HATTUSA_REVEAL_ALUMINUM_Cos', 'ResourceType', 'RESOURCE_ALUMINUM');
--米特拉--
--学院相邻粮食
INSERT INTO TraitModifiers (TraitType, ModifierId) VALUES 
('MINOR_CIV_PALENQUE_TRAIT', 'MINOR_CIV_PALENQUE_UNIQUE_INFLUENCE_FOOD_Cos');
INSERT INTO Modifiers (ModifierId, ModifierType, SubjectRequirementSetId) VALUES 	
('MINOR_CIV_PALENQUE_UNIQUE_INFLUENCE_FOOD_Cos', 'MODIFIER_ALL_PLAYERS_ATTACH_MODIFIER', 'PLAYER_IS_SUZERAIN'),
('MINOR_CIV_PALENQUE_FOOD_Cos', 'MODIFIER_PLAYER_DISTRICTS_ADJUST_YIELD_BASED_ON_ADJACENCY_BONUS', 'DISTRICT_IS_CAMPUS');
INSERT INTO ModifierArguments (ModifierId, Name, Value) VALUES
('MINOR_CIV_PALENQUE_UNIQUE_INFLUENCE_FOOD_Cos', 'ModifierId', 'MINOR_CIV_PALENQUE_FOOD_Cos'),
('MINOR_CIV_PALENQUE_FOOD_Cos', 'YieldTypeToMirror', 'YIELD_SCIENCE'),
('MINOR_CIV_PALENQUE_FOOD_Cos', 'YieldTypeToGrant', 'YIELD_FOOD');
--塔鲁加--
--改良战略资源+1科
INSERT INTO TraitModifiers (TraitType, ModifierId) VALUES 
('MINOR_CIV_TARUGA_TRAIT', 'MINOR_CIV_TARUGA_UNIQUE_INFLUENCE_SCIENCE_STRATEGIC_Cos');
INSERT INTO Modifiers (ModifierId, ModifierType, SubjectRequirementSetId) VALUES 	
('MINOR_CIV_TARUGA_UNIQUE_INFLUENCE_SCIENCE_STRATEGIC_Cos', 'MODIFIER_ALL_PLAYERS_ATTACH_MODIFIER', 'PLAYER_IS_SUZERAIN');
INSERT INTO Modifiers (ModifierId, ModifierType, SubjectRequirementSetId) VALUES ('MINOR_CIV_TARUGA_SCIENCE_STRATEGIC_Cos', 'MODIFIER_PLAYER_ADJUST_PLOT_YIELD', 'PLOT_HAS_STRATEGIC_IMPROVED_REQUIREMENTS');
INSERT INTO ModifierArguments (ModifierId, Name, Value) VALUES
('MINOR_CIV_TARUGA_UNIQUE_INFLUENCE_SCIENCE_STRATEGIC_Cos', 'ModifierId', 'MINOR_CIV_TARUGA_SCIENCE_STRATEGIC_Cos');
INSERT INTO ModifierArguments (ModifierId, Name, Value) VALUES
('MINOR_CIV_TARUGA_SCIENCE_STRATEGIC_Cos', 'YieldType', 'YIELD_SCIENCE'),
('MINOR_CIV_TARUGA_SCIENCE_STRATEGIC_Cos', 'Amount', '1');
--商--
--罕萨--
--1格+0.35金
UPDATE ModifierArguments SET Value='0.35' WHERE ModifierId='MINOR_CIV_HUNZA_GOLD_FROM_TRADE_ROUTE_LENGTH' AND Name='Amount';
--马斯喀特--
--港口加宜居
INSERT INTO TraitModifiers (TraitType, ModifierId) VALUES 
('MINOR_CIV_MUSCAT_TRAIT', 'MINOR_CIV_MUSCAT_UNIQUE_INFLUENCE_BONUS_Cos');
INSERT INTO Modifiers (ModifierId, ModifierType, SubjectRequirementSetId) VALUES 	
('MINOR_CIV_MUSCAT_UNIQUE_INFLUENCE_BONUS_Cos', 'MODIFIER_ALL_PLAYERS_ATTACH_MODIFIER', 'PLAYER_IS_SUZERAIN');
INSERT INTO Modifiers (ModifierId, ModifierType, SubjectRequirementSetId) VALUES ('MINOR_CIV_MUSCAT_HARBOR_AMENITY_BONUS_Cos', 'MODIFIER_PLAYER_CITIES_ADJUST_CITY_AMENITIES_FROM_CITY_STATES', 'THIS_CITY_HAS_HARBOR');
INSERT INTO ModifierArguments (ModifierId, Name, Value) VALUES
('MINOR_CIV_MUSCAT_UNIQUE_INFLUENCE_BONUS_Cos', 'ModifierId', 'MINOR_CIV_MUSCAT_HARBOR_AMENITY_BONUS_Cos');
INSERT INTO ModifierArguments (ModifierId, Name, Value) VALUES
('MINOR_CIV_MUSCAT_HARBOR_AMENITY_BONUS_Cos', 'Amount', '1');
--摩加迪沙--
--+3商路容量
INSERT INTO TraitModifiers (TraitType, ModifierId) VALUES 
('MINOR_CIV_LISBON_TRAIT', 'MINOR_CIV_MOGADISHU_UNIQUE_INFLUENCE_BONUS_Cos');
INSERT INTO Modifiers (ModifierId, ModifierType, SubjectRequirementSetId) VALUES 	
('MINOR_CIV_MOGADISHU_UNIQUE_INFLUENCE_BONUS_Cos', 'MODIFIER_ALL_PLAYERS_ATTACH_MODIFIER', 'PLAYER_IS_SUZERAIN');
INSERT INTO Modifiers (ModifierId, ModifierType, SubjectRequirementSetId) VALUES ('MINOR_CIV_MOGADISHU_TRADE_ROUTE_CAPACITY_Cos', 'MODIFIER_PLAYER_ADJUST_TRADE_ROUTE_CAPACITY', NULL);
INSERT INTO ModifierArguments (ModifierId, Name, Value) VALUES
('MINOR_CIV_MOGADISHU_UNIQUE_INFLUENCE_BONUS_Cos', 'ModifierId', 'MINOR_CIV_MOGADISHU_TRADE_ROUTE_CAPACITY_Cos');
INSERT INTO ModifierArguments (ModifierId, Name, Value) VALUES
('MINOR_CIV_MOGADISHU_TRADE_ROUTE_CAPACITY_Cos', 'Amount', '3');
--斯里巴加湾--
--国内贸易站+1锤
INSERT INTO TraitModifiers (TraitType, ModifierId) VALUES 
('MINOR_CIV_JAKARTA_TRAIT', 'MINOR_CIV_BANDAR_UNIQUE_INFLUENCE_POST_Cos');
INSERT INTO Modifiers (ModifierId, ModifierType, SubjectRequirementSetId) VALUES 	
('MINOR_CIV_BANDAR_UNIQUE_INFLUENCE_POST_Cos', 'MODIFIER_ALL_PLAYERS_ATTACH_MODIFIER', 'PLAYER_IS_SUZERAIN');
INSERT INTO Modifiers (ModifierId, ModifierType, SubjectRequirementSetId) VALUES ('MINOR_CIV_BANDAR_POST_Cos', 'MODIFIER_PLAYER_ADJUST_TRADE_ROUTE_YIELD_PER_POST_IN_OWN_CITY', NULL);
INSERT INTO ModifierArguments (ModifierId, Name, Value) VALUES
('MINOR_CIV_BANDAR_UNIQUE_INFLUENCE_POST_Cos', 'ModifierId', 'MINOR_CIV_BANDAR_POST_Cos');
INSERT INTO ModifierArguments (ModifierId, Name, Value) VALUES
('MINOR_CIV_BANDAR_POST_Cos', 'YieldType', 'YIELD_PRODUCTION'),
('MINOR_CIV_BANDAR_POST_Cos', 'Amount', '1');
--国外贸易站+3金
UPDATE ModifierArguments SET Value='3' WHERE ModifierId='MINOR_CIV_JAKARTA_TRADING_POST_BONUS' AND Name='Amount';
--威尼斯--
--目的地每个奢侈品+0.6文
INSERT INTO TraitModifiers (TraitType, ModifierId) VALUES 
('MINOR_CIV_ANTIOCH_TRAIT', 'MINOR_CIV_ANTIOCH_UNIQUE_INFLUENCE_CULTURE_Cos');
INSERT INTO Modifiers (ModifierId, ModifierType, SubjectRequirementSetId) VALUES 	
('MINOR_CIV_ANTIOCH_UNIQUE_INFLUENCE_CULTURE_Cos', 'MODIFIER_ALL_PLAYERS_ATTACH_MODIFIER', 'PLAYER_IS_SUZERAIN');
INSERT INTO Modifiers (ModifierId, ModifierType, SubjectRequirementSetId) VALUES ('MINOR_CIV_ANTIOCH_CULTURE_Cos', 'MODIFIER_PLAYER_CITIES_ADJUST_TRADE_ROUTE_YIELD_PER_DESTINATION_LUXURY_FOR_INTERNATIONAL', NULL);
INSERT INTO ModifierArguments (ModifierId, Name, Value) VALUES
('MINOR_CIV_ANTIOCH_UNIQUE_INFLUENCE_CULTURE_Cos', 'ModifierId', 'MINOR_CIV_ANTIOCH_CULTURE_Cos');
INSERT INTO ModifierArguments (ModifierId, Name, Value) VALUES
('MINOR_CIV_ANTIOCH_CULTURE_Cos', 'YieldType', 'YIELD_CULTURE'),
('MINOR_CIV_ANTIOCH_CULTURE_Cos', 'Amount', '0.6');
--文--
--阿瑜陀耶--
--15%文
UPDATE ModifierArguments SET Value='15' WHERE ModifierId='MINOR_CIV_AYUTTHAYA_CULTURE_COMPLETE_BUILDING' AND Name='BuildingProductionPercent';
--摩亨朱达罗--
--每人口0.3文
INSERT INTO TraitModifiers (TraitType, ModifierId) VALUES 
('MINOR_CIV_MOHENJO_DARO_TRAIT', 'MINOR_CIV_MOHENJO_DARO_UNIQUE_INFLUENCE_CULTURE_Cos');
INSERT INTO Modifiers (ModifierId, ModifierType, SubjectRequirementSetId) VALUES 	
('MINOR_CIV_MOHENJO_DARO_UNIQUE_INFLUENCE_CULTURE_Cos', 'MODIFIER_ALL_PLAYERS_ATTACH_MODIFIER', 'PLAYER_IS_SUZERAIN');
INSERT INTO Modifiers (ModifierId, ModifierType, SubjectRequirementSetId) VALUES 
('MINOR_CIV_MOHENJO_DARO_CULTURE_Cos', 'MODIFIER_PLAYER_CITIES_ADJUST_CITY_YIELD_PER_POPULATION', NULL);
INSERT INTO ModifierArguments (ModifierId, Name, Value) VALUES
('MINOR_CIV_MOHENJO_DARO_UNIQUE_INFLUENCE_CULTURE_Cos', 'ModifierId', 'MINOR_CIV_MOHENJO_DARO_CULTURE_Cos');
INSERT INTO ModifierArguments (ModifierId, Name, Value) VALUES
('MINOR_CIV_MOHENJO_DARO_CULTURE_Cos', 'YieldType', 'YIELD_CULTURE'),
('MINOR_CIV_MOHENJO_DARO_CULTURE_Cos', 'Amount', '0.3');
--维尔纽斯
--剧院加0.5同盟点数
INSERT INTO TraitModifiers (TraitType, ModifierId) VALUES 
('MINOR_CIV_VILNIUS_TRAIT', 'MINOR_CIV_VILNIUS_UNIQUE_INFLUENCE_ALLIANCE_POINTS_Cos');
INSERT INTO Modifiers (ModifierId, ModifierType, SubjectRequirementSetId) VALUES 	
('MINOR_CIV_VILNIUS_UNIQUE_INFLUENCE_ALLIANCE_POINTS_Cos', 'MODIFIER_ALL_PLAYERS_ATTACH_MODIFIER', 'PLAYER_IS_SUZERAIN');
INSERT INTO Modifiers (ModifierId, ModifierType, SubjectRequirementSetId) VALUES 
('MINOR_CIV_VILNIUS_ALLIANCE_POINTS_Cos', 'MODIFIER_PLAYER_CITIES_ADJUST_ALLIANCE_POINTS_Cos', 'CITY_HAS_THEATER_DISTRICT_MACEDON');
INSERT INTO Types (Type,Kind) VALUES
('MODIFIER_PLAYER_CITIES_ADJUST_ALLIANCE_POINTS_Cos', 'KIND_MODIFIER');
INSERT INTO DynamicModifiers (ModifierType, CollectionType, EffectType) VALUES
('MODIFIER_PLAYER_CITIES_ADJUST_ALLIANCE_POINTS_Cos', 'COLLECTION_PLAYER_CITIES', 'EFFECT_ADJUST_ALLIANCE_POINTS_FOR_MODIFIER');
INSERT INTO ModifierArguments (ModifierId, Name, Value) VALUES
('MINOR_CIV_VILNIUS_UNIQUE_INFLUENCE_ALLIANCE_POINTS_Cos', 'ModifierId', 'MINOR_CIV_VILNIUS_ALLIANCE_POINTS_Cos');
INSERT INTO ModifierArguments (ModifierId, Name, Value) VALUES
('MINOR_CIV_VILNIUS_ALLIANCE_POINTS_Cos', 'Amount', '2');
--宗--
--埃里温--
--宗教单位+1速
INSERT INTO TraitModifiers (TraitType, ModifierId) VALUES 
('MINOR_CIV_YEREVAN_TRAIT', 'MINOR_CIV_YEREVAN_UNIQUE_INFLUENCE_RELIGIOUS_SPEED_Cos');
INSERT INTO Modifiers (ModifierId, ModifierType, SubjectRequirementSetId) VALUES 	
('MINOR_CIV_YEREVAN_UNIQUE_INFLUENCE_RELIGIOUS_SPEED_Cos', 'MODIFIER_ALL_PLAYERS_ATTACH_MODIFIER', 'PLAYER_IS_SUZERAIN');
INSERT INTO Modifiers (ModifierId, ModifierType, SubjectRequirementSetId) VALUES ('MINOR_CIV_YEREVAN_RELIGIOUS_SPEED_Cos', 'MODIFIER_PLAYER_UNITS_ADJUST_MOVEMENT', 'UNIT_IS_RELIGIOUS');
INSERT INTO ModifierArguments (ModifierId, Name, Value) VALUES
('MINOR_CIV_YEREVAN_UNIQUE_INFLUENCE_RELIGIOUS_SPEED_Cos', 'ModifierId', 'MINOR_CIV_YEREVAN_RELIGIOUS_SPEED_Cos');
INSERT INTO ModifierArguments (ModifierId, Name, Value) VALUES
('MINOR_CIV_YEREVAN_RELIGIOUS_SPEED_Cos', 'Amount', '1');
--耶路撒冷--
--圣地使本城所有区域+2信仰
INSERT INTO TraitModifiers (TraitType, ModifierId) VALUES 
('MINOR_CIV_JERUSALEM_TRAIT', 'MINOR_CIV_JERUSALEM_UNIQUE_INFLUENCE_FAITH_Cos');
INSERT INTO Modifiers (ModifierId, ModifierType, SubjectRequirementSetId) VALUES
('MINOR_CIV_JERUSALEM_UNIQUE_INFLUENCE_FAITH_Cos', 'MODIFIER_ALL_PLAYERS_ATTACH_MODIFIER', 'PLAYER_IS_SUZERAIN');
INSERT INTO Modifiers (ModifierId, ModifierType, SubjectRequirementSetId) VALUES
('MINOR_CIV_JERUSALEM_FAITH_Cos', 'MODIFIER_PLAYER_CITIES_ADJUST_CITY_YIELD_PER_DISTRICT', 'CITY_HAS_HOLY_SITE_MACEDON');
INSERT INTO ModifierArguments (ModifierId, Name, Value) VALUES
('MINOR_CIV_JERUSALEM_UNIQUE_INFLUENCE_FAITH_Cos', 'ModifierId', 'MINOR_CIV_JERUSALEM_FAITH_Cos');
INSERT INTO ModifierArguments (ModifierId, Name, Value) VALUES
('MINOR_CIV_JERUSALEM_FAITH_Cos', 'YieldType', 'YIELD_FAITH'),
('MINOR_CIV_JERUSALEM_FAITH_Cos', 'Amount', '2');
--梵蒂冈城
--伟人+4移速
INSERT INTO TraitModifiers (TraitType, ModifierId) VALUES 
('MINOR_CIV_VATICAN_CITY_TRAIT', 'MINOR_CIV_VATICAN_CITY_UNIQUE_INFLUENCE_GREAT_PERSON_SPEED_Cos');
INSERT INTO Modifiers (ModifierId, ModifierType, SubjectRequirementSetId) VALUES 	
('MINOR_CIV_VATICAN_CITY_UNIQUE_INFLUENCE_GREAT_PERSON_SPEED_Cos', 'MODIFIER_ALL_PLAYERS_ATTACH_MODIFIER', 'PLAYER_IS_SUZERAIN');
INSERT INTO Modifiers (ModifierId, ModifierType, SubjectRequirementSetId) VALUES
('MINOR_CIV_VATICAN_CITY_GREAT_PERSON_SPEED_Cos', 'MODIFIER_PLAYER_UNITS_ADJUST_MOVEMENT', 'UNIT_IS_GREAT_PERSON_Cos');
INSERT INTO ModifierArguments (ModifierId, Name, Value) VALUES
('MINOR_CIV_VATICAN_CITY_UNIQUE_INFLUENCE_GREAT_PERSON_SPEED_Cos', 'ModifierId', 'MINOR_CIV_VATICAN_CITY_GREAT_PERSON_SPEED_Cos');
INSERT INTO ModifierArguments (ModifierId, Name, Value) VALUES
('MINOR_CIV_VATICAN_CITY_GREAT_PERSON_SPEED_Cos', 'Amount', '4');
INSERT INTO RequirementSets (RequirementSetId , RequirementSetType)
	VALUES ('UNIT_IS_GREAT_PERSON_Cos' , 'REQUIREMENTSET_TEST_ANY');
INSERT INTO RequirementSetRequirements (RequirementSetId , RequirementId) VALUES
('UNIT_IS_GREAT_PERSON_Cos', 'REQUIREMENT_UNIT_IS_ADMIRAL'),
('UNIT_IS_GREAT_PERSON_Cos', 'REQUIREMENT_UNIT_IS_ENGINEER'),
('UNIT_IS_GREAT_PERSON_Cos', 'REQUIREMENT_UNIT_IS_GREAT_GENERAL'),
('UNIT_IS_GREAT_PERSON_Cos', 'REQUIREMENT_UNIT_IS_SCIENTIST_CosFrance'),
('UNIT_IS_GREAT_PERSON_Cos', 'REQUIREMENT_UNIT_IS_MERCHANT_CosFrance'),
('UNIT_IS_GREAT_PERSON_Cos', 'REQUIREMENT_UNIT_IS_PROPHET_CosFrance'),
('UNIT_IS_GREAT_PERSON_Cos', 'REQUIREMENT_UNIT_IS_WRITER_CosFrance'),
('UNIT_IS_GREAT_PERSON_Cos', 'REQUIREMENT_UNIT_IS_ARTIST_CosFrance'),
('UNIT_IS_GREAT_PERSON_Cos', 'REQUIREMENT_UNIT_IS_MUSICIAN_CosFrance'),
('UNIT_IS_GREAT_PERSON_Cos', 'REQUIREMENT_UNIT_IS_COMANDANTE_GENERAL_CosFrance');
INSERT INTO Requirements (RequirementId , RequirementType) VALUES
('REQUIREMENT_UNIT_IS_PROPHET_CosFrance' , 'REQUIREMENT_GREAT_PERSON_TYPE_MATCHES'),
('REQUIREMENT_UNIT_IS_WRITER_CosFrance' , 'REQUIREMENT_GREAT_PERSON_TYPE_MATCHES'),
('REQUIREMENT_UNIT_IS_ARTIST_CosFrance' , 'REQUIREMENT_GREAT_PERSON_TYPE_MATCHES'),
('REQUIREMENT_UNIT_IS_MUSICIAN_CosFrance' , 'REQUIREMENT_GREAT_PERSON_TYPE_MATCHES'),
('REQUIREMENT_UNIT_IS_COMANDANTE_GENERAL_CosFrance' , 'REQUIREMENT_GREAT_PERSON_TYPE_MATCHES');
INSERT INTO RequirementArguments (RequirementId, Name, Value) VALUES
('REQUIREMENT_UNIT_IS_PROPHET_CosFrance' , 'GreatPersonClassType' , 'GREAT_PERSON_CLASS_PROPHET'),
('REQUIREMENT_UNIT_IS_WRITER_CosFrance' , 'GreatPersonClassType' , 'GREAT_PERSON_CLASS_WRITER'),
('REQUIREMENT_UNIT_IS_ARTIST_CosFrance' , 'GreatPersonClassType' , 'GREAT_PERSON_CLASS_ARTIST'),
('REQUIREMENT_UNIT_IS_MUSICIAN_CosFrance' , 'GreatPersonClassType' , 'GREAT_PERSON_CLASS_MUSICIAN'),
('REQUIREMENT_UNIT_IS_COMANDANTE_GENERAL_CosFrance' , 'GreatPersonClassType' , 'GREAT_PERSON_CLASS_COMANDANTE_GENERAL');