/* --测试模式，就职时间为2
UPDATE Governors SET TransitionStrength=200; */
--平伽拉--
--策展人--
--文物加旅游业绩
INSERT INTO GovernorPromotionModifiers (GovernorPromotionType, ModifierId) VALUES
('GOVERNOR_PROMOTION_MERCHANT_CURATOR', 'CURATOR_DOUBLE_ARTIFACT_TOURISM_Cos');
INSERT INTO Modifiers (ModifierId , ModifierType ,SubjectRequirementSetId) VALUES
('CURATOR_DOUBLE_ARTIFACT_TOURISM_Cos', 'MODIFIER_SINGLE_CITY_ADJUST_TOURISM', NULL);
INSERT INTO ModifierArguments (ModifierId , Name , Value) VALUES
('CURATOR_DOUBLE_ARTIFACT_TOURISM_Cos' , 'GreatWorkObjectType', 'GREATWORKOBJECT_ARTIFACT'),
('CURATOR_DOUBLE_ARTIFACT_TOURISM_Cos', 'ScalingFactor', '200');
--书画音乐文物+2文
INSERT INTO GovernorPromotionModifiers (GovernorPromotionType, ModifierId) VALUES
('GOVERNOR_PROMOTION_MERCHANT_CURATOR', 'CURATOR_SCULPTURE_CULTURE_Cos'),
('GOVERNOR_PROMOTION_MERCHANT_CURATOR', 'CURATOR_ARTIFACT_CULTURE_Cos'),
('GOVERNOR_PROMOTION_MERCHANT_CURATOR', 'CURATOR_PORTRAIT_CULTURE_Cos'),
('GOVERNOR_PROMOTION_MERCHANT_CURATOR', 'CURATOR_LANDSCAPE_CULTURE_Cos'),
('GOVERNOR_PROMOTION_MERCHANT_CURATOR', 'CURATOR_RELIGIOUS_CULTURE_Cos'),
('GOVERNOR_PROMOTION_MERCHANT_CURATOR', 'CURATOR_WRITING_CULTURE_Cos'),
('GOVERNOR_PROMOTION_MERCHANT_CURATOR', 'CURATOR_MUSIC_CULTURE_Cos');
INSERT INTO Modifiers (ModifierId , ModifierType ,SubjectRequirementSetId) VALUES
('CURATOR_SCULPTURE_CULTURE_Cos', 'MODIFIER_SINGLE_CITY_ADJUST_GREATWORK_YIELD', NULL),
('CURATOR_ARTIFACT_CULTURE_Cos', 'MODIFIER_SINGLE_CITY_ADJUST_GREATWORK_YIELD', NULL),
('CURATOR_PORTRAIT_CULTURE_Cos', 'MODIFIER_SINGLE_CITY_ADJUST_GREATWORK_YIELD', NULL),
('CURATOR_LANDSCAPE_CULTURE_Cos', 'MODIFIER_SINGLE_CITY_ADJUST_GREATWORK_YIELD', NULL),
('CURATOR_RELIGIOUS_CULTURE_Cos', 'MODIFIER_SINGLE_CITY_ADJUST_GREATWORK_YIELD', NULL),
('CURATOR_WRITING_CULTURE_Cos', 'MODIFIER_SINGLE_CITY_ADJUST_GREATWORK_YIELD', NULL),
('CURATOR_MUSIC_CULTURE_Cos', 'MODIFIER_SINGLE_CITY_ADJUST_GREATWORK_YIELD', NULL);
INSERT INTO ModifierArguments (ModifierId , Name , Value) VALUES
('CURATOR_SCULPTURE_CULTURE_Cos' , 'GreatWorkObjectType', 'GREATWORKOBJECT_SCULPTURE'),
('CURATOR_SCULPTURE_CULTURE_Cos', 'YieldType', 'YIELD_CULTURE'),
('CURATOR_SCULPTURE_CULTURE_Cos', 'YieldChange', '2'),
('CURATOR_ARTIFACT_CULTURE_Cos' , 'GreatWorkObjectType', 'GREATWORKOBJECT_ARTIFACT'),
('CURATOR_ARTIFACT_CULTURE_Cos', 'YieldType', 'YIELD_CULTURE'),
('CURATOR_ARTIFACT_CULTURE_Cos', 'YieldChange', '2'),
('CURATOR_PORTRAIT_CULTURE_Cos' , 'GreatWorkObjectType', 'GREATWORKOBJECT_PORTRAIT'),
('CURATOR_PORTRAIT_CULTURE_Cos', 'YieldType', 'YIELD_CULTURE'),
('CURATOR_PORTRAIT_CULTURE_Cos', 'YieldChange', '2'),
('CURATOR_LANDSCAPE_CULTURE_Cos' , 'GreatWorkObjectType', 'GREATWORKOBJECT_LANDSCAPE'),
('CURATOR_LANDSCAPE_CULTURE_Cos', 'YieldType', 'YIELD_CULTURE'),
('CURATOR_LANDSCAPE_CULTURE_Cos', 'YieldChange', '2'),
('CURATOR_RELIGIOUS_CULTURE_Cos' , 'GreatWorkObjectType', 'GREATWORKOBJECT_RELIGIOUS'),
('CURATOR_RELIGIOUS_CULTURE_Cos', 'YieldType', 'YIELD_CULTURE'),
('CURATOR_RELIGIOUS_CULTURE_Cos', 'YieldChange', '2'),
('CURATOR_WRITING_CULTURE_Cos' , 'GreatWorkObjectType', 'GREATWORKOBJECT_WRITING'),
('CURATOR_WRITING_CULTURE_Cos', 'YieldType', 'YIELD_CULTURE'),
('CURATOR_WRITING_CULTURE_Cos', 'YieldChange', '2'),
('CURATOR_MUSIC_CULTURE_Cos' , 'GreatWorkObjectType', 'GREATWORKOBJECT_MUSIC'),
('CURATOR_MUSIC_CULTURE_Cos', 'YieldType', 'YIELD_CULTURE'),
('CURATOR_MUSIC_CULTURE_Cos', 'YieldChange', '2');
--马格努斯--
--4回合就职
UPDATE Governors SET TransitionStrength=125 WHERE GovernorType='GOVERNOR_THE_RESOURCE_MANAGER';
--给养保障--
--本城生产平民单位+1速
INSERT INTO GovernorPromotionModifiers (GovernorPromotionType, ModifierId) VALUES
('GOVERNOR_PROMOTION_RESOURCE_MANAGER_EXPEDITION', 'EXPEDITION_CIVILIAN_SPEED_Cos');
INSERT INTO Modifiers (ModifierId , ModifierType ,SubjectRequirementSetId, Permanent) VALUES
('EXPEDITION_CIVILIAN_SPEED_Cos', 'MODIFIER_SINGLE_CITY_GRANT_ABILITY_FOR_TRAINED_UNITS', NULL, 1),
('EXPEDITION_CIVILIAN_MOVEMENT_BONUS_Cos', 'MODIFIER_PLAYER_UNIT_ADJUST_MOVEMENT', NULL, 0);
INSERT INTO ModifierArguments (ModifierId , Name , Value) VALUES
('EXPEDITION_CIVILIAN_SPEED_Cos' , 'AbilityType', 'ABILITY_EXPEDITION_CIVILIAN_MOVEMENT_BONUS_Cos'),
('EXPEDITION_CIVILIAN_MOVEMENT_BONUS_Cos', 'Amount', '1');
INSERT INTO Types (Type, Kind) VALUES
('ABILITY_EXPEDITION_CIVILIAN_MOVEMENT_BONUS_Cos', 'KIND_ABILITY');
INSERT INTO TypeTags (Type, Tag) VALUES
('ABILITY_EXPEDITION_CIVILIAN_MOVEMENT_BONUS_Cos', 'CLASS_CIVILIAN_Cos');
INSERT INTO UnitAbilityModifiers (UnitAbilityType, ModifierId) VALUES
('ABILITY_EXPEDITION_CIVILIAN_MOVEMENT_BONUS_Cos', 'EXPEDITION_CIVILIAN_MOVEMENT_BONUS_Cos');
INSERT INTO UnitAbilities (UnitAbilityType, Name ,Description ,Inactive) VALUES
('ABILITY_EXPEDITION_CIVILIAN_MOVEMENT_BONUS_Cos', 'LOC_ABILITY_EXPEDITION_CIVILIAN_MOVEMENT_BONUS_NAME_Cos','LOC_ABILITY_EXPEDITION_CIVILIAN_MOVEMENT_BONUS_DESCRIPTION_Cos',1);
--盈余物流--
--内商+2锤
INSERT INTO GovernorPromotionModifiers (GovernorPromotionType, ModifierId) VALUES
('GOVERNOR_PROMOTION_RESOURCE_MANAGER_SURPLUS_LOGISTICS', 'SURPLUS_LOGISTICS_TRADE_ROUTE_PRODUCTION_Cos');
INSERT INTO Modifiers (ModifierId , ModifierType ,SubjectRequirementSetId) VALUES
('SURPLUS_LOGISTICS_TRADE_ROUTE_PRODUCTION_Cos', 'MODIFIER_SINGLE_CITY_ADJUST_TRADE_ROUTE_YIELD_TO_OTHERS', NULL);
INSERT INTO ModifierArguments (ModifierId , Name , Value) VALUES
('SURPLUS_LOGISTICS_TRADE_ROUTE_PRODUCTION_Cos', 'YieldType', 'YIELD_PRODUCTION'),
('SURPLUS_LOGISTICS_TRADE_ROUTE_PRODUCTION_Cos', 'Amount', '2'),
('SURPLUS_LOGISTICS_TRADE_ROUTE_PRODUCTION_Cos', 'Domestic', '1');
--黑市商人--
--本城改良资源+1锤
INSERT INTO GovernorPromotionModifiers (GovernorPromotionType, ModifierId) VALUES
('GOVERNOR_PROMOTION_RESOURCE_MANAGER_BLACK_MARKETEER', 'BLACK_MARKETEER_RESOURCE_PRODUCTION_Cos');
INSERT INTO Modifiers (ModifierId , ModifierType ,SubjectRequirementSetId) VALUES
('BLACK_MARKETEER_RESOURCE_PRODUCTION_Cos', 'MODIFIER_CITY_PLOT_YIELDS_ADJUST_PLOT_YIELD', 'PLOT_IMPROVED_RESOURCE_REQUIREMENTS_Cos');
INSERT INTO RequirementSets (RequirementSetId , RequirementSetType)
	VALUES ('PLOT_IMPROVED_RESOURCE_REQUIREMENTS_Cos' , 'REQUIREMENTSET_TEST_ALL');
INSERT INTO RequirementSetRequirements (RequirementSetId , RequirementId) VALUES
('PLOT_IMPROVED_RESOURCE_REQUIREMENTS_Cos', 'REQUIRES_PLOT_HAS_VISIBLE_RESOURCE'),
('PLOT_IMPROVED_RESOURCE_REQUIREMENTS_Cos', 'REQUIRES_PLOT_HAS_IMPROVEMENT_Cos');
INSERT INTO ModifierArguments (ModifierId , Name , Value) VALUES
('BLACK_MARKETEER_RESOURCE_PRODUCTION_Cos', 'YieldType', 'YIELD_PRODUCTION'),
('BLACK_MARKETEER_RESOURCE_PRODUCTION_Cos', 'Amount', '1');
--实业家--
--每人口+1锤
INSERT INTO GovernorPromotionModifiers (GovernorPromotionType, ModifierId) VALUES
('GOVERNOR_PROMOTION_RESOURCE_MANAGER_INDUSTRIALIST', 'INDUSTRIALIST_PRODUCTION_CITIZEN_Cos');
INSERT INTO Modifiers (ModifierId , ModifierType ,SubjectRequirementSetId) VALUES
('INDUSTRIALIST_PRODUCTION_CITIZEN_Cos', 'MODIFIER_SINGLE_CITY_ADJUST_CITY_YIELD_PER_POPULATION', NULL);
INSERT INTO ModifierArguments (ModifierId , Name , Value) VALUES
('INDUSTRIALIST_PRODUCTION_CITIZEN_Cos', 'YieldType', 'YIELD_PRODUCTION'),
('INDUSTRIALIST_PRODUCTION_CITIZEN_Cos', 'Amount', '1');
--莫克夏--
--大主教--
--市中心和专业化区域给大仙点
INSERT INTO GovernorPromotionModifiers (GovernorPromotionType, ModifierId) VALUES
('GOVERNOR_PROMOTION_CARDINAL_BISHOP', 'CARDINAL_BISHOP_GREAT_PERSON_POINTS_DISTRICT_Cos');
INSERT INTO Modifiers (ModifierId , ModifierType ,SubjectRequirementSetId) VALUES
('CARDINAL_BISHOP_GREAT_PERSON_POINTS_DISTRICT_Cos', 'MODIFIER_SINGLE_CITY_DISTRICTS_ADJUST_GREAT_PERSON_POINTS', 'DISTRICT_IS_CITY_CENTER_SPECIALTY_DISTRICT_Cos');
INSERT INTO ModifierArguments (ModifierId , Name , Value) VALUES
('CARDINAL_BISHOP_GREAT_PERSON_POINTS_DISTRICT_Cos', 'GreatPersonClassType', 'GREAT_PERSON_CLASS_PROPHET'),
('CARDINAL_BISHOP_GREAT_PERSON_POINTS_DISTRICT_Cos', 'Amount', '1');
--按手礼--
--和主保圣人合并
INSERT INTO GovernorPromotionModifiers (GovernorPromotionType, ModifierId) VALUES
('GOVERNOR_PROMOTION_CARDINAL_BISHOP', 'CARDINAL_PATRON_SAINT_PROMOTION');
--大审判官--
--信仰买平民
INSERT INTO GovernorPromotionModifiers (GovernorPromotionType, ModifierId) VALUES
('GOVERNOR_PROMOTION_CARDINAL_GRAND_INQUISITOR', 'CARDINAL_GRAND_INQUISITOR_FAITH_PURCHASE_Cos');
INSERT INTO Modifiers (ModifierId , ModifierType) VALUES 
('CARDINAL_GRAND_INQUISITOR_FAITH_PURCHASE_Cos' , 'MODIFIER_SINGLE_CITY_ENABLE_UNIT_FAITH_PURCHASE_Cos');
INSERT INTO ModifierArguments (ModifierId , Name , Value) VALUES 
('CARDINAL_GRAND_INQUISITOR_FAITH_PURCHASE_Cos' , 'Tag', 'CLASS_CIVILIAN_Cos');
INSERT INTO Types (Type,Kind) VALUES
('MODIFIER_SINGLE_CITY_ENABLE_UNIT_FAITH_PURCHASE_Cos', 'KIND_MODIFIER');
INSERT INTO DynamicModifiers (ModifierType, CollectionType, EffectType) VALUES
('MODIFIER_SINGLE_CITY_ENABLE_UNIT_FAITH_PURCHASE_Cos', 'COLLECTION_OWNER', 'EFFECT_ENABLE_UNIT_FAITH_PURCHASE');
--买单位打折
INSERT INTO GovernorPromotionModifiers (GovernorPromotionType, ModifierId) VALUES
('GOVERNOR_PROMOTION_CARDINAL_GRAND_INQUISITOR', 'CARDINAL_GRAND_INQUISITOR_CHEAPER_UNIT_PURCHASE_Cos');
INSERT INTO Modifiers (ModifierId , ModifierType) VALUES 
('CARDINAL_GRAND_INQUISITOR_CHEAPER_UNIT_PURCHASE_Cos' , 'MODIFIER_SINGLE_CITY_ADJUST_ALL_UNITS_PURCHASE_COST');
INSERT INTO ModifierArguments (ModifierId , Name , Value) VALUES 
('CARDINAL_GRAND_INQUISITOR_CHEAPER_UNIT_PURCHASE_Cos' , 'Amount', '15'),
('CARDINAL_GRAND_INQUISITOR_CHEAPER_UNIT_PURCHASE_Cos' , 'IncludeCivilian', '1');
--神之堡垒--
--建奇观给信仰
UPDATE ModifierArguments SET Value='1' WHERE ModifierId='CARDINAL_CITADEL_OF_GOD_FAITH_FINISH_BUILDINGS' AND Name='IncludeWonder';
--主保圣人--
--人口+1信仰
UPDATE GovernorPromotionModifiers SET ModifierId='CARDINAL_PATRON_SAINT_FAITH_CITIZEN_Cos' WHERE ModifierId='CARDINAL_PATRON_SAINT_PROMOTION' AND GovernorPromotionType='GOVERNOR_PROMOTION_CARDINAL_PATRON_SAINT';
INSERT INTO Modifiers (ModifierId , ModifierType ,SubjectRequirementSetId) VALUES
('CARDINAL_PATRON_SAINT_FAITH_CITIZEN_Cos', 'MODIFIER_SINGLE_CITY_ADJUST_CITY_YIELD_PER_POPULATION', NULL);
INSERT INTO ModifierArguments (ModifierId , Name , Value) VALUES
('CARDINAL_PATRON_SAINT_FAITH_CITIZEN_Cos', 'YieldType', 'YIELD_FAITH'),
('CARDINAL_PATRON_SAINT_FAITH_CITIZEN_Cos', 'Amount', '1');
/* --遗物加4文
INSERT INTO GovernorPromotionModifiers (GovernorPromotionType, ModifierId) VALUES
('GOVERNOR_PROMOTION_CARDINAL_PATRON_SAINT', 'CARDINAL_PATRON_SAINT_RELIC_CULTURE_Cos');
INSERT INTO Modifiers (ModifierId , ModifierType ,SubjectRequirementSetId) VALUES
('CARDINAL_PATRON_SAINT_RELIC_CULTURE_Cos', 'MODIFIER_SINGLE_CITY_ADJUST_GREATWORK_YIELD', NULL);
INSERT INTO ModifierArguments (ModifierId , Name , Value) VALUES
('CARDINAL_PATRON_SAINT_RELIC_CULTURE_Cos' , 'GreatWorkObjectType', 'GREATWORKOBJECT_RELIC'),
('CARDINAL_PATRON_SAINT_RELIC_CULTURE_Cos', 'YieldType', 'YIELD_CULTURE'),
('CARDINAL_PATRON_SAINT_RELIC_CULTURE_Cos', 'YieldChange', '4'); */
--信仰转科文
INSERT INTO GovernorPromotionModifiers (GovernorPromotionType, ModifierId) VALUES
('GOVERNOR_PROMOTION_CARDINAL_PATRON_SAINT', 'CARDINAL_PATRON_SAINT_FAITH_CULTURE_Cos');
INSERT INTO Modifiers (ModifierId , ModifierType) VALUES 
('CARDINAL_PATRON_SAINT_FAITH_CULTURE_Cos' , 'MODIFIER_SINGLE_CITY_ADJUST_YIELD_MODIFIER_FROM_FAITH_Cos');
INSERT INTO ModifierArguments (ModifierId , Name , Value) VALUES
('CARDINAL_PATRON_SAINT_FAITH_CULTURE_Cos', 'YieldType', 'YIELD_CULTURE'),
('CARDINAL_PATRON_SAINT_FAITH_CULTURE_Cos', 'Amount', '10');
INSERT INTO Types (Type,Kind) VALUES
('MODIFIER_SINGLE_CITY_ADJUST_YIELD_MODIFIER_FROM_FAITH_Cos', 'KIND_MODIFIER');
INSERT INTO DynamicModifiers (ModifierType, CollectionType, EffectType) VALUES
('MODIFIER_SINGLE_CITY_ADJUST_YIELD_MODIFIER_FROM_FAITH_Cos', 'COLLECTION_OWNER', 'EFFECT_ADJUST_CITY_YIELD_MODIFIER_FROM_FAITH');
INSERT INTO GovernorPromotionModifiers (GovernorPromotionType, ModifierId) VALUES
('GOVERNOR_PROMOTION_CARDINAL_PATRON_SAINT', 'CARDINAL_PATRON_SAINT_FAITH_SCIENCE_Cos');
INSERT INTO Modifiers (ModifierId , ModifierType) VALUES 
('CARDINAL_PATRON_SAINT_FAITH_SCIENCE_Cos' , 'MODIFIER_SINGLE_CITY_ADJUST_YIELD_MODIFIER_FROM_FAITH_Cos');
INSERT INTO ModifierArguments (ModifierId , Name , Value) VALUES
('CARDINAL_PATRON_SAINT_FAITH_SCIENCE_Cos', 'YieldType', 'YIELD_SCIENCE'),
('CARDINAL_PATRON_SAINT_FAITH_SCIENCE_Cos', 'Amount', '10');
--梁--
--4回合就职
UPDATE Governors SET TransitionStrength=125 WHERE GovernorType='GOVERNOR_THE_BUILDER';
--公会首领--
--所有有劳动力单位+1劳动力
UPDATE Modifiers SET SubjectRequirementSetId='UNIT_HAS_BUILDCHARGE_Cos' WHERE ModifierId='GUILDMASTER_ADDITIONAL_BUILDER_CHARGES_UNIT_MODIFIER';
INSERT INTO RequirementSets (RequirementSetId , RequirementSetType)
	VALUES ('UNIT_HAS_BUILDCHARGE_Cos' , 'REQUIREMENTSET_TEST_ALL');
INSERT INTO RequirementSetRequirements (RequirementSetId , RequirementId) VALUES
('UNIT_HAS_BUILDCHARGE_Cos', 'REQUIREMENT_UNIT_HAS_BUILDCHARGE_Cos');
INSERT INTO Requirements (RequirementId , RequirementType) VALUES
('REQUIREMENT_UNIT_HAS_BUILDCHARGE_Cos' , 'REQUIREMENT_UNIT_TAG_MATCHES');
INSERT INTO RequirementArguments (RequirementId, Name, Value) VALUES
('REQUIREMENT_UNIT_HAS_BUILDCHARGE_Cos' , 'Tag' , 'CLASS_BUILDCHARGE_Cos');
INSERT INTO TypeTags (Type,	Tag) SELECT
UnitType, 'CLASS_BUILDCHARGE_Cos' FROM Units WHERE BuildCharges>0;
INSERT INTO Tags (Tag, Vocabulary) VALUES
('CLASS_BUILDCHARGE_Cos','ABILITY_CLASS');
--加固材料--
--和规划委员换位置
UPDATE GovernorPromotions SET Level=1 WHERE GovernorPromotionType='GOVERNOR_PROMOTION_REINFORCED_INFRASTRUCTURE';
UPDATE GovernorPromotions SET Level=2 WHERE GovernorPromotionType='GOVERNOR_PROMOTION_ZONING_COMMISSIONER';
DELETE FROM GovernorPromotionPrereqs WHERE GovernorPromotionType='GOVERNOR_PROMOTION_ZONING_COMMISSIONER' AND PrereqGovernorPromotion='GOVERNOR_PROMOTION_BUILDER_GUILDMASTER';
DELETE FROM GovernorPromotionPrereqs WHERE GovernorPromotionType='GOVERNOR_PROMOTION_REINFORCED_INFRASTRUCTURE' AND PrereqGovernorPromotion='GOVERNOR_PROMOTION_ZONING_COMMISSIONER';
DELETE FROM GovernorPromotionPrereqs WHERE GovernorPromotionType='GOVERNOR_PROMOTION_PARKS_RECREATION' AND PrereqGovernorPromotion='GOVERNOR_PROMOTION_REINFORCED_INFRASTRUCTURE';
INSERT INTO GovernorPromotionPrereqs (GovernorPromotionType, PrereqGovernorPromotion) VALUES
('GOVERNOR_PROMOTION_REINFORCED_INFRASTRUCTURE','GOVERNOR_PROMOTION_BUILDER_GUILDMASTER'),
('GOVERNOR_PROMOTION_ZONING_COMMISSIONER','GOVERNOR_PROMOTION_REINFORCED_INFRASTRUCTURE'),
('GOVERNOR_PROMOTION_PARKS_RECREATION','GOVERNOR_PROMOTION_ZONING_COMMISSIONER');
--区域加速50%
INSERT INTO GovernorPromotionModifiers (GovernorPromotionType, ModifierId) VALUES
('GOVERNOR_PROMOTION_REINFORCED_INFRASTRUCTURE', 'REINFORCED_INFRASTRUCTURE_FASTER_DISTRICT_CONSTRUCTION_Cos');
INSERT INTO Modifiers (ModifierId , ModifierType ,SubjectRequirementSetId) VALUES
('REINFORCED_INFRASTRUCTURE_FASTER_DISTRICT_CONSTRUCTION_Cos', 'MODIFIER_CITY_INCREASE_DISTRICT_PRODUCTION_RATE', NULL);
INSERT INTO ModifierArguments (ModifierId , Name , Value) VALUES
('REINFORCED_INFRASTRUCTURE_FASTER_DISTRICT_CONSTRUCTION_Cos', 'Amount', '50');
--水产养殖--
DELETE FROM GovernorPromotionModifiers WHERE ModifierId='AQUACULTURE_CAN_BUILD_FISHERY';
--海洋资源+1锤
INSERT INTO GovernorPromotionModifiers (GovernorPromotionType, ModifierId) VALUES
('GOVERNOR_PROMOTION_AQUACULTURE', 'AQUACULTURE_SEA_RESOURCE_PRODUCTION_Cos');
INSERT INTO Modifiers (ModifierId , ModifierType ,SubjectRequirementSetId) VALUES
('AQUACULTURE_SEA_RESOURCE_PRODUCTION_Cos', 'MODIFIER_CITY_PLOT_YIELDS_ADJUST_PLOT_YIELD', 'STAVE_CHURCH_SEA_RESOURCE_REQUIREMENTS');
INSERT INTO ModifierArguments (ModifierId , Name , Value) VALUES
('AQUACULTURE_SEA_RESOURCE_PRODUCTION_Cos', 'YieldType', 'YIELD_PRODUCTION'),
('AQUACULTURE_SEA_RESOURCE_PRODUCTION_Cos', 'Amount', '1');
--区域规划--
--所有相邻加成+50%
DELETE FROM GovernorPromotionModifiers WHERE ModifierId='ZONING_COMMISSIONER_FASTER_DISTRICT_CONSTRUCTION' AND GovernorPromotionType='GOVERNOR_PROMOTION_ZONING_COMMISSIONER';
INSERT INTO GovernorPromotionModifiers (GovernorPromotionType, ModifierId) VALUES
('GOVERNOR_PROMOTION_ZONING_COMMISSIONER', 'ZONING_COMMISSIONER_COMMERCIAL_HUB_BONUS_ADJACENCY_Cos');
INSERT INTO Modifiers (ModifierId , ModifierType ,SubjectRequirementSetId) VALUES
('ZONING_COMMISSIONER_COMMERCIAL_HUB_BONUS_ADJACENCY_Cos', 'MODIFIER_CITY_DISTRICTS_ADJUST_YIELD_MODIFIER', 'DISTRICT_IS_COMMERCIAL_HUB');
INSERT INTO ModifierArguments (ModifierId , Name , Value) VALUES
('ZONING_COMMISSIONER_COMMERCIAL_HUB_BONUS_ADJACENCY_Cos', 'YieldType', 'YIELD_GOLD'),
('ZONING_COMMISSIONER_COMMERCIAL_HUB_BONUS_ADJACENCY_Cos', 'Amount', '50');
INSERT INTO GovernorPromotionModifiers (GovernorPromotionType, ModifierId) VALUES
('GOVERNOR_PROMOTION_ZONING_COMMISSIONER', 'ZONING_COMMISSIONER_HARBOR_BONUS_ADJACENCY_Cos');
INSERT INTO Modifiers (ModifierId , ModifierType ,SubjectRequirementSetId) VALUES
('ZONING_COMMISSIONER_HARBOR_BONUS_ADJACENCY_Cos', 'MODIFIER_CITY_DISTRICTS_ADJUST_YIELD_MODIFIER', 'DISTRICT_IS_HARBOR');
INSERT INTO ModifierArguments (ModifierId , Name , Value) VALUES
('ZONING_COMMISSIONER_HARBOR_BONUS_ADJACENCY_Cos', 'YieldType', 'YIELD_GOLD'),
('ZONING_COMMISSIONER_HARBOR_BONUS_ADJACENCY_Cos', 'Amount', '50');
INSERT INTO GovernorPromotionModifiers (GovernorPromotionType, ModifierId) VALUES
('GOVERNOR_PROMOTION_ZONING_COMMISSIONER', 'ZONING_COMMISSIONER_INDUSTRIAL_ZONE_BONUS_ADJACENCY_Cos');
INSERT INTO Modifiers (ModifierId , ModifierType ,SubjectRequirementSetId) VALUES
('ZONING_COMMISSIONER_INDUSTRIAL_ZONE_BONUS_ADJACENCY_Cos', 'MODIFIER_CITY_DISTRICTS_ADJUST_YIELD_MODIFIER', 'DISTRICT_IS_INDUSTRIAL_ZONE');
INSERT INTO ModifierArguments (ModifierId , Name , Value) VALUES
('ZONING_COMMISSIONER_INDUSTRIAL_ZONE_BONUS_ADJACENCY_Cos', 'YieldType', 'YIELD_PRODUCTION'),
('ZONING_COMMISSIONER_INDUSTRIAL_ZONE_BONUS_ADJACENCY_Cos', 'Amount', '50');
INSERT INTO GovernorPromotionModifiers (GovernorPromotionType, ModifierId) VALUES
('GOVERNOR_PROMOTION_ZONING_COMMISSIONER', 'ZONING_COMMISSIONER_THEATER_BONUS_ADJACENCY_Cos');
INSERT INTO Modifiers (ModifierId , ModifierType ,SubjectRequirementSetId) VALUES
('ZONING_COMMISSIONER_THEATER_BONUS_ADJACENCY_Cos', 'MODIFIER_CITY_DISTRICTS_ADJUST_YIELD_MODIFIER', 'DISTRICT_IS_THEATER');
INSERT INTO ModifierArguments (ModifierId , Name , Value) VALUES
('ZONING_COMMISSIONER_THEATER_BONUS_ADJACENCY_Cos', 'YieldType', 'YIELD_CULTURE'),
('ZONING_COMMISSIONER_THEATER_BONUS_ADJACENCY_Cos', 'Amount', '50');
INSERT INTO GovernorPromotionModifiers (GovernorPromotionType, ModifierId) VALUES
('GOVERNOR_PROMOTION_ZONING_COMMISSIONER', 'ZONING_COMMISSIONER_HOLY_SITE_BONUS_ADJACENCY_Cos');
INSERT INTO Modifiers (ModifierId , ModifierType ,SubjectRequirementSetId) VALUES
('ZONING_COMMISSIONER_HOLY_SITE_BONUS_ADJACENCY_Cos', 'MODIFIER_CITY_DISTRICTS_ADJUST_YIELD_MODIFIER', 'DISTRICT_IS_HOLY_SITE');
INSERT INTO ModifierArguments (ModifierId , Name , Value) VALUES
('ZONING_COMMISSIONER_HOLY_SITE_BONUS_ADJACENCY_Cos', 'YieldType', 'YIELD_FAITH'),
('ZONING_COMMISSIONER_HOLY_SITE_BONUS_ADJACENCY_Cos', 'Amount', '50');
INSERT INTO GovernorPromotionModifiers (GovernorPromotionType, ModifierId) VALUES
('GOVERNOR_PROMOTION_ZONING_COMMISSIONER', 'ZONING_COMMISSIONER_CAMPUS_BONUS_ADJACENCY_Cos');
INSERT INTO Modifiers (ModifierId , ModifierType ,SubjectRequirementSetId) VALUES
('ZONING_COMMISSIONER_CAMPUS_BONUS_ADJACENCY_Cos', 'MODIFIER_CITY_DISTRICTS_ADJUST_YIELD_MODIFIER', 'DISTRICT_IS_CAMPUS');
INSERT INTO ModifierArguments (ModifierId , Name , Value) VALUES
('ZONING_COMMISSIONER_CAMPUS_BONUS_ADJACENCY_Cos', 'YieldType', 'YIELD_SCIENCE'),
('ZONING_COMMISSIONER_CAMPUS_BONUS_ADJACENCY_Cos', 'Amount', '50');
--自来水工程--
--市中心加住房
INSERT INTO GovernorPromotionModifiers (GovernorPromotionType, ModifierId) VALUES
('GOVERNOR_PROMOTION_WATER_WORKS', 'WATER_WORKS_CITY_CENTER_HOUSING_Cos');
INSERT INTO Modifiers (ModifierId , ModifierType ,SubjectRequirementSetId) VALUES
('WATER_WORKS_CITY_CENTER_HOUSING_Cos', 'MODIFIER_CITY_DISTRICTS_ADJUST_DISTRICT_HOUSING', 'DISTRICT_IS_CITY_CENTER_Cos');
INSERT INTO ModifierArguments (ModifierId , Name , Value) VALUES
('WATER_WORKS_CITY_CENTER_HOUSING_Cos', 'Amount', '2');
INSERT INTO RequirementSets (RequirementSetId , RequirementSetType)
	VALUES ('DISTRICT_IS_CITY_CENTER_Cos' , 'REQUIREMENTSET_TEST_ALL');
INSERT INTO RequirementSetRequirements (RequirementSetId , RequirementId) VALUES
('DISTRICT_IS_CITY_CENTER_Cos', 'REQUIRES_DISTRICT_IS_CITY_CENTER');
--水渠加宜居
INSERT INTO GovernorPromotionModifiers (GovernorPromotionType, ModifierId) VALUES
('GOVERNOR_PROMOTION_WATER_WORKS', 'WATER_WORKS_AQUEDUCT_AMENITY_Cos');
INSERT INTO Modifiers (ModifierId , ModifierType ,SubjectRequirementSetId) VALUES
('WATER_WORKS_AQUEDUCT_AMENITY_Cos', 'MODIFIER_CITY_DISTRICTS_ADJUST_DISTRICT_AMENITY', 'DISTRICT_IS_AQUEDUCT');
INSERT INTO ModifierArguments (ModifierId , Name , Value) VALUES
('WATER_WORKS_AQUEDUCT_AMENITY_Cos', 'Amount', '1');
--公园与休憩--
--海滨度假区和滑雪场加文化
INSERT INTO ImprovementModifiers (ImprovementType, ModifierID) VALUES
('IMPROVEMENT_BEACH_RESORT', 'CITY_PARK_GOVERNOR_CULTURE'),
('IMPROVEMENT_SKI_RESORT', 'CITY_PARK_GOVERNOR_CULTURE');
--瑞纳--
--土地征用--
--扩地加速100%
UPDATE ModifierArguments SET Value='100' WHERE ModifierId='LAND_ACQUISITION_FASTER_PLOT_ANNEXING';
--购买山脉海岸海洋的单元格减50%花费
INSERT INTO Types (Type,Kind) VALUES
('MODIFIER_SINGLE_CITY_ADJUST_PLOT_PURCHASE_COST_TERRAIN_Cos', 'KIND_MODIFIER');
INSERT INTO DynamicModifiers (ModifierType, CollectionType, EffectType) VALUES
('MODIFIER_SINGLE_CITY_ADJUST_PLOT_PURCHASE_COST_TERRAIN_Cos', 'COLLECTION_OWNER', 'EFFECT_ADJUST_PLOT_PURCHASE_COST_TERRAIN');
INSERT INTO GovernorPromotionModifiers (GovernorPromotionType, ModifierId) VALUES
('GOVERNOR_PROMOTION_MERCHANT_LAND_ACQUISITION', 'LAND_ACQUISITION_COAST_PLOT_COST_Cos');
INSERT INTO Modifiers (ModifierId , ModifierType ,SubjectRequirementSetId) VALUES
('LAND_ACQUISITION_COAST_PLOT_COST_Cos', 'MODIFIER_SINGLE_CITY_ADJUST_PLOT_PURCHASE_COST_TERRAIN_Cos', NULL);
INSERT INTO ModifierArguments (ModifierId , Name , Value) VALUES
('LAND_ACQUISITION_COAST_PLOT_COST_Cos', 'TerrainType', 'TERRAIN_COAST'),
('LAND_ACQUISITION_COAST_PLOT_COST_Cos', 'Amount', '-50');
INSERT INTO GovernorPromotionModifiers (GovernorPromotionType, ModifierId) VALUES
('GOVERNOR_PROMOTION_MERCHANT_LAND_ACQUISITION', 'LAND_ACQUISITION_OCEAN_PLOT_COST_Cos');
INSERT INTO Modifiers (ModifierId , ModifierType ,SubjectRequirementSetId) VALUES
('LAND_ACQUISITION_OCEAN_PLOT_COST_Cos', 'MODIFIER_SINGLE_CITY_ADJUST_PLOT_PURCHASE_COST_TERRAIN_Cos', NULL);
INSERT INTO ModifierArguments (ModifierId , Name , Value) VALUES
('LAND_ACQUISITION_OCEAN_PLOT_COST_Cos', 'TerrainType', 'TERRAIN_OCEAN'),
('LAND_ACQUISITION_OCEAN_PLOT_COST_Cos', 'Amount', '-50');
INSERT INTO GovernorPromotionModifiers (GovernorPromotionType, ModifierId) VALUES
('GOVERNOR_PROMOTION_MERCHANT_LAND_ACQUISITION', 'LAND_ACQUISITION_TUNDRA_MOUNTAIN_PLOT_COST_Cos');
INSERT INTO Modifiers (ModifierId , ModifierType ,SubjectRequirementSetId) VALUES
('LAND_ACQUISITION_TUNDRA_MOUNTAIN_PLOT_COST_Cos', 'MODIFIER_SINGLE_CITY_ADJUST_PLOT_PURCHASE_COST_TERRAIN_Cos', NULL);
INSERT INTO ModifierArguments (ModifierId , Name , Value) VALUES
('LAND_ACQUISITION_TUNDRA_MOUNTAIN_PLOT_COST_Cos', 'TerrainType', 'TERRAIN_TUNDRA_MOUNTAIN'),
('LAND_ACQUISITION_TUNDRA_MOUNTAIN_PLOT_COST_Cos', 'Amount', '-50');
INSERT INTO GovernorPromotionModifiers (GovernorPromotionType, ModifierId) VALUES
('GOVERNOR_PROMOTION_MERCHANT_LAND_ACQUISITION', 'LAND_ACQUISITION_SNOW_MOUNTAIN_PLOT_COST_Cos');
INSERT INTO Modifiers (ModifierId , ModifierType ,SubjectRequirementSetId) VALUES
('LAND_ACQUISITION_SNOW_MOUNTAIN_PLOT_COST_Cos', 'MODIFIER_SINGLE_CITY_ADJUST_PLOT_PURCHASE_COST_TERRAIN_Cos', NULL);
INSERT INTO ModifierArguments (ModifierId , Name , Value) VALUES
('LAND_ACQUISITION_SNOW_MOUNTAIN_PLOT_COST_Cos', 'TerrainType', 'TERRAIN_SNOW_MOUNTAIN'),
('LAND_ACQUISITION_SNOW_MOUNTAIN_PLOT_COST_Cos', 'Amount', '-50');
INSERT INTO GovernorPromotionModifiers (GovernorPromotionType, ModifierId) VALUES
('GOVERNOR_PROMOTION_MERCHANT_LAND_ACQUISITION', 'LAND_ACQUISITION_PLAINS_MOUNTAIN_PLOT_COST_Cos');
INSERT INTO Modifiers (ModifierId , ModifierType ,SubjectRequirementSetId) VALUES
('LAND_ACQUISITION_PLAINS_MOUNTAIN_PLOT_COST_Cos', 'MODIFIER_SINGLE_CITY_ADJUST_PLOT_PURCHASE_COST_TERRAIN_Cos', NULL);
INSERT INTO ModifierArguments (ModifierId , Name , Value) VALUES
('LAND_ACQUISITION_PLAINS_MOUNTAIN_PLOT_COST_Cos', 'TerrainType', 'TERRAIN_PLAINS_MOUNTAIN'),
('LAND_ACQUISITION_PLAINS_MOUNTAIN_PLOT_COST_Cos', 'Amount', '-50');
INSERT INTO GovernorPromotionModifiers (GovernorPromotionType, ModifierId) VALUES
('GOVERNOR_PROMOTION_MERCHANT_LAND_ACQUISITION', 'LAND_ACQUISITION_GRASS_MOUNTAIN_PLOT_COST_Cos');
INSERT INTO Modifiers (ModifierId , ModifierType ,SubjectRequirementSetId) VALUES
('LAND_ACQUISITION_GRASS_MOUNTAIN_PLOT_COST_Cos', 'MODIFIER_SINGLE_CITY_ADJUST_PLOT_PURCHASE_COST_TERRAIN_Cos', NULL);
INSERT INTO ModifierArguments (ModifierId , Name , Value) VALUES
('LAND_ACQUISITION_GRASS_MOUNTAIN_PLOT_COST_Cos', 'TerrainType', 'TERRAIN_GRASS_MOUNTAIN'),
('LAND_ACQUISITION_GRASS_MOUNTAIN_PLOT_COST_Cos', 'Amount', '-50');
INSERT INTO GovernorPromotionModifiers (GovernorPromotionType, ModifierId) VALUES
('GOVERNOR_PROMOTION_MERCHANT_LAND_ACQUISITION', 'LAND_ACQUISITION_DESERT_MOUNTAIN_PLOT_COST_Cos');
INSERT INTO Modifiers (ModifierId , ModifierType ,SubjectRequirementSetId) VALUES
('LAND_ACQUISITION_DESERT_MOUNTAIN_PLOT_COST_Cos', 'MODIFIER_SINGLE_CITY_ADJUST_PLOT_PURCHASE_COST_TERRAIN_Cos', NULL);
INSERT INTO ModifierArguments (ModifierId , Name , Value) VALUES
('LAND_ACQUISITION_DESERT_MOUNTAIN_PLOT_COST_Cos', 'TerrainType', 'TERRAIN_DESERT_MOUNTAIN'),
('LAND_ACQUISITION_DESERT_MOUNTAIN_PLOT_COST_Cos', 'Amount', '-50');
--林业管理--
--惊艳额外+1文
INSERT INTO GovernorPromotionModifiers (GovernorPromotionType, ModifierId) VALUES
('GOVERNOR_PROMOTION_MERCHANT_FORESTRY_MANAGEMENT', 'FORESTRY_MANAGEMENT_BREATHTAKING_CULTURE_Cos');
INSERT INTO Modifiers (ModifierId , ModifierType ,SubjectRequirementSetId) VALUES
('FORESTRY_MANAGEMENT_BREATHTAKING_CULTURE_Cos', 'MODIFIER_CITY_PLOT_YIELDS_ADJUST_PLOT_YIELD', 'PLOT_BREATHTAKING_APPEAL');
INSERT INTO ModifierArguments (ModifierId , Name , Value) VALUES
('FORESTRY_MANAGEMENT_BREATHTAKING_CULTURE_Cos', 'YieldType', 'YIELD_CULTURE'),
('FORESTRY_MANAGEMENT_BREATHTAKING_CULTURE_Cos', 'Amount', '1');
--港务局长--
--同时有港商+1商路
INSERT INTO GovernorPromotionModifiers (GovernorPromotionType, ModifierId) VALUES
('GOVERNOR_PROMOTION_MERCHANT_HARBORMASTER', 'HARBORMASTER_TRADE_ROUTE_CAPACITY_Cos');
INSERT INTO Modifiers (ModifierId , ModifierType ,SubjectRequirementSetId) VALUES
('HARBORMASTER_TRADE_ROUTE_CAPACITY_Cos', 'MODIFIER_PLAYER_ADJUST_TRADE_ROUTE_CAPACITY', 'THIS_CITY_HAS_HARBOR_COMMERCIAL_HUB_Cos');
INSERT INTO RequirementSets (RequirementSetId , RequirementSetType)
	VALUES ('THIS_CITY_HAS_HARBOR_COMMERCIAL_HUB_Cos' , 'REQUIREMENTSET_TEST_ALL');
INSERT INTO RequirementSetRequirements (RequirementSetId , RequirementId) VALUES
('THIS_CITY_HAS_HARBOR_COMMERCIAL_HUB_Cos', 'REQUIRE_THIS_CITY_HAS_HARBOR'),
('THIS_CITY_HAS_HARBOR_COMMERCIAL_HUB_Cos', 'REQUIRES_CITY_HAS_COMMERCIAL_HUB');
INSERT INTO ModifierArguments (ModifierId , Name , Value) VALUES
('HARBORMASTER_TRADE_ROUTE_CAPACITY_Cos', 'Amount', '1');
--税务员--
/* --人口+3金
UPDATE ModifierArguments SET Value='3' WHERE ModifierId='TAX_COLLECTOR_ADJUST_CITIZEN_GPT'; */
--区域+4金
INSERT INTO GovernorPromotionModifiers (GovernorPromotionType, ModifierId) VALUES
('GOVERNOR_PROMOTION_MERCHANT_TAX_COLLECTOR', 'TAX_COLLECTOR_GOLD_DISTRICT_Cos');
INSERT INTO Modifiers (ModifierId , ModifierType ,SubjectRequirementSetId) VALUES
('TAX_COLLECTOR_GOLD_DISTRICT_Cos', 'MODIFIER_CITY_ADJUST_CITY_YIELD_PER_DISTRICT', NULL);
INSERT INTO ModifierArguments (ModifierId , Name , Value) VALUES
('TAX_COLLECTOR_GOLD_DISTRICT_Cos', 'YieldType', 'YIELD_GOLD'),
('TAX_COLLECTOR_GOLD_DISTRICT_Cos', 'Amount', '4');
--再生资源补贴
--水电站坝+8金
UPDATE ModifierArguments SET Value='8' WHERE ModifierId='RENEWABLE_ENERGY_IMPROVEMENT_BUILDING_GOLD' AND Name='Amount';
--改良+1科
INSERT INTO GovernorPromotionModifiers (GovernorPromotionType, ModifierId) VALUES
('GOVERNOR_PROMOTION_MERCHANT_RENEWABLE_ENERGY', 'RENEWABLE_ENERGY_IMPROVEMENT_PLOTS_SCIENCE_Cos');
INSERT INTO Modifiers (ModifierId , ModifierType ,SubjectRequirementSetId) VALUES
('RENEWABLE_ENERGY_IMPROVEMENT_PLOTS_SCIENCE_Cos', 'MODIFIER_CITY_PLOT_YIELDS_ADJUST_PLOT_YIELD', 'PLOT_HAS_RENEWABLE_IMPROVEMENT');
INSERT INTO ModifierArguments (ModifierId , Name , Value) VALUES
('RENEWABLE_ENERGY_IMPROVEMENT_PLOTS_SCIENCE_Cos', 'YieldType', 'YIELD_SCIENCE'),
('RENEWABLE_ENERGY_IMPROVEMENT_PLOTS_SCIENCE_Cos', 'Amount', '1');
--维克多--

--阿玛尼--
--3回合就职
UPDATE Governors SET TransitionStrength=150 WHERE GovernorType='GOVERNOR_THE_AMBASSADOR';
--可派到首都
INSERT INTO Governors_XP2 (GovernorType, AssignToMajor) VALUES
('GOVERNOR_THE_AMBASSADOR', 1);
--富裕--
--通向该城贸易路线+4金
INSERT INTO GovernorPromotionModifiers (GovernorPromotionType, ModifierId) VALUES
('GOVERNOR_PROMOTION_AMBASSADOR_AFFLUENCE', 'AFFLUENCE_TRADE_ROUTE_GOLD_Cos');
INSERT INTO Modifiers (ModifierId , ModifierType ,SubjectRequirementSetId) VALUES
('AFFLUENCE_TRADE_ROUTE_GOLD_Cos', 'MODIFIER_SINGLE_CITY_ADJUST_TRADE_ROUTE_YIELD_TO_OTHERS', NULL);
INSERT INTO ModifierArguments (ModifierId , Name , Value) VALUES
('AFFLUENCE_TRADE_ROUTE_GOLD_Cos', 'YieldType', 'YIELD_GOLD'),
('AFFLUENCE_TRADE_ROUTE_GOLD_Cos', 'Amount', '4');
--使者--
--减8忠诚
UPDATE ModifierArguments SET Value='8' WHERE ModifierId='EMISSARY_IDENTITY_PRESSURE_TO_FOREIGN_CITIES' AND Name='Amount';
--外国投资者--
--通向该城贸易路线+2锤
INSERT INTO GovernorPromotionModifiers (GovernorPromotionType, ModifierId) VALUES
('GOVERNOR_PROMOTION_AMBASSADOR_FOREIGN_INVESTOR', 'FOREIGN_INVESTOR_TRADE_ROUTE_PRODUCTION_Cos');
INSERT INTO Modifiers (ModifierId , ModifierType ,SubjectRequirementSetId) VALUES
('FOREIGN_INVESTOR_TRADE_ROUTE_PRODUCTION_Cos', 'MODIFIER_SINGLE_CITY_ADJUST_TRADE_ROUTE_YIELD_TO_OTHERS', NULL);
INSERT INTO ModifierArguments (ModifierId , Name , Value) VALUES
('FOREIGN_INVESTOR_TRADE_ROUTE_PRODUCTION_Cos', 'YieldType', 'YIELD_PRODUCTION'),
('FOREIGN_INVESTOR_TRADE_ROUTE_PRODUCTION_Cos', 'Amount', '2');
