--共产2312
UPDATE Government_SlotCounts SET NumSlots=2 WHERE GovernmentType='GOVERNMENT_COMMUNISM' AND GovernmentSlotType='SLOT_MILITARY';
UPDATE Government_SlotCounts SET NumSlots=2 WHERE GovernmentType='GOVERNMENT_COMMUNISM' AND GovernmentSlotType='SLOT_WILDCARD';
--共产传承：每人0.5粮1锤
INSERT INTO PolicyModifiers (PolicyType, ModifierId) VALUES
('POLICY_GOV_COMMUNISM', 'COMMUNISM_FOOD_PEOPLE_Cos');
INSERT INTO GovernmentModifiers (GovernmentType, ModifierId) VALUES
('GOVERNMENT_COMMUNISM', 'COMMUNISM_FOOD_PEOPLE_Cos');
INSERT INTO Modifiers (ModifierId , ModifierType ,SubjectRequirementSetId) VALUES
('COMMUNISM_FOOD_PEOPLE_Cos', 'MODIFIER_PLAYER_CITIES_ADJUST_CITY_YIELD_PER_POPULATION', NULL);
INSERT INTO ModifierArguments (ModifierId , Name , Value) VALUES
('COMMUNISM_FOOD_PEOPLE_Cos', 'YieldType', 'YIELD_FOOD'),
('COMMUNISM_FOOD_PEOPLE_Cos', 'Amount', '0.5');
UPDATE Modifiers SET SubjectRequirementSetId=NULL WHERE ModifierId='COMMUNISM_PRODUCTIVE_PEOPLE';
UPDATE ModifierArguments SET Value='1' WHERE ModifierId='COMMUNISM_PRODUCTIVE_PEOPLE' AND Name='Amount';
--共产固定：15%科
UPDATE ModifierArguments SET Value='15' WHERE ModifierId='COMMUNISM_SCIENCE' AND Name='Amount';
--独裁传承：每有一个建筑所有城市+1全产（宫殿除外），宫殿+2宜居
/* UPDATE PolicyModifiers SET ModifierId='AUTOCRACY_CAPITAL_MODIFIER_Cos' WHERE PolicyType='POLICY_GOV_AUTOCRACY' AND ModifierId='AUTOCRACY_CAPITAL';
UPDATE GovernmentModifiers SET ModifierId='AUTOCRACY_CAPITAL_MODIFIER_Cos' WHERE GovernmentType='GOVERNMENT_AUTOCRACY' AND ModifierId='AUTOCRACY_CAPITAL';
INSERT INTO Modifiers (ModifierId , ModifierType ,SubjectRequirementSetId) VALUES
('AUTOCRACY_CAPITAL_MODIFIER_Cos', 'MODIFIER_PLAYER_CITIES_ATTACH_MODIFIER', 'BUILDING_IS_PALACE');
INSERT INTO ModifierArguments (ModifierId , Name , Value) VALUES
('AUTOCRACY_CAPITAL_MODIFIER_Cos', 'ModifierId', 'AUTOCRACY_CAPITAL');
UPDATE Modifiers SET SubjectRequirementSetId=NULL WHERE ModifierId='AUTOCRACY_CAPITAL'; */
INSERT INTO PolicyModifiers (PolicyType, ModifierId) VALUES
('POLICY_GOV_AUTOCRACY', 'AUTOCRACY_CAPITAL_AMENITY_Cos');
INSERT INTO GovernmentModifiers (GovernmentType, ModifierId) VALUES
('GOVERNMENT_AUTOCRACY', 'AUTOCRACY_CAPITAL_AMENITY_Cos');
INSERT INTO Modifiers (ModifierId , ModifierType ,SubjectRequirementSetId) VALUES
('AUTOCRACY_CAPITAL_AMENITY_Cos', 'MODIFIER_PLAYER_CITIES_ADJUST_POLICY_AMENITY', 'BUILDING_IS_PALACE');
INSERT INTO ModifierArguments (ModifierId , Name , Value) VALUES
('AUTOCRACY_CAPITAL_AMENITY_Cos', 'Amount', '2');

UPDATE PolicyModifiers SET ModifierId='AUTOCRACY_TIER1_MODIFIER_Cos' WHERE PolicyType='POLICY_GOV_AUTOCRACY' AND ModifierId='AUTOCRACY_TIER1';
UPDATE GovernmentModifiers SET ModifierId='AUTOCRACY_TIER1_MODIFIER_Cos' WHERE GovernmentType='GOVERNMENT_AUTOCRACY' AND ModifierId='AUTOCRACY_TIER1';
INSERT INTO Modifiers (ModifierId , ModifierType ,SubjectRequirementSetId) VALUES
('AUTOCRACY_TIER1_MODIFIER_Cos', 'MODIFIER_PLAYER_CITIES_ATTACH_MODIFIER', 'BUILDING_IS_TIER1');
INSERT INTO ModifierArguments (ModifierId , Name , Value) VALUES
('AUTOCRACY_TIER1_MODIFIER_Cos', 'ModifierId', 'AUTOCRACY_TIER1');
UPDATE Modifiers SET SubjectRequirementSetId=NULL WHERE ModifierId='AUTOCRACY_TIER1';

UPDATE PolicyModifiers SET ModifierId='AUTOCRACY_TIER2_MODIFIER_Cos' WHERE PolicyType='POLICY_GOV_AUTOCRACY' AND ModifierId='AUTOCRACY_TIER2';
UPDATE GovernmentModifiers SET ModifierId='AUTOCRACY_TIER2_MODIFIER_Cos' WHERE GovernmentType='GOVERNMENT_AUTOCRACY' AND ModifierId='AUTOCRACY_TIER2';
INSERT INTO Modifiers (ModifierId , ModifierType ,SubjectRequirementSetId) VALUES
('AUTOCRACY_TIER2_MODIFIER_Cos', 'MODIFIER_PLAYER_CITIES_ATTACH_MODIFIER', 'BUILDING_IS_TIER2');
INSERT INTO ModifierArguments (ModifierId , Name , Value) VALUES
('AUTOCRACY_TIER2_MODIFIER_Cos', 'ModifierId', 'AUTOCRACY_TIER2');
UPDATE Modifiers SET SubjectRequirementSetId=NULL WHERE ModifierId='AUTOCRACY_TIER2';

UPDATE PolicyModifiers SET ModifierId='AUTOCRACY_TIER3_MODIFIER_Cos' WHERE PolicyType='POLICY_GOV_AUTOCRACY' AND ModifierId='AUTOCRACY_TIER3';
UPDATE GovernmentModifiers SET ModifierId='AUTOCRACY_TIER3_MODIFIER_Cos' WHERE GovernmentType='GOVERNMENT_AUTOCRACY' AND ModifierId='AUTOCRACY_TIER3';
INSERT INTO Modifiers (ModifierId , ModifierType ,SubjectRequirementSetId) VALUES
('AUTOCRACY_TIER3_MODIFIER_Cos', 'MODIFIER_PLAYER_CITIES_ATTACH_MODIFIER', 'BUILDING_IS_TIER3');
INSERT INTO ModifierArguments (ModifierId , Name , Value) VALUES
('AUTOCRACY_TIER3_MODIFIER_Cos', 'ModifierId', 'AUTOCRACY_TIER3');
UPDATE Modifiers SET SubjectRequirementSetId=NULL WHERE ModifierId='AUTOCRACY_TIER3';

UPDATE PolicyModifiers SET ModifierId='CONSULATE_TIER1_MODIFIER_Cos' WHERE PolicyType='POLICY_GOV_AUTOCRACY' AND ModifierId='CONSULATE_TIER1';
UPDATE GovernmentModifiers SET ModifierId='CONSULATE_TIER1_MODIFIER_Cos' WHERE GovernmentType='GOVERNMENT_AUTOCRACY' AND ModifierId='CONSULATE_TIER1';
INSERT INTO Modifiers (ModifierId , ModifierType ,SubjectRequirementSetId) VALUES
('CONSULATE_TIER1_MODIFIER_Cos', 'MODIFIER_PLAYER_CITIES_ATTACH_MODIFIER', 'BUILDING_IS_CONSULATE');
INSERT INTO ModifierArguments (ModifierId , Name , Value) VALUES
('CONSULATE_TIER1_MODIFIER_Cos', 'ModifierId', 'CONSULATE_TIER1');
UPDATE Modifiers SET SubjectRequirementSetId=NULL WHERE ModifierId='CONSULATE_TIER1';

UPDATE PolicyModifiers SET ModifierId='CHANCERY_TIER2_MODIFIER_Cos' WHERE PolicyType='POLICY_GOV_AUTOCRACY' AND ModifierId='CHANCERY_TIER2';
UPDATE GovernmentModifiers SET ModifierId='CHANCERY_TIER2_MODIFIER_Cos' WHERE GovernmentType='GOVERNMENT_AUTOCRACY' AND ModifierId='CHANCERY_TIER2';
INSERT INTO Modifiers (ModifierId , ModifierType ,SubjectRequirementSetId) VALUES
('CHANCERY_TIER2_MODIFIER_Cos', 'MODIFIER_PLAYER_CITIES_ATTACH_MODIFIER', 'BUILDING_IS_CHANCERY');
INSERT INTO ModifierArguments (ModifierId , Name , Value) VALUES
('CHANCERY_TIER2_MODIFIER_Cos', 'ModifierId', 'CHANCERY_TIER2');
UPDATE Modifiers SET SubjectRequirementSetId=NULL WHERE ModifierId='CHANCERY_TIER2';

--君主传承：

--解除政策政体绑定
DELETE FROM Policy_GovernmentExclusives_XP2 WHERE PolicyType='POLICY_NEW_DEAL';
DELETE FROM Policy_GovernmentExclusives_XP2 WHERE PolicyType='POLICY_THIRD_ALTERNATIVE';
DELETE FROM Policy_GovernmentExclusives_XP2 WHERE PolicyType='POLICY_COLLECTIVIZATION';
--先锋队：驻军+2宜居+10%锤，取代侍从（阶级斗争，红）
INSERT INTO Types (Type, Kind) VALUES
('POLICY_PIONEER_Cos', 'KIND_POLICY');	
INSERT INTO Policies (PolicyType, Description, PrereqCivic, Name, GovernmentSlotType) VALUES
('POLICY_PIONEER_Cos', 'LOC_POLICY_PIONEER_DESCRIPTION_Cos', 'CIVIC_CLASS_STRUGGLE', 'LOC_POLICY_PIONEER_NAME_Cos', 'SLOT_MILITARY');
UPDATE ObsoletePolicies SET ObsoletePolicy='POLICY_PIONEER_Cos' WHERE PolicyType='POLICY_RETAINERS';
INSERT INTO PolicyModifiers (PolicyType, ModifierId) VALUES
('POLICY_PIONEER_Cos', 'PIONEER_GARRISON_PRODUCTION_Cos');
INSERT INTO Modifiers (ModifierId , ModifierType, SubjectRequirementSetId) VALUES
('PIONEER_GARRISON_PRODUCTION_Cos', 'MODIFIER_PLAYER_CITIES_ADJUST_CITY_YIELD_MODIFIER', 'CITY_HAS_GARRISON_UNIT_REQUIERMENT');
INSERT INTO ModifierArguments (ModifierId , Name , Value) VALUES
('PIONEER_GARRISON_PRODUCTION_Cos', 'YieldType', 'YIELD_PRODUCTION'),
('PIONEER_GARRISON_PRODUCTION_Cos', 'Amount', '10');
INSERT INTO PolicyModifiers (PolicyType, ModifierId) VALUES
('POLICY_PIONEER_Cos', 'PIONEER_GARRISON_AMENITY_Cos');
INSERT INTO Modifiers (ModifierId , ModifierType, SubjectRequirementSetId) VALUES
('PIONEER_GARRISON_AMENITY_Cos', 'MODIFIER_PLAYER_CITIES_ADJUST_POLICY_AMENITY', 'CITY_HAS_GARRISON_UNIT_REQUIERMENT');
INSERT INTO ModifierArguments (ModifierId , Name , Value) VALUES
('PIONEER_GARRISON_AMENITY_Cos', 'Amount', '2');
--保卫祖国：支援造一送一

--工业革命：工业理性主义（土木工程，黄)
INSERT INTO Types (Type, Kind) VALUES
('POLICY_INDUSTRIAL_REVOLUTION_Cos', 'KIND_POLICY');	
INSERT INTO Policies (PolicyType, Description, PrereqCivic, Name, GovernmentSlotType) VALUES
('POLICY_INDUSTRIAL_REVOLUTION_Cos', 'LOC_POLICY_INDUSTRIAL_REVOLUTION_DESCRIPTION_Cos', 'CIVIC_CIVIL_ENGINEERING', 'LOC_POLICY_INDUSTRIAL_REVOLUTION_NAME_Cos', 'SLOT_ECONOMIC');
INSERT INTO PolicyModifiers (PolicyType, ModifierId) VALUES
('POLICY_INDUSTRIAL_REVOLUTION_Cos', 'INDUSTRIAL_REVOLUTION_BUILDING_YIELDS_HIGH_ADJACENCY_Cos'),
('POLICY_INDUSTRIAL_REVOLUTION_Cos', 'INDUSTRIAL_REVOLUTION_BUILDING_YIELDS_HIGH_POP_Cos');
INSERT INTO Modifiers (ModifierId , ModifierType, SubjectRequirementSetId) VALUES
('INDUSTRIAL_REVOLUTION_BUILDING_YIELDS_HIGH_ADJACENCY_Cos', 'MODIFIER_PLAYER_CITIES_ADJUST_BUILDING_YIELD_MODIFIERS_FOR_DISTRICT', 'INDUSTRIAL_ZONE_HAS_HIGH_ADJACENCY_Cos'),
('INDUSTRIAL_REVOLUTION_BUILDING_YIELDS_HIGH_POP_Cos', 'MODIFIER_PLAYER_CITIES_ADJUST_BUILDING_YIELD_MODIFIERS_FOR_DISTRICT', 'CITY_HAS_HIGH_POPULATION');
INSERT INTO ModifierArguments (ModifierId , Name , Value) VALUES
('INDUSTRIAL_REVOLUTION_BUILDING_YIELDS_HIGH_ADJACENCY_Cos', 'DistrictType', 'DISTRICT_INDUSTRIAL_ZONE'),
('INDUSTRIAL_REVOLUTION_BUILDING_YIELDS_HIGH_ADJACENCY_Cos', 'YieldType', 'YIELD_PRODUCTION'),
('INDUSTRIAL_REVOLUTION_BUILDING_YIELDS_HIGH_ADJACENCY_Cos', 'Amount', '50'),
('INDUSTRIAL_REVOLUTION_BUILDING_YIELDS_HIGH_POP_Cos', 'DistrictType', 'DISTRICT_INDUSTRIAL_ZONE'),
('INDUSTRIAL_REVOLUTION_BUILDING_YIELDS_HIGH_POP_Cos', 'YieldType', 'YIELD_PRODUCTION'),
('INDUSTRIAL_REVOLUTION_BUILDING_YIELDS_HIGH_POP_Cos', 'Amount', '50');
INSERT INTO RequirementSets (RequirementSetId , RequirementSetType) VALUES
('INDUSTRIAL_ZONE_HAS_HIGH_ADJACENCY_Cos' , 'REQUIREMENTSET_TEST_ALL');
INSERT INTO RequirementSetRequirements (RequirementSetId , RequirementId) VALUES
('INDUSTRIAL_ZONE_HAS_HIGH_ADJACENCY_Cos' , 'REQUIRES_INDUSTRIAL_ZONE_HAS_4_ADJACENCY_CosChina');

--国际分工：每种宗主城邦为通往城邦商路+1对应产出，若2个以上则+2(全球化，绿）

--轴心国：同盟加力（极权主义，红）
INSERT INTO Types (Type, Kind) VALUES
('POLICY_AXIS_Cos', 'KIND_POLICY');
INSERT INTO Policies (PolicyType, Description, PrereqCivic, Name, GovernmentSlotType) VALUES
('POLICY_AXIS_Cos', 'LOC_POLICY_AXIS_DESCRIPTION_Cos', 'CIVIC_TOTALITARIANISM', 'LOC_POLICY_AXIS_NAME_Cos', 'SLOT_MILITARY');
INSERT INTO PolicyModifiers (PolicyType, ModifierId) VALUES
('POLICY_AXIS_Cos', 'POLICY_AXIS_COMBAT_Cos');
INSERT INTO Modifiers (ModifierId, ModifierType, SubjectRequirementSetId) VALUES
('POLICY_AXIS_COMBAT_Cos', 'MODIFIER_PLAYER_UNITS_GRANT_ABILITY', NULL);
INSERT INTO ModifierArguments (ModifierId, Name, Value) VALUES
('POLICY_AXIS_COMBAT_Cos', 'AbilityType', 'ABILITY_AXIS_COMBAT_Cos');
INSERT INTO Types (Type, Kind)
	VALUES ('ABILITY_AXIS_COMBAT_Cos', 'KIND_ABILITY');
INSERT INTO TypeTags (Type, Tag)
	VALUES ('ABILITY_AXIS_COMBAT_Cos', 'CLASS_ALL_COMBAT_UNITS'); 
INSERT INTO UnitAbilities (UnitAbilityType, Name ,Description ,Inactive)
	VALUES ('ABILITY_AXIS_COMBAT_Cos', 'LOC_ABILITY_AXIS_COMBAT_Cos','LOC_ABILITY_AXIS_COMBAT_DESCRIPTION_Cos',1);
INSERT INTO UnitAbilityModifiers (UnitAbilityType, ModifierId) VALUES 
    ('ABILITY_AXIS_COMBAT_Cos', 'AXIS_COMBAT_ALLIES_Cos');
INSERT INTO Modifiers (ModifierId, ModifierType, SubjectRequirementSetId) VALUES 	
('AXIS_COMBAT_ALLIES_Cos', 'MODIFIER_SINGLE_UNIT_ADJUST_COMBAT_FOR_NUMBER_ALLIES', NULL);
INSERT INTO ModifierArguments (ModifierId, Name, Value)
VALUES ('AXIS_COMBAT_ALLIES_Cos' , 'Amount' , '4');
--以工代赈：造水渠堤坝运河社区加30%速（选举权，黄）

--基础设施：造军工加速30%，军工+2劳动（城市化，红）

--战备：军营、港口、航空港及建筑加速30%，取代经验（动员，红）
-- INSERT INTO Types (Type, Kind) VALUES
-- ('POLICY_COMBAT_READINESS_Cos', 'KIND_POLICY');	
-- INSERT INTO Policies (PolicyType, Description, PrereqCivic, Name, GovernmentSlotType) VALUES
-- ('POLICY_COMBAT_READINESS_Cos', 'LOC_POLICY_COMBAT_READINESS_DESCRIPTION_Cos', 'CIVIC_MOBILIZATION', 'LOC_POLICY_COMBAT_READINESS_NAME_Cos', 'SLOT_MILITARY');
-- UPDATE ObsoletePolicies SET ObsoletePolicy='POLICY_COMBAT_READINESS_Cos' WHERE PolicyType='POLICY_VETERANCY';
-- INSERT INTO PolicyModifiers (PolicyType, ModifierId) VALUES
-- ('POLICY_COMBAT_READINESS_Cos', 'VETERANCY_ENCAMPMENT_PRODUCTION'),
-- ('POLICY_COMBAT_READINESS_Cos', 'VETERANCY_ENCAMPMENT_BUILDINGS_PRODUCTION'),
-- ('POLICY_COMBAT_READINESS_Cos', 'VETERANCY_HARBOR_PRODUCTION'),
-- ('POLICY_COMBAT_READINESS_Cos', 'VETERANCY_HARBOR_BUILDINGS_PRODUCTION'),
-- ('POLICY_COMBAT_READINESS_Cos', 'COMBAT_READINESS_AERODROME_PRODUCTION_Cos'),
-- ('POLICY_COMBAT_READINESS_Cos', 'COMBAT_READINESS_AERODROME_PRODUCTION_Cos');
-- INSERT INTO Modifiers (ModifierId , ModifierType) VALUES
-- ('COMBAT_READINESS_AERODROME_PRODUCTION_Cos', 'MODIFIER_PLAYER_CITIES_ADJUST_DISTRICT_PRODUCTION');
-- INSERT INTO ModifierArguments (ModifierId , Name , Value) VALUES
-- ('COMBAT_READINESS_AERODROME_PRODUCTION_Cos', 'DistrictType', 'DISTRICT_AERODROME'),
-- ('COMBAT_READINESS_AERODROME_PRODUCTION_Cos', 'Amount', '30');
-- INSERT INTO Modifiers (ModifierId , ModifierType) VALUES
-- ('COMBAT_READINESS_AERODROME_BUILDINGS_PRODUCTION_Cos', 'MODIFIER_PLAYER_CITIES_ADJUST_BUILDING_PRODUCTION');
-- INSERT INTO ModifierArguments (ModifierId , Name , Value) VALUES
-- ('COMBAT_READINESS_AERODROME_BUILDINGS_PRODUCTION_Cos', 'DistrictType', 'DISTRICT_AERODROME'),
-- ('COMBAT_READINESS_AERODROME_BUILDINGS_PRODUCTION_Cos', 'Amount', '30');


--一体化空间机构：机场给太空竞赛加速

-- :支援和平民单位+1移动（紧急部署，红）

-- 市中心：城市每有一个区域+1锤，取代城市规划（土木工程，黄）
 
-- 可再生资源：所有改良的资源+1，取代骑士阶级、训练手册、资源管理（全球变暖减缓学，红）

-- ：侦察+50%建造速度（军事传统，红）

-- ：攻城+50%建造速度（雇佣兵，红）

-- ：开放城邦边界

-- ：打蛮族和自由城市+7力，取代纪律（防御战术，红）
